Tenure,WarehouseToHome,NumberOfDeviceRegistered,SatisfactionScore,NumberOfAddress,Complain,DaySinceLastOrder,CashbackAmount,Churn,CashbackAmount_log,DaySinceLastOrder_log,NumberOfDeviceRegistered_log,PreferedOrderCat_Grocery,PreferedOrderCat_Laptop & Accessory,PreferedOrderCat_Mobile,PreferedOrderCat_Others,MaritalStatus_Married,MaritalStatus_Single,DevicesPerAddress,CashbackPerTenure
15.0,29.0,4,3,2,0,7.0,143.32,0,4.972033056314314,2.0794415416798357,1.6094379124341003,False,True,False,False,False,True,1.3333333333333333,8.9575
7.0,25.0,4,1,2,0,7.0,129.29,0,4.86976273521484,2.0794415416798357,1.6094379124341003,False,False,True,False,True,False,1.3333333333333333,16.16125
27.0,13.0,3,1,5,0,7.0,168.54,0,5.13308888718026,2.0794415416798357,1.3862943611198906,False,True,False,False,True,False,0.5,6.019285714285714
20.0,25.0,4,3,7,0,47.0,230.27,0,5.44358585913928,3.8712010109078907,1.6094379124341003,False,False,False,False,False,False,0.5,10.965238095238096
30.0,15.0,4,4,8,0,8.0,322.17,0,5.778178500556554,2.1972245773362196,1.6094379124341003,False,False,False,True,False,True,0.4444444444444444,10.39258064516129
7.0,16.0,4,2,2,0,11.0,152.81,0,5.035718074463719,2.4849066497880004,1.6094379124341003,False,False,True,False,False,False,1.3333333333333333,19.10125
1.0,15.0,6,5,3,0,2.0,149.51,0,5.014029527164271,1.0986122886681096,1.9459101490553132,False,False,True,False,False,False,1.5,74.755
1.0,11.0,4,5,3,0,1.0,154.73,1,5.048123738507247,0.6931471805599453,1.6094379124341003,False,False,True,False,False,True,1.0,77.365
11.0,12.0,4,3,2,0,4.0,137.02,0,4.927398602192456,1.6094379124341003,1.6094379124341003,False,False,True,False,True,False,1.3333333333333333,11.418333333333335
17.0,7.0,3,1,5,1,2.0,157.43,0,5.065312855386951,1.0986122886681096,1.3862943611198906,False,True,False,False,True,False,0.5,8.746111111111112
6.0,26.0,6,3,5,0,47.0,221.1,0,5.403127730900382,3.8712010109078907,1.9459101490553132,False,False,False,False,True,False,1.0,31.585714285714285
16.0,20.0,2,5,7,0,1.0,180.38,0,5.200594278019421,0.6931471805599453,1.0986122886681096,False,True,False,False,True,False,0.25,10.610588235294117
1.0,7.0,4,3,5,0,3.0,154.09,1,5.044005593571361,1.3862943611198906,1.6094379124341003,False,False,True,False,False,False,0.6666666666666666,77.045
1.0,7.0,5,3,7,0,47.0,231.09,1,5.447125227475003,3.8712010109078907,1.791759469228055,False,False,False,False,False,False,0.625,115.545
6.0,14.0,3,5,3,0,2.0,163.92,0,5.105460507838699,1.0986122886681096,1.3862943611198906,False,True,False,False,True,False,0.75,23.417142857142856
10.0,8.0,4,3,8,0,1.0,193.15,0,5.268631056177677,0.6931471805599453,1.6094379124341003,False,True,False,False,False,True,0.4444444444444444,17.55909090909091
9.0,21.0,5,1,1,1,3.0,121.68,0,4.809579339246051,1.3862943611198906,1.791759469228055,False,False,True,False,True,False,2.5,12.168000000000001
8.0,22.0,4,2,3,0,6.0,204.78,1,5.326807636947664,1.9459101490553132,1.6094379124341003,False,False,False,False,False,False,1.0,22.753333333333334
19.0,27.0,4,1,2,1,11.0,259.96,0,5.564367138872703,2.4849066497880004,1.6094379124341003,True,False,False,False,True,False,1.3333333333333333,12.998
0.0,18.0,1,4,2,0,0.0,127.16,1,4.853279483320049,0.0,0.6931471805599453,False,False,True,False,False,True,0.3333333333333333,127.16
1.0,33.0,5,5,7,0,2.0,191.96,1,5.262482913538821,1.0986122886681096,1.791759469228055,False,True,False,False,False,True,0.625,95.98
3.0,22.0,3,3,9,0,2.0,153.01,0,5.037017535370374,1.0986122886681096,1.3862943611198906,False,True,False,False,True,False,0.3,38.2525
30.0,9.0,1,5,5,1,0.0,126.7,0,4.8496837630384935,0.0,0.6931471805599453,False,False,True,False,True,False,0.16666666666666666,4.087096774193548
5.0,14.0,3,1,2,0,7.0,189.98,0,5.2521687105220565,2.0794415416798357,1.3862943611198906,False,False,False,False,False,True,1.0,31.66333333333333
9.0,12.0,4,4,2,0,14.0,205.95,0,5.332477218194741,2.70805020110221,1.6094379124341003,False,False,False,False,False,True,1.3333333333333333,20.595
18.0,26.0,3,3,9,0,1.0,148.5,0,5.0072963928307415,0.6931471805599453,1.3862943611198906,False,True,False,False,False,True,0.3,7.815789473684211
16.0,17.0,3,3,2,0,9.0,175.1,0,5.171052015502161,2.302585092994046,1.3862943611198906,False,False,False,False,True,False,1.0,10.299999999999999
0.0,14.0,1,3,4,1,3.0,124.32,1,4.830870466083991,1.3862943611198906,0.6931471805599453,False,False,True,False,False,True,0.2,124.32
7.0,6.0,4,5,10,0,6.0,204.82,1,5.327002000407946,1.9459101490553132,1.6094379124341003,False,False,False,False,True,False,0.36363636363636365,25.6025
1.0,17.0,5,5,11,0,47.0,228.06,1,5.43398397796957,3.8712010109078907,1.791759469228055,False,False,False,False,True,False,0.4166666666666667,114.03
12.0,6.0,1,1,1,0,7.0,196.13,0,5.2838634095778865,2.0794415416798357,0.6931471805599453,False,False,False,False,True,False,0.5,15.086923076923076
30.0,11.0,4,4,3,1,4.0,205.52,0,5.330397260011448,1.6094379124341003,1.6094379124341003,False,False,False,False,True,False,1.0,6.629677419354839
11.0,17.0,2,1,3,1,9.0,262.44,0,5.573825638068109,2.302585092994046,1.0986122886681096,False,False,False,False,True,False,0.5,21.87
0.0,14.0,4,4,6,0,1.0,125.46,1,4.839926052630467,0.6931471805599453,1.6094379124341003,False,False,True,False,False,False,0.5714285714285714,125.46
0.0,14.0,4,1,6,0,3.0,123.67,1,4.825670246356884,1.3862943611198906,1.6094379124341003,False,False,True,False,True,False,0.5714285714285714,123.67
0.0,14.0,3,5,4,0,0.0,123.22,0,4.822054187131157,0.0,1.3862943611198906,False,False,True,False,True,False,0.6,123.22
24.0,31.0,4,3,5,1,6.0,264.73,0,5.5824807556881915,1.9459101490553132,1.6094379124341003,True,False,False,False,True,False,0.6666666666666666,10.5892
9.0,6.0,4,5,2,0,2.0,122.18,0,4.813646700258897,1.0986122886681096,1.6094379124341003,False,False,True,False,True,False,1.3333333333333333,12.218
0.0,9.0,3,5,2,1,3.0,141.94,0,4.962424961791832,1.3862943611198906,1.3862943611198906,False,True,False,False,False,False,1.0,141.94
1.0,7.0,4,1,11,1,3.0,172.87,1,5.158307893539698,1.3862943611198906,1.6094379124341003,False,False,True,False,True,False,0.3333333333333333,86.435
4.0,18.0,3,1,9,1,2.0,139.29,0,4.943711708730681,1.0986122886681096,1.3862943611198906,False,False,True,False,True,False,0.3,27.857999999999997
18.0,7.0,4,3,4,0,4.0,207.48,0,5.339843113376535,1.6094379124341003,1.6094379124341003,False,False,False,False,True,False,0.8,10.92
15.0,7.0,2,5,3,0,8.0,208.92,0,5.346726505755724,2.1972245773362196,1.0986122886681096,False,False,False,False,True,False,0.5,13.0575
17.0,21.0,4,5,8,0,1.0,296.59,0,5.6957167002438345,0.6931471805599453,1.6094379124341003,True,False,False,False,True,False,0.4444444444444444,16.47722222222222
9.0,7.0,4,3,2,0,0.0,120.08,0,4.7964514841535175,0.0,1.6094379124341003,False,False,True,False,True,False,1.3333333333333333,12.008
4.0,15.0,4,3,7,0,8.0,197.64,0,5.2914941411999115,2.1972245773362196,1.6094379124341003,False,False,False,False,True,False,0.5,39.528
5.0,9.0,4,1,2,1,3.0,151.95,0,5.030111070596912,1.3862943611198906,1.6094379124341003,False,False,True,False,True,False,1.3333333333333333,25.325
11.0,17.0,2,1,5,0,1.0,171.8,0,5.152134856369956,0.6931471805599453,1.0986122886681096,False,False,True,False,False,True,0.3333333333333333,14.316666666666668
24.0,6.0,4,5,4,0,8.0,174.84,0,5.169574490655311,2.1972245773362196,1.6094379124341003,False,False,False,False,False,True,0.8,6.9936
0.0,6.0,3,3,2,0,7.0,152.96,0,5.036692828415545,2.0794415416798357,1.3862943611198906,False,True,False,False,False,False,1.0,152.96
3.0,6.0,3,1,2,0,7.0,140.11,0,4.949539728069669,2.0794415416798357,1.3862943611198906,False,True,False,False,False,True,1.0,35.0275
61.0,28.0,4,1,6,1,1.0,303.75,0,5.719491768361381,0.6931471805599453,1.6094379124341003,True,False,False,False,True,False,0.5714285714285714,4.899193548387097
16.0,9.0,4,1,4,1,47.0,226.24,0,5.426006727688926,3.8712010109078907,1.6094379124341003,False,False,False,False,True,False,0.8,13.308235294117647
25.0,10.0,3,2,3,0,4.0,265.55,0,5.58556184326877,1.6094379124341003,1.3862943611198906,True,False,False,False,False,False,0.75,10.213461538461539
9.0,22.0,4,5,5,0,2.0,156.47,0,5.059234963932318,1.0986122886681096,1.6094379124341003,False,True,False,False,True,False,0.6666666666666666,15.647
8.0,8.0,4,1,11,0,2.0,179.84,0,5.197612662426405,1.0986122886681096,1.6094379124341003,False,True,False,False,True,False,0.3333333333333333,19.982222222222223
8.0,33.0,5,3,3,0,1.0,145.29,0,4.985590952989995,0.6931471805599453,1.791759469228055,False,False,True,False,True,False,1.25,16.14333333333333
0.0,14.0,4,4,2,0,3.0,123.68,0,4.825750454899136,1.3862943611198906,1.6094379124341003,False,False,True,False,True,False,1.3333333333333333,123.68
17.0,19.0,5,4,3,0,10.0,268.36,0,5.596048774852819,2.3978952727983707,1.791759469228055,True,False,False,False,True,False,1.25,14.908888888888889
8.0,26.0,5,1,3,0,8.0,154.29,0,5.045294336581097,2.1972245773362196,1.791759469228055,False,False,True,False,True,False,1.25,17.14333333333333
3.0,14.0,3,1,1,0,7.0,125.64,0,4.841348415572757,2.0794415416798357,1.3862943611198906,False,False,True,False,False,True,1.5,31.41
0.0,8.0,3,3,2,1,4.0,144.78,0,4.982098635954067,1.6094379124341003,1.3862943611198906,False,True,False,False,False,True,1.0,144.78
4.0,32.0,3,3,2,0,3.0,129.11,0,4.868380246515384,1.3862943611198906,1.3862943611198906,False,False,True,False,True,False,1.0,25.822000000000003
1.0,10.0,4,5,7,0,3.0,165.31,1,5.113853516682049,1.3862943611198906,1.6094379124341003,False,False,True,False,True,False,0.5,82.655
1.0,16.0,4,1,3,0,1.0,135.81,1,4.918593101932022,0.6931471805599453,1.6094379124341003,False,False,True,False,False,True,1.0,67.905
1.0,31.0,6,1,3,1,1.0,148.4,1,5.006627272698717,0.6931471805599453,1.9459101490553132,False,False,True,False,False,True,1.5,74.2
0.0,16.0,3,2,1,0,1.0,149.5,0,5.01396308418893,0.6931471805599453,1.3862943611198906,False,True,False,False,False,True,1.5,149.5
1.0,16.0,3,3,4,0,7.0,136.6,0,4.924350925499243,2.0794415416798357,1.3862943611198906,False,True,False,False,False,True,0.6,68.3
13.0,21.0,4,3,2,0,12.0,204.35,0,5.324715840402567,2.5649493574615367,1.6094379124341003,False,False,False,False,True,False,1.3333333333333333,14.596428571428572
5.0,12.0,4,3,3,0,3.0,208.46,0,5.344532790344999,1.3862943611198906,1.6094379124341003,False,True,False,False,True,False,1.0,34.74333333333333
1.0,11.0,4,5,3,0,1.0,154.73,1,5.048123738507247,0.6931471805599453,1.6094379124341003,False,False,True,False,False,True,1.0,77.365
0.0,14.0,3,3,2,0,3.0,125.17,0,4.83763020393965,1.3862943611198906,1.3862943611198906,False,False,True,False,True,False,1.0,125.17
15.0,13.0,4,3,3,0,47.0,217.41,0,5.386374030368319,3.8712010109078907,1.6094379124341003,False,False,False,False,False,True,1.0,13.588125
24.0,14.0,4,4,6,0,47.0,224.9,0,5.420092423473958,3.8712010109078907,1.6094379124341003,False,False,False,False,False,False,0.5714285714285714,8.996
8.0,16.0,5,4,3,0,47.0,211.21,0,5.357576350422958,3.8712010109078907,1.791759469228055,False,False,False,False,False,True,1.25,23.46777777777778
14.0,14.0,3,4,6,0,4.0,143.93,0,4.976250867234425,1.6094379124341003,1.3862943611198906,False,True,False,False,True,False,0.42857142857142855,9.595333333333334
5.0,15.0,5,1,1,0,7.0,146.68,0,4.995047770754542,2.0794415416798357,1.791759469228055,False,True,False,False,True,False,2.5,24.44666666666667
9.0,11.0,4,3,3,1,2.0,167.49,0,5.126876400850294,1.0986122886681096,1.6094379124341003,False,True,False,False,False,True,1.0,16.749000000000002
1.0,31.0,4,2,2,0,2.0,149.0,0,5.0106352940962555,1.0986122886681096,1.6094379124341003,False,False,True,False,False,False,1.3333333333333333,74.5
0.0,6.0,3,4,1,1,4.0,163.49,0,5.1028497780840665,1.6094379124341003,1.3862943611198906,False,True,False,False,False,False,1.5,163.49
7.0,8.0,3,5,1,1,2.0,145.38,0,4.986205980173081,1.0986122886681096,1.3862943611198906,False,True,False,False,False,True,1.5,18.1725
6.0,12.0,4,4,3,0,4.0,190.24,0,5.253529183757903,1.6094379124341003,1.6094379124341003,False,True,False,False,True,False,1.0,27.177142857142858
1.0,10.0,4,1,3,1,1.0,140.69,1,4.953641572576135,0.6931471805599453,1.6094379124341003,False,False,True,False,False,True,1.0,70.345
9.0,18.0,4,2,1,0,8.0,188.58,0,5.244811099024895,2.1972245773362196,1.6094379124341003,False,False,False,False,False,True,2.0,18.858
8.0,11.0,4,1,4,1,47.0,222.13,0,5.407754561246412,3.8712010109078907,1.6094379124341003,False,False,False,False,True,False,0.8,24.68111111111111
9.0,6.0,3,1,4,0,2.0,122.7,0,4.8178592793984425,1.0986122886681096,1.3862943611198906,False,False,True,False,True,False,0.6,12.27
11.0,22.0,3,4,3,0,2.0,141.98,0,4.962704760338705,1.0986122886681096,1.3862943611198906,False,True,False,False,False,True,0.75,11.831666666666665
4.0,10.0,4,1,6,0,5.0,145.97,0,4.990228484318593,1.791759469228055,1.6094379124341003,False,False,True,False,True,False,0.5714285714285714,29.194
25.0,10.0,4,4,5,0,1.0,262.34,0,5.573445972928197,0.6931471805599453,1.6094379124341003,True,False,False,False,False,True,0.6666666666666666,10.09
2.0,19.0,4,4,5,1,3.0,140.25,0,4.9505313700265505,1.3862943611198906,1.6094379124341003,False,True,False,False,True,False,0.6666666666666666,46.75
30.0,6.0,3,2,4,1,47.0,219.04,0,5.393809348007258,3.8712010109078907,1.3862943611198906,False,False,False,False,False,False,0.6,7.065806451612903
18.0,10.0,5,3,5,0,3.0,197.56,0,5.291091321456297,1.3862943611198906,1.791759469228055,False,False,False,False,True,False,0.8333333333333334,10.397894736842105
19.0,32.0,4,4,9,0,2.0,179.91,0,5.19799967003317,1.0986122886681096,1.6094379124341003,False,True,False,False,False,True,0.4,8.9955
9.0,15.0,3,1,4,0,3.0,120.75,0,4.801969761962699,1.3862943611198906,1.3862943611198906,False,False,True,False,True,False,0.6,12.075
8.0,23.0,3,5,4,1,7.0,189.66,0,5.250491737065432,2.0794415416798357,1.3862943611198906,False,True,False,False,True,False,0.6,21.073333333333334
0.0,30.0,1,5,2,0,0.0,110.91,1,4.717694976829936,0.0,0.6931471805599453,False,False,True,False,False,True,0.3333333333333333,110.91
8.0,32.0,3,1,2,1,7.0,188.37,0,5.243702773274814,2.0794415416798357,1.3862943611198906,False,False,False,False,False,True,1.0,20.93
4.0,15.0,2,5,2,1,8.0,239.16000000000005,0,5.481305367885152,2.1972245773362196,1.0986122886681096,False,False,False,False,True,False,0.6666666666666666,47.83200000000001
0.0,35.0,4,3,2,0,8.0,145.08,1,4.984154416846659,2.1972245773362196,1.6094379124341003,False,True,False,False,False,True,1.3333333333333333,145.08
2.0,23.0,4,5,2,0,9.0,179.88,0,5.197833827969714,2.302585092994046,1.6094379124341003,False,False,False,False,False,True,1.3333333333333333,59.96
4.0,8.0,5,1,5,1,0.0,127.78,1,4.858105522110037,0.0,1.791759469228055,False,False,True,False,True,False,0.8333333333333334,25.556
19.0,21.0,3,4,6,0,3.0,290.81,0,5.676102905549459,1.3862943611198906,1.3862943611198906,False,False,False,True,True,False,0.42857142857142855,14.5405
19.0,14.0,3,3,9,0,8.0,123.39,1,4.8234217912218735,2.1972245773362196,1.3862943611198906,False,False,True,False,True,False,0.3,6.1695
14.0,7.0,6,1,4,1,3.0,199.57,0,5.301163312997955,1.3862943611198906,1.9459101490553132,False,True,False,False,True,False,1.2,13.304666666666666
15.0,9.0,4,5,9,0,9.0,290.95,0,5.6765825547295465,2.302585092994046,1.6094379124341003,True,False,False,False,False,False,0.4,18.184375
5.0,11.0,3,4,2,0,3.0,165.24,0,5.113432527350917,1.3862943611198906,1.3862943611198906,False,True,False,False,True,False,1.0,27.540000000000003
1.0,14.0,2,5,2,0,8.0,160.78,0,5.086237387589806,2.1972245773362196,1.0986122886681096,False,False,True,False,False,True,0.6666666666666666,80.39
8.0,14.0,3,3,2,0,0.0,124.04,0,4.828633686113221,0.0,1.3862943611198906,False,False,True,False,True,False,1.0,13.782222222222224
21.0,11.0,4,3,5,0,1.0,154.76,0,5.048316361063944,0.6931471805599453,1.6094379124341003,False,True,False,False,False,True,0.6666666666666666,7.034545454545454
1.0,7.0,5,3,8,1,3.0,153.0,1,5.0369526024136295,1.3862943611198906,1.791759469228055,False,False,True,False,True,False,0.5555555555555556,76.5
24.0,12.0,4,3,1,0,7.0,128.38,0,4.862753810615839,2.0794415416798357,1.6094379124341003,False,False,True,False,False,True,2.0,5.1352
14.0,16.0,3,1,8,0,10.0,162.3,0,5.095588999976419,2.3978952727983707,1.3862943611198906,False,True,False,False,False,True,0.3333333333333333,10.82
13.0,14.0,3,1,9,0,0.0,124.06,0,4.828793622139152,0.0,1.3862943611198906,False,False,True,False,True,False,0.3,8.861428571428572
0.0,10.0,3,3,2,1,3.0,141.62,0,4.960183750600158,1.3862943611198906,1.3862943611198906,False,True,False,False,False,False,1.0,141.62
21.0,10.0,4,3,11,1,14.0,262.7,0,5.574812093359241,2.70805020110221,1.6094379124341003,True,False,False,False,True,False,0.3333333333333333,11.94090909090909
29.0,9.0,5,1,10,0,5.0,151.62,0,5.0279511718614875,1.791759469228055,1.791759469228055,False,False,True,False,True,False,0.45454545454545453,5.054
7.0,14.0,3,5,4,0,0.0,151.21,0,5.025261146291576,0.0,1.3862943611198906,False,True,False,False,True,False,0.6,18.90125
14.0,15.0,4,5,4,1,1.0,190.16,0,5.253110773709958,0.6931471805599453,1.6094379124341003,False,True,False,False,True,False,0.8,12.677333333333333
5.0,9.0,6,1,6,1,1.0,152.78,1,5.035523009604034,0.6931471805599453,1.9459101490553132,False,False,True,False,True,False,0.8571428571428571,25.463333333333335
5.0,14.0,5,3,5,0,3.0,148.29,0,5.005890723065499,1.3862943611198906,1.791759469228055,False,False,True,False,True,False,0.8333333333333334,24.715
2.0,15.0,5,2,3,0,5.0,174.36,0,5.166841003759651,1.791759469228055,1.791759469228055,False,False,True,False,True,False,1.25,58.120000000000005
3.0,7.0,6,2,3,0,9.0,152.2,0,5.0317442573064906,2.302585092994046,1.9459101490553132,False,False,True,False,True,False,1.5,38.05
0.0,12.0,3,1,2,1,2.0,56.0,0,4.04305126783455,1.0986122886681096,1.3862943611198906,False,False,True,False,True,False,1.0,56.0
11.0,20.0,3,4,1,0,7.0,199.24,0,5.299516647123519,2.0794415416798357,1.3862943611198906,False,True,False,False,True,False,1.5,16.603333333333335
6.0,6.0,1,3,5,0,5.0,261.84,0,5.571545482029667,1.791759469228055,0.6931471805599453,True,False,False,False,True,False,0.16666666666666666,37.40571428571428
2.0,15.0,5,1,3,0,5.0,174.36,0,5.166841003759651,1.791759469228055,1.791759469228055,False,False,True,False,True,False,1.25,58.120000000000005
1.0,9.0,4,4,6,0,3.0,146.87,0,4.996333509385396,1.3862943611198906,1.6094379124341003,False,False,True,False,True,False,0.5714285714285714,73.435
14.0,15.0,3,3,4,1,7.0,181.89,0,5.208884879216484,2.0794415416798357,1.3862943611198906,False,False,False,False,True,False,0.6,12.126
1.0,10.0,4,1,3,1,1.0,140.69,1,4.953641572576135,0.6931471805599453,1.6094379124341003,False,False,True,False,False,True,1.0,70.345
3.0,11.0,4,2,10,0,3.0,137.61,0,4.931664234225262,1.3862943611198906,1.6094379124341003,False,False,True,False,True,False,0.36363636363636365,34.4025
26.0,9.0,5,2,9,0,3.0,157.12,0,5.063354238428484,1.3862943611198906,1.791759469228055,False,False,True,False,False,True,0.5,5.819259259259259
1.0,20.0,5,5,7,1,3.0,186.34,1,5.232925147780985,1.3862943611198906,1.791759469228055,False,True,False,False,True,False,0.625,93.17
5.0,16.0,3,1,9,0,0.0,146.48,0,4.993692573365943,0.0,1.3862943611198906,False,True,False,False,False,True,0.3,24.41333333333333
13.0,14.0,3,5,3,1,0.0,165.16,0,5.112951179567856,0.0,1.3862943611198906,False,True,False,False,True,False,0.75,11.797142857142857
4.0,8.0,3,2,5,1,5.0,165.82,0,5.116915386813465,1.791759469228055,1.3862943611198906,False,True,False,False,False,True,0.5,33.164
0.0,14.0,3,2,1,0,1.0,124.0,0,4.8283137373023015,0.6931471805599453,1.3862943611198906,False,False,True,False,False,False,1.5,124.0
1.0,32.0,5,4,6,1,3.0,148.13,1,5.004818408774691,1.3862943611198906,1.791759469228055,False,False,True,False,False,True,0.7142857142857143,74.065
30.0,11.0,4,5,6,0,3.0,324.43,0,5.785147384757806,1.3862943611198906,1.6094379124341003,False,False,False,True,True,False,0.5714285714285714,10.465483870967741
0.0,26.0,5,3,4,1,2.0,145.59,1,4.98763957430194,1.0986122886681096,1.791759469228055,False,True,False,False,False,False,1.0,145.59
9.0,8.0,4,3,7,1,0.0,120.9,1,4.803201036487226,0.0,1.6094379124341003,False,False,True,False,False,True,0.5,12.09
17.0,11.0,5,2,5,0,47.0,227.31,0,5.430704354591362,3.8712010109078907,1.791759469228055,False,False,False,False,False,True,0.8333333333333334,12.628333333333334
26.0,15.0,4,5,11,0,5.0,154.5,0,5.0466457316192885,1.791759469228055,1.6094379124341003,False,False,True,False,False,False,0.3333333333333333,5.722222222222222
5.0,25.0,1,3,7,1,2.0,127.59,1,4.856629048282348,1.0986122886681096,0.6931471805599453,False,False,True,False,True,False,0.125,21.265
0.0,14.0,4,3,2,0,2.0,125.39,0,4.8393723646590345,1.0986122886681096,1.6094379124341003,False,False,True,False,False,False,1.3333333333333333,125.39
19.0,6.0,3,5,2,0,7.0,204.53,0,5.325592008682918,2.0794415416798357,1.3862943611198906,False,False,False,False,True,False,1.0,10.2265
8.0,14.0,4,5,2,0,2.0,124.5,0,4.832305758571839,1.0986122886681096,1.6094379124341003,False,False,True,False,False,True,1.3333333333333333,13.833333333333334
9.0,12.0,3,3,3,1,5.0,123.06,0,4.820765319544972,1.791759469228055,1.3862943611198906,False,True,False,False,True,False,0.75,12.306000000000001
9.0,9.0,3,1,2,0,0.0,117.06,0,4.771192969812543,0.0,1.3862943611198906,False,False,True,False,True,False,1.0,11.706
1.0,20.0,5,5,6,1,1.0,148.35,1,5.006292544662119,0.6931471805599453,1.791759469228055,False,False,True,False,True,False,0.7142857142857143,74.175
9.0,13.0,3,2,3,0,1.0,146.78,0,4.995724681360501,0.6931471805599453,1.3862943611198906,False,False,True,False,False,True,0.75,14.678
1.0,10.0,4,3,3,0,8.0,165.84,1,5.117035269328745,2.1972245773362196,1.6094379124341003,False,False,True,False,False,True,1.0,82.92
8.0,11.0,4,3,11,0,3.0,190.38,0,5.254260980351117,1.3862943611198906,1.6094379124341003,False,True,False,False,False,False,0.3333333333333333,21.153333333333332
26.0,7.0,4,3,5,1,47.0,229.65,0,5.440901410003829,3.8712010109078907,1.6094379124341003,True,False,False,False,True,False,0.6666666666666666,8.505555555555556
2.0,16.0,4,3,7,0,3.0,148.77,0,5.009100784004304,1.3862943611198906,1.6094379124341003,False,False,True,False,True,False,0.5,49.59
9.0,22.0,3,3,2,0,4.0,121.44,0,4.807621114077212,1.6094379124341003,1.3862943611198906,False,False,True,False,False,True,1.0,12.144
4.0,14.0,4,3,3,0,10.0,159.91,0,5.080845202471059,2.3978952727983707,1.6094379124341003,False,True,False,False,True,False,1.0,31.982
16.0,30.0,4,2,4,0,1.0,284.92,0,5.655712051411118,0.6931471805599453,1.6094379124341003,True,False,False,False,False,True,0.8,16.76
1.0,12.0,4,4,3,1,3.0,149.78,0,5.015821820783556,1.3862943611198906,1.6094379124341003,False,False,True,False,False,True,1.0,74.89
9.0,23.0,4,3,6,1,1.0,201.32,0,5.30985060236171,0.6931471805599453,1.6094379124341003,False,False,False,False,True,False,0.5714285714285714,20.131999999999998
2.0,26.0,3,1,2,0,10.0,138.12,0,4.935336870046028,2.3978952727983707,1.3862943611198906,False,False,True,False,True,False,1.0,46.04
10.0,14.0,3,4,3,0,7.0,140.71,0,4.9537827158367795,2.0794415416798357,1.3862943611198906,False,True,False,False,True,False,0.75,12.791818181818183
1.0,14.0,5,3,4,0,1.0,186.32,0,5.232818384315341,0.6931471805599453,1.791759469228055,False,True,False,False,False,False,1.0,93.16
23.0,14.0,3,1,5,0,0.0,123.8,0,4.826712455935327,0.0,1.3862943611198906,False,False,True,False,True,False,0.5,5.158333333333333
21.0,9.0,2,4,8,0,3.0,284.72,0,5.6550123102867715,1.3862943611198906,1.0986122886681096,True,False,False,False,True,False,0.2222222222222222,12.941818181818183
26.0,13.0,4,1,8,1,47.0,209.34,0,5.348725269091882,3.8712010109078907,1.6094379124341003,False,False,False,False,True,False,0.4444444444444444,7.753333333333334
11.0,16.0,3,3,4,0,2.0,160.77,0,5.0861755733416025,1.0986122886681096,1.3862943611198906,False,True,False,False,True,False,0.6,13.3975
31.0,10.0,5,1,7,0,6.0,176.71,0,5.180153008197395,1.9459101490553132,1.791759469228055,False,True,False,False,False,True,0.625,5.5221875
14.0,12.0,5,5,7,1,47.0,229.75,0,5.441334873382962,3.8712010109078907,1.791759469228055,False,False,False,False,False,False,0.625,15.316666666666666
4.0,11.0,3,5,1,0,7.0,199.36,0,5.300115748489416,2.0794415416798357,1.3862943611198906,False,True,False,False,False,True,1.5,39.872
17.0,34.0,3,5,4,0,17.0,263.28,0,5.577009147161685,2.8903717578961645,1.3862943611198906,True,False,False,False,False,False,0.6,14.626666666666665
7.0,10.0,3,3,10,0,2.0,165.38,0,5.114274328855742,1.0986122886681096,1.3862943611198906,False,True,False,False,True,False,0.2727272727272727,20.6725
20.0,8.0,3,4,8,1,8.0,292.46,1,5.681741343779321,2.1972245773362196,1.3862943611198906,False,False,False,True,False,True,0.3333333333333333,13.926666666666666
8.0,29.0,5,1,3,1,12.0,182.47,0,5.212051166390628,2.5649493574615367,1.791759469228055,False,True,False,False,True,False,1.25,20.274444444444445
1.0,16.0,6,4,3,0,3.0,152.6,1,5.034351820713572,1.3862943611198906,1.9459101490553132,False,False,True,False,False,True,1.5,76.3
17.0,31.0,4,5,8,1,47.0,229.48,1,5.440164090776273,3.8712010109078907,1.6094379124341003,False,False,False,False,False,True,0.4444444444444444,12.748888888888889
27.0,13.0,4,3,4,1,6.0,148.06,0,5.004348909453547,1.9459101490553132,1.6094379124341003,False,True,False,False,False,False,0.8,5.287857142857143
16.0,7.0,5,2,11,1,3.0,185.62,0,5.229074463805876,1.3862943611198906,1.791759469228055,False,True,False,False,False,False,0.4166666666666667,10.918823529411766
16.0,9.0,4,1,3,0,3.0,165.89,0,5.117334912755312,1.3862943611198906,1.6094379124341003,False,True,False,False,True,False,1.0,9.758235294117647
9.0,13.0,3,3,2,0,0.0,112.74,0,4.733915141878653,0.0,1.3862943611198906,False,False,True,False,True,False,1.0,11.274
10.0,33.0,4,3,8,0,3.0,178.47,0,5.190008063041185,1.3862943611198906,1.6094379124341003,False,True,False,False,True,False,0.4444444444444444,16.224545454545453
10.0,30.0,2,1,6,0,4.0,150.71,0,5.021970803760001,1.6094379124341003,1.0986122886681096,False,True,False,False,True,False,0.2857142857142857,13.700909090909091
3.0,11.0,3,5,6,0,30.0,132.04,0,4.890649834884672,3.4339872044851463,1.3862943611198906,False,False,True,False,True,False,0.42857142857142855,33.01
0.0,24.0,1,3,3,0,2.0,162.32,0,5.095711466451375,1.0986122886681096,0.6931471805599453,False,True,False,False,False,False,0.25,162.32
12.0,16.0,3,5,3,0,7.0,153.77,0,5.041940143924668,2.0794415416798357,1.3862943611198906,False,True,False,False,True,False,0.75,11.82846153846154
6.0,17.0,4,1,10,0,1.0,171.48,0,5.150281287720632,0.6931471805599453,1.6094379124341003,False,True,False,False,False,True,0.36363636363636365,24.497142857142855
11.0,18.0,4,5,3,0,2.0,162.88,0,5.09913445267867,1.0986122886681096,1.6094379124341003,False,True,False,False,True,False,1.0,13.573333333333332
6.0,7.0,5,4,2,0,3.0,147.69,0,5.001863601709132,1.3862943611198906,1.791759469228055,False,False,True,False,True,False,1.6666666666666667,21.09857142857143
4.0,6.0,3,5,2,0,3.0,141.48,0,4.959201638981406,1.3862943611198906,1.3862943611198906,False,True,False,False,True,False,1.0,28.296
17.0,9.0,4,1,2,0,9.0,160.39,0,5.083823796047731,2.302585092994046,1.6094379124341003,False,False,True,False,False,True,1.3333333333333333,8.910555555555554
7.0,21.0,3,2,2,0,5.0,179.78,1,5.197280822370265,1.791759469228055,1.3862943611198906,False,False,False,False,False,False,1.0,22.4725
8.0,15.0,4,5,7,0,3.0,190.0,0,5.25227342804663,1.3862943611198906,1.6094379124341003,False,True,False,False,True,False,0.5,21.11111111111111
15.0,9.0,5,3,4,1,8.0,193.11,0,5.268425008683,2.1972245773362196,1.791759469228055,False,True,False,False,False,True,1.0,12.069375
31.0,9.0,5,2,5,1,4.0,262.26,0,5.573142136997261,1.6094379124341003,1.791759469228055,True,False,False,False,False,True,0.8333333333333334,8.195625
16.0,14.0,3,4,5,0,0.0,147.65,0,5.001594549444107,0.0,1.3862943611198906,False,True,False,False,True,False,0.5,8.685294117647059
18.0,26.0,3,3,9,0,1.0,148.5,0,5.0072963928307415,0.6931471805599453,1.3862943611198906,False,True,False,False,False,True,0.3,7.815789473684211
3.0,12.0,4,1,5,0,1.0,145.86,1,4.989479752023464,0.6931471805599453,1.6094379124341003,False,True,False,False,True,False,0.6666666666666666,36.465
11.0,7.0,5,5,4,0,3.0,164.2,0,5.107156861086878,1.3862943611198906,1.791759469228055,False,False,True,False,False,False,1.0,13.683333333333332
0.0,5.0,4,3,2,0,2.0,130.33,0,4.877713239597068,1.0986122886681096,1.6094379124341003,False,False,True,False,False,True,1.3333333333333333,130.33
20.0,9.0,4,1,5,0,47.0,210.78,0,5.355548000002308,3.8712010109078907,1.6094379124341003,False,False,False,False,True,False,0.6666666666666666,10.037142857142857
11.0,11.0,4,3,9,1,4.0,154.96,0,5.049599564114397,1.6094379124341003,1.6094379124341003,False,False,True,False,False,False,0.4,12.913333333333334
0.0,22.0,3,5,3,1,0.0,185.64,1,5.229181627713174,0.0,1.3862943611198906,False,False,False,False,False,True,0.75,185.64
10.0,13.0,2,1,5,0,1.0,155.38,0,5.052288942696368,0.6931471805599453,1.0986122886681096,False,False,True,False,True,False,0.3333333333333333,14.125454545454545
1.0,22.0,4,3,3,0,3.0,151.1,1,5.024538199265248,1.3862943611198906,1.6094379124341003,False,False,True,False,True,False,1.0,75.55
9.0,24.0,4,5,5,1,47.0,214.66,0,5.373703093453926,3.8712010109078907,1.6094379124341003,False,True,False,False,True,False,0.6666666666666666,21.466
1.0,6.0,4,1,2,1,7.0,168.34,0,5.131908528214131,2.0794415416798357,1.6094379124341003,False,True,False,False,True,False,1.3333333333333333,84.17
9.0,9.0,4,1,4,0,8.0,182.62,0,5.212868404715554,2.1972245773362196,1.6094379124341003,False,True,False,False,True,False,0.8,18.262
2.0,10.0,4,4,3,0,1.0,153.56,0,5.040582370464207,0.6931471805599453,1.6094379124341003,False,False,True,False,True,False,1.0,51.18666666666667
30.0,15.0,4,5,6,1,3.0,167.57,0,5.127351093792217,1.3862943611198906,1.6094379124341003,False,False,True,False,True,False,0.5714285714285714,5.405483870967742
12.0,23.0,4,4,4,0,3.0,166.98,0,5.123844924697481,1.3862943611198906,1.6094379124341003,False,True,False,False,False,True,0.8,12.844615384615384
8.0,22.0,3,3,5,1,0.0,176.32,0,5.177956009876853,0.0,1.3862943611198906,False,False,False,False,True,False,0.5,19.59111111111111
22.0,26.0,3,5,2,0,11.0,165.67,0,5.116015809554085,2.4849066497880004,1.3862943611198906,False,True,False,False,True,False,1.0,7.203043478260869
8.0,33.0,3,3,3,0,7.0,168.83,0,5.134797936716678,2.0794415416798357,1.3862943611198906,False,True,False,False,True,False,0.75,18.75888888888889
20.0,32.0,3,3,4,0,0.0,296.58,0,5.695683096399551,0.0,1.3862943611198906,False,False,False,True,True,False,0.6,14.122857142857143
9.0,9.0,4,3,2,0,0.0,112.81,0,4.734530391293799,0.0,1.6094379124341003,False,False,True,False,False,False,1.3333333333333333,11.281
20.0,20.0,3,4,9,0,7.0,154.67,0,5.047738382047758,2.0794415416798357,1.3862943611198906,False,True,False,False,True,False,0.3,7.3652380952380945
0.0,10.0,3,2,2,1,2.0,128.75,0,4.865609522045998,1.0986122886681096,1.3862943611198906,False,False,True,False,False,True,1.0,128.75
28.0,24.0,4,3,10,0,9.0,232.39,0,5.45271087403313,2.302585092994046,1.6094379124341003,False,False,False,False,True,False,0.36363636363636365,8.013448275862068
22.0,7.0,2,1,4,0,2.0,293.85,0,5.686466752446513,1.0986122886681096,1.0986122886681096,True,False,False,False,False,True,0.4,12.77608695652174
16.0,21.0,4,3,2,0,11.0,276.03,0,5.6241258035720625,2.4849066497880004,1.6094379124341003,True,False,False,False,True,False,1.3333333333333333,16.23705882352941
7.0,9.0,5,1,6,0,2.0,160.29,0,5.0832039869290915,1.0986122886681096,1.791759469228055,False,True,False,False,False,True,0.7142857142857143,20.03625
1.0,28.0,4,3,3,0,1.0,148.77,1,5.009100784004304,0.6931471805599453,1.6094379124341003,False,False,True,False,True,False,1.0,74.385
9.0,16.0,3,3,2,1,0.0,122.2,0,4.81380905109942,0.0,1.3862943611198906,False,False,True,False,False,False,1.0,12.22
9.0,14.0,4,4,2,1,7.0,121.33,0,4.806722311058825,2.0794415416798357,1.6094379124341003,False,True,False,False,True,False,1.3333333333333333,12.133
4.0,8.0,4,5,4,0,0.0,164.1,0,5.1065513509260825,0.0,1.6094379124341003,False,True,False,False,False,False,0.8,32.82
25.0,13.0,5,3,2,0,8.0,153.38,0,5.039417095521708,2.1972245773362196,1.791759469228055,False,False,True,False,False,True,1.6666666666666667,5.899230769230769
14.0,33.0,4,5,3,0,6.0,208.96,0,5.346917036384099,1.9459101490553132,1.6094379124341003,False,True,False,False,True,False,1.0,13.930666666666667
4.0,9.0,4,4,3,0,1.0,149.76,0,5.015689168398935,0.6931471805599453,1.6094379124341003,False,False,True,False,False,False,1.0,29.951999999999998
18.0,15.0,4,3,2,0,12.0,155.93,0,5.055799846050629,2.5649493574615367,1.6094379124341003,False,True,False,False,False,False,1.3333333333333333,8.206842105263158
10.0,10.0,5,1,6,0,47.0,221.99,0,5.4071269274053115,3.8712010109078907,1.791759469228055,False,False,False,False,True,False,0.7142857142857143,20.180909090909093
18.0,27.0,4,4,3,0,4.0,159.2,0,5.076423034634259,1.6094379124341003,1.6094379124341003,False,False,True,False,False,True,1.0,8.378947368421052
11.0,17.0,4,4,4,1,2.0,166.97,0,5.123785392028911,1.0986122886681096,1.6094379124341003,False,True,False,False,False,True,0.8,13.914166666666667
8.0,18.0,5,4,6,0,9.0,169.9,0,5.141078590121545,2.302585092994046,1.791759469228055,False,True,False,False,True,False,0.7142857142857143,18.87777777777778
22.0,14.0,3,5,5,1,2.0,125.87,0,4.843162940152507,1.0986122886681096,1.3862943611198906,False,False,True,False,True,False,0.5,5.472608695652174
4.0,27.0,4,5,2,0,47.0,224.57,0,5.418630532058045,3.8712010109078907,1.6094379124341003,False,True,False,False,True,False,1.3333333333333333,44.914
0.0,11.0,4,2,2,1,47.0,228.08,0,5.434071287525657,3.8712010109078907,1.6094379124341003,False,False,False,False,True,False,1.3333333333333333,228.08
18.0,35.0,4,5,5,0,18.0,288.28,0,5.667395077203811,2.9444389791664403,1.6094379124341003,True,False,False,False,True,False,0.6666666666666666,15.172631578947367
13.0,11.0,4,3,2,0,9.0,175.42,0,5.172867515830621,2.302585092994046,1.6094379124341003,False,True,False,False,False,True,1.3333333333333333,12.53
31.0,22.0,4,3,4,1,3.0,282.87,0,5.648516386884432,1.3862943611198906,1.6094379124341003,True,False,False,False,True,False,0.8,8.8396875
0.0,17.0,1,3,9,0,2.0,147.07,1,4.997685134920627,1.0986122886681096,0.6931471805599453,False,True,False,False,True,False,0.1,147.07
1.0,25.0,2,5,2,0,1.0,154.56,1,5.047031509287547,0.6931471805599453,1.0986122886681096,False,False,True,False,True,False,0.6666666666666666,77.28
1.0,14.0,4,4,3,1,1.0,149.72,1,5.015423810828053,0.6931471805599453,1.6094379124341003,False,False,True,False,False,True,1.0,74.86
20.0,22.0,4,4,7,0,4.0,315.81,0,5.758302225098651,1.6094379124341003,1.6094379124341003,False,False,False,True,False,False,0.5,15.038571428571428
4.0,11.0,3,1,1,1,3.0,148.21,0,5.00535470965233,1.3862943611198906,1.3862943611198906,False,False,True,False,True,False,1.5,29.642000000000003
1.0,7.0,3,5,2,0,2.0,135.91,0,4.9193237756456645,1.0986122886681096,1.3862943611198906,False,False,True,False,True,False,1.0,67.955
8.0,22.0,4,4,1,1,2.0,147.88,0,5.003140612333995,1.0986122886681096,1.6094379124341003,False,True,False,False,True,False,2.0,16.43111111111111
13.0,15.0,3,3,4,0,7.0,139.75,0,4.9469852670198,2.0794415416798357,1.3862943611198906,False,True,False,False,True,False,0.6,9.982142857142858
1.0,16.0,4,4,3,0,4.0,147.79,0,5.002535915839606,1.6094379124341003,1.6094379124341003,False,False,True,False,False,True,1.0,73.895
25.0,17.0,3,3,9,0,4.0,131.49,0,4.886507170880032,1.6094379124341003,1.3862943611198906,False,True,False,False,False,False,0.3,5.057307692307693
19.0,11.0,6,3,6,0,47.0,222.56,0,5.409679834401498,3.8712010109078907,1.9459101490553132,False,False,False,False,True,False,0.8571428571428571,11.128
24.0,17.0,5,1,8,0,47.0,229.96,0,5.442244535354679,3.8712010109078907,1.791759469228055,False,False,False,False,False,True,0.5555555555555556,9.1984
0.0,22.0,5,5,2,1,7.0,139.19,1,4.942998645380444,2.0794415416798357,1.791759469228055,False,False,True,False,False,True,1.6666666666666667,139.19
15.0,35.0,5,4,2,0,11.0,260.7,0,5.5671988095361,2.4849066497880004,1.791759469228055,True,False,False,False,True,False,1.6666666666666667,16.29375
7.0,16.0,3,3,2,1,7.0,140.01,0,4.948830809849139,2.0794415416798357,1.3862943611198906,False,True,False,False,True,False,1.0,17.50125
19.0,6.0,3,5,2,0,7.0,204.53,0,5.325592008682918,2.0794415416798357,1.3862943611198906,False,False,False,False,True,False,1.0,10.2265
11.0,6.0,4,5,5,0,0.0,128.58,0,4.864298451021812,0.0,1.6094379124341003,False,False,True,False,False,True,0.6666666666666666,10.715000000000002
24.0,7.0,4,3,2,0,14.0,188.47,0,5.2442307006442705,2.70805020110221,1.6094379124341003,False,True,False,False,True,False,1.3333333333333333,7.5388
29.0,21.0,2,4,10,0,16.0,312.22,0,5.746905819038288,2.833213344056216,1.0986122886681096,False,False,False,True,False,True,0.18181818181818182,10.407333333333334
15.0,12.0,3,5,10,0,7.0,233.48,0,5.457370296402637,2.0794415416798357,1.3862943611198906,False,False,False,False,True,False,0.2727272727272727,14.5925
15.0,11.0,4,3,2,1,47.0,229.47,0,5.4401207021224,3.8712010109078907,1.6094379124341003,False,False,False,False,True,False,1.3333333333333333,14.341875
4.0,14.0,3,1,2,0,8.0,144.24,0,4.978387546546135,2.1972245773362196,1.3862943611198906,False,True,False,False,False,True,1.0,28.848000000000003
9.0,12.0,4,3,1,0,3.0,121.87,0,4.81112688587948,1.3862943611198906,1.6094379124341003,False,False,True,False,True,False,2.0,12.187000000000001
0.0,8.0,4,1,8,0,0.0,127.85,1,4.858648937098374,0.0,1.6094379124341003,False,False,True,False,False,True,0.4444444444444444,127.85
7.0,6.0,1,1,3,0,3.0,132.8,0,4.896346147694128,1.3862943611198906,0.6931471805599453,False,False,True,False,False,True,0.25,16.6
2.0,11.0,4,3,3,0,5.0,167.21,0,5.125213198803691,1.791759469228055,1.6094379124341003,False,True,False,False,True,False,1.0,55.73666666666667
9.0,34.0,5,5,3,0,2.0,150.59,0,5.021179507971927,1.0986122886681096,1.791759469228055,False,False,True,False,False,True,1.25,15.059000000000001
4.0,8.0,3,3,1,0,2.0,130.67,0,4.880298792368253,1.0986122886681096,1.3862943611198906,False,False,True,False,True,False,1.5,26.133999999999997
10.0,18.0,5,1,6,0,1.0,191.52,0,5.260200044434908,0.6931471805599453,1.791759469228055,False,True,False,False,True,False,0.7142857142857143,17.41090909090909
9.0,26.0,3,3,5,0,0.0,122.59,0,4.8169696356016445,0.0,1.3862943611198906,False,False,True,False,False,False,0.5,12.259
7.0,32.0,4,3,3,0,2.0,170.39,0,5.14394166140448,1.0986122886681096,1.6094379124341003,False,True,False,False,False,False,1.0,21.29875
1.0,7.0,6,4,9,1,8.0,147.16,1,4.998292770897869,2.1972245773362196,1.9459101490553132,False,False,True,False,False,True,0.6,73.58
0.0,9.0,4,1,2,1,7.0,203.25,1,5.319344733740112,2.0794415416798357,1.6094379124341003,False,False,False,False,True,False,1.3333333333333333,203.25
19.0,11.0,4,4,3,0,9.0,169.47,0,5.138559328162834,2.302585092994046,1.6094379124341003,False,True,False,False,False,False,1.0,8.4735
16.0,32.0,3,1,2,1,12.0,269.59,0,5.600604760138834,2.5649493574615367,1.3862943611198906,True,False,False,False,True,False,1.0,15.858235294117646
4.0,9.0,5,5,2,0,8.0,174.68,0,5.168664158321166,2.1972245773362196,1.791759469228055,False,False,True,False,False,True,1.6666666666666667,34.936
16.0,36.0,4,3,4,0,3.0,170.56,0,5.14493305964868,1.3862943611198906,1.6094379124341003,False,True,False,False,True,False,0.8,10.032941176470588
0.0,12.0,3,5,3,0,3.0,129.6,1,4.8721392168423305,1.3862943611198906,1.3862943611198906,False,False,True,False,False,True,0.75,129.6
31.0,35.0,5,5,6,0,47.0,227.66,0,5.432236184113824,3.8712010109078907,1.791759469228055,False,False,False,False,True,False,0.7142857142857143,7.114375
30.0,13.0,1,1,1,1,9.0,152.2,0,5.0317442573064906,2.302585092994046,0.6931471805599453,False,True,False,False,True,False,0.5,4.909677419354838
15.0,7.0,4,5,2,0,8.0,166.03,0,5.118173437001857,2.1972245773362196,1.6094379124341003,False,True,False,False,True,False,1.3333333333333333,10.376875
6.0,9.0,4,3,6,1,8.0,174.98,0,5.1703703522174145,2.1972245773362196,1.6094379124341003,False,True,False,False,False,True,0.5714285714285714,24.997142857142855
6.0,15.0,4,2,3,0,47.0,214.98,0,5.375185810804614,3.8712010109078907,1.6094379124341003,False,False,False,False,False,True,1.0,30.71142857142857
30.0,13.0,3,5,6,0,10.0,295.66,0,5.692586701895467,2.3978952727983707,1.3862943611198906,False,False,False,True,False,False,0.42857142857142855,9.537419354838711
6.0,13.0,3,3,1,0,47.0,216.91000000000005,0,5.38408213350883,3.8712010109078907,1.3862943611198906,False,False,False,False,False,False,1.5,30.987142857142864
5.0,14.0,5,3,5,0,3.0,148.29,0,5.005890723065499,1.3862943611198906,1.791759469228055,False,False,True,False,False,False,0.8333333333333334,24.715
1.0,27.0,3,2,2,0,2.0,127.13,0,4.853045373521485,1.0986122886681096,1.3862943611198906,False,False,True,False,False,False,1.0,63.565
7.0,9.0,4,1,3,0,5.0,180.05,0,5.19877323621165,1.791759469228055,1.6094379124341003,False,True,False,False,True,False,1.0,22.50625
9.0,28.0,3,3,5,1,1.0,121.32,1,4.8066405616208066,0.6931471805599453,1.3862943611198906,False,False,True,False,True,False,0.5,12.132
1.0,13.0,4,1,3,1,3.0,81.0,0,4.406719247264253,1.3862943611198906,1.6094379124341003,False,False,True,False,True,False,1.0,40.5
2.0,23.0,3,5,2,0,8.0,181.61,0,5.207352731173943,2.1972245773362196,1.3862943611198906,False,True,False,False,False,True,1.0,60.53666666666667
16.0,36.0,4,3,4,0,3.0,170.56,0,5.14493305964868,1.3862943611198906,1.6094379124341003,False,True,False,False,True,False,0.8,10.032941176470588
16.0,19.0,4,4,10,0,5.0,152.66,0,5.034742369439489,1.791759469228055,1.6094379124341003,False,False,True,False,True,False,0.36363636363636365,8.98
19.0,9.0,1,5,3,0,8.0,232.25,0,5.452110839727453,2.1972245773362196,0.6931471805599453,True,False,False,False,True,False,0.25,11.6125
16.0,14.0,2,4,8,1,1.0,148.72,0,5.008766883036229,0.6931471805599453,1.0986122886681096,False,True,False,False,True,False,0.2222222222222222,8.748235294117647
11.0,9.0,3,2,9,1,0.0,168.61,0,5.133501683883748,0.0,1.3862943611198906,False,True,False,False,False,True,0.3,14.050833333333335
10.0,21.0,4,1,2,1,12.0,190.86,0,5.256765939389801,2.5649493574615367,1.6094379124341003,False,True,False,False,True,False,1.3333333333333333,17.35090909090909
15.0,14.0,6,3,3,0,11.0,324.73,0,5.786068817343426,2.4849066497880004,1.9459101490553132,False,False,False,True,True,False,1.5,20.295625
14.0,14.0,4,4,3,0,9.0,323.33,0,5.781761515972789,2.302585092994046,1.6094379124341003,False,False,False,True,False,True,1.0,21.555333333333333
1.0,31.0,2,5,3,0,1.0,135.91,1,4.9193237756456645,0.6931471805599453,1.0986122886681096,False,False,True,False,False,True,0.5,67.955
23.0,8.0,3,3,6,0,3.0,276.39,0,5.625424458204273,1.3862943611198906,1.3862943611198906,True,False,False,False,True,False,0.42857142857142855,11.51625
13.0,32.0,3,4,2,0,13.0,156.05,0,5.056564225984656,2.639057329615259,1.3862943611198906,False,True,False,False,True,False,1.0,11.146428571428572
0.0,6.0,3,4,2,1,4.0,132.02,1,4.890499492856275,1.6094379124341003,1.3862943611198906,False,False,True,False,False,True,1.0,132.02
19.0,13.0,3,3,3,0,0.0,152.58,0,5.034221603902398,0.0,1.3862943611198906,False,True,False,False,True,False,0.75,7.6290000000000004
8.0,14.0,4,1,2,0,2.0,123.76,0,4.826391891739602,1.0986122886681096,1.6094379124341003,False,False,True,False,True,False,1.3333333333333333,13.751111111111111
25.0,14.0,3,5,10,0,4.0,129.5,0,4.871373226762748,1.6094379124341003,1.3862943611198906,False,False,True,False,True,False,0.2727272727272727,4.980769230769231
10.0,17.0,4,2,3,0,47.0,224.8,0,5.419649651715562,3.8712010109078907,1.6094379124341003,False,False,False,False,False,True,1.0,20.436363636363637
1.0,7.0,6,4,8,0,1.0,192.35,1,5.264502018053306,0.6931471805599453,1.9459101490553132,False,True,False,False,False,True,0.6666666666666666,96.175
19.0,14.0,3,3,6,0,3.0,189.34,0,5.248811946644198,1.3862943611198906,1.3862943611198906,False,True,False,False,False,False,0.42857142857142855,9.467
6.0,31.0,3,3,2,0,1.0,145.39,0,4.98627429318332,0.6931471805599453,1.3862943611198906,False,True,False,False,True,False,1.0,20.77
1.0,32.0,4,5,2,0,4.0,147.24,0,4.998832581977104,1.6094379124341003,1.6094379124341003,False,True,False,False,True,False,1.3333333333333333,73.62
16.0,12.0,4,3,6,0,1.0,145.93,0,4.989956282887855,0.6931471805599453,1.6094379124341003,False,False,True,False,True,False,0.5714285714285714,8.584117647058823
9.0,13.0,4,3,2,1,3.0,160.06,0,5.081776966367399,1.3862943611198906,1.6094379124341003,False,False,True,False,False,False,1.3333333333333333,16.006
1.0,26.0,3,2,10,1,5.0,178.04,1,5.187609244563615,1.791759469228055,1.3862943611198906,False,True,False,False,False,True,0.2727272727272727,89.02
7.0,9.0,4,2,2,0,3.0,150.0,0,5.017279836814924,1.3862943611198906,1.6094379124341003,False,False,True,False,False,True,1.3333333333333333,18.75
1.0,25.0,2,3,4,0,3.0,187.32,0,5.238142643511966,1.3862943611198906,1.0986122886681096,False,True,False,False,False,False,0.4,93.66
8.0,17.0,4,3,3,1,1.0,147.2,0,4.998562712861986,0.6931471805599453,1.6094379124341003,False,False,True,False,False,False,1.0,16.355555555555554
9.0,21.0,3,1,2,0,0.0,112.32,0,4.730215674962316,0.0,1.3862943611198906,False,False,True,False,False,True,1.0,11.232
17.0,9.0,5,1,2,0,47.0,226.69,1,5.427985054670073,3.8712010109078907,1.791759469228055,False,False,False,False,True,False,1.6666666666666667,12.59388888888889
9.0,15.0,4,3,2,0,8.0,122.06,0,4.812672041312344,2.1972245773362196,1.6094379124341003,False,False,True,False,False,True,1.3333333333333333,12.206
7.0,12.0,5,1,3,0,3.0,154.11,0,5.04413454263666,1.3862943611198906,1.791759469228055,False,False,True,False,True,False,1.25,19.26375
16.0,16.0,4,1,3,0,9.0,161.73,0,5.092092385672523,2.302585092994046,1.6094379124341003,False,False,True,False,False,True,1.0,9.513529411764706
3.0,16.0,4,3,2,0,4.0,165.78,0,5.116675578658839,1.6094379124341003,1.6094379124341003,False,True,False,False,True,False,1.3333333333333333,41.445
11.0,8.0,3,1,6,1,2.0,139.44,0,4.944780351300231,1.0986122886681096,1.3862943611198906,False,False,True,False,False,True,0.42857142857142855,11.62
11.0,14.0,3,5,4,0,0.0,126.19,0,4.845682031463393,0.0,1.3862943611198906,False,False,True,False,False,True,0.6,10.515833333333333
13.0,11.0,4,5,6,1,12.0,204.75,0,5.326661839557179,2.5649493574615367,1.6094379124341003,False,False,False,False,False,False,0.5714285714285714,14.625
17.0,22.0,5,3,3,0,12.0,301.03,0,5.7105263501895465,2.5649493574615367,1.791759469228055,True,False,False,False,True,False,1.25,16.723888888888887
11.0,12.0,5,1,8,1,9.0,153.29,0,5.0388339484549345,2.302585092994046,1.791759469228055,False,True,False,False,True,False,0.5555555555555556,12.774166666666666
7.0,15.0,4,3,4,1,1.0,188.88,0,5.246392293683117,0.6931471805599453,1.6094379124341003,False,True,False,False,False,True,0.8,23.61
6.0,12.0,5,4,5,0,6.0,183.78,0,5.2191659282425995,1.9459101490553132,1.791759469228055,False,True,False,False,True,False,0.8333333333333334,26.254285714285714
11.0,10.0,3,3,8,0,0.0,133.06,0,4.8982874609298115,0.0,1.3862943611198906,False,False,True,False,True,False,0.3333333333333333,11.088333333333333
15.0,32.0,3,5,4,1,0.0,231.91000000000005,0,5.450652112851317,0.0,1.3862943611198906,False,False,False,False,True,False,0.6,14.494375000000003
13.0,35.0,5,5,5,0,4.0,167.84,1,5.128951520914298,1.6094379124341003,1.791759469228055,False,True,False,False,False,True,0.8333333333333334,11.98857142857143
6.0,12.0,4,4,4,0,8.0,152.18,0,5.031613700481447,2.1972245773362196,1.6094379124341003,False,False,True,False,False,True,0.8,21.740000000000002
7.0,8.0,3,1,2,0,4.0,162.74,0,5.098279803948302,1.6094379124341003,1.3862943611198906,False,True,False,False,False,True,1.0,20.3425
0.0,13.0,5,3,2,1,6.0,160.74,1,5.085990107667676,1.9459101490553132,1.791759469228055,False,True,False,False,False,True,1.6666666666666667,160.74
16.0,9.0,5,2,5,0,1.0,192.81,0,5.2668782977126565,0.6931471805599453,1.791759469228055,False,True,False,False,False,True,0.8333333333333334,11.341764705882353
5.0,17.0,4,1,4,1,5.0,190.83,0,5.256609563148246,1.791759469228055,1.6094379124341003,False,True,False,False,True,False,0.8,31.805000000000003
19.0,8.0,3,1,5,1,3.0,203.68,0,5.321447783936891,1.3862943611198906,1.3862943611198906,False,False,False,False,True,False,0.5,10.184000000000001
9.0,22.0,3,3,2,0,4.0,121.44,0,4.807621114077212,1.6094379124341003,1.3862943611198906,False,False,True,False,False,True,1.0,12.144
0.0,13.0,4,5,9,0,7.0,168.11,0,5.130549390761593,2.0794415416798357,1.6094379124341003,False,True,False,False,False,True,0.4,168.11
20.0,31.0,4,1,3,0,1.0,150.87,1,5.023024891742178,0.6931471805599453,1.6094379124341003,False,False,True,False,False,True,1.0,7.184285714285714
8.0,7.0,4,4,3,0,4.0,168.25,0,5.131376911792384,1.6094379124341003,1.6094379124341003,False,True,False,False,True,False,1.0,18.694444444444443
12.0,8.0,4,1,9,0,4.0,152.04,0,5.030699325131997,1.6094379124341003,1.6094379124341003,False,True,False,False,True,False,0.4,11.695384615384615
1.0,8.0,4,3,3,0,2.0,137.23,0,4.928918964476265,1.0986122886681096,1.6094379124341003,False,False,True,False,True,False,1.0,68.615
4.0,13.0,3,5,3,0,2.0,196.37,0,5.285080139766016,1.0986122886681096,1.3862943611198906,False,False,False,False,True,False,0.75,39.274
9.0,7.0,5,5,3,0,3.0,149.5,0,5.01396308418893,1.3862943611198906,1.791759469228055,False,False,True,False,False,True,1.25,14.95
12.0,16.0,5,4,2,0,3.0,153.99,0,5.04336059870896,1.3862943611198906,1.791759469228055,False,False,True,False,False,False,1.6666666666666667,11.845384615384615
25.0,7.0,4,2,3,0,1.0,152.23,0,5.031940060590085,0.6931471805599453,1.6094379124341003,False,False,True,False,False,False,1.0,5.8549999999999995
6.0,14.0,4,1,6,0,47.0,217.04,0,5.38467853219608,3.8712010109078907,1.6094379124341003,False,True,False,False,True,False,0.5714285714285714,31.005714285714284
21.0,9.0,4,1,3,1,1.0,292.52,0,5.681945780047027,0.6931471805599453,1.6094379124341003,True,False,False,False,True,False,1.0,13.296363636363635
7.0,8.0,1,1,1,1,2.0,129.32,0,4.86999296429379,1.0986122886681096,0.6931471805599453,False,False,True,False,True,False,0.5,16.165
9.0,31.0,5,3,2,0,1.0,122.93,1,4.819716890076783,0.6931471805599453,1.791759469228055,False,False,True,False,False,True,1.6666666666666667,12.293000000000001
7.0,12.0,3,3,2,0,10.0,148.09,0,5.004550150440307,2.3978952727983707,1.3862943611198906,False,True,False,False,False,True,1.0,18.51125
3.0,16.0,3,3,10,0,2.0,196.67,0,5.286598973593838,1.0986122886681096,1.3862943611198906,False,False,False,False,False,True,0.2727272727272727,49.1675
0.0,9.0,3,5,1,0,4.0,131.02,1,4.882953426260625,1.6094379124341003,1.3862943611198906,False,False,True,False,False,True,1.5,131.02
1.0,13.0,2,5,3,1,1.0,141.01,1,4.955897477656921,0.6931471805599453,1.0986122886681096,False,False,True,False,True,False,0.5,70.505
13.0,8.0,3,4,4,0,10.0,156.77,0,5.061138276269363,2.3978952727983707,1.3862943611198906,False,True,False,False,True,False,0.6,11.197857142857144
0.0,8.0,3,4,10,0,2.0,134.68,0,4.910299172043593,1.0986122886681096,1.3862943611198906,False,False,True,False,True,False,0.2727272727272727,134.68
9.0,30.0,3,4,2,0,4.0,121.77,0,4.8103126861927485,1.6094379124341003,1.3862943611198906,False,False,True,False,False,True,1.0,12.177
17.0,11.0,4,3,4,0,3.0,131.62,0,4.887487895940722,1.3862943611198906,1.6094379124341003,False,False,True,False,False,True,0.8,7.312222222222222
8.0,14.0,4,5,2,0,2.0,124.5,0,4.832305758571839,1.0986122886681096,1.6094379124341003,False,False,True,False,False,True,1.3333333333333333,13.833333333333334
0.0,14.0,5,3,1,0,0.0,123.51,1,4.824386033964322,0.0,1.791759469228055,False,False,True,False,True,False,2.5,123.51
14.0,15.0,4,1,5,1,3.0,165.69,0,5.116135799954996,1.3862943611198906,1.6094379124341003,False,True,False,False,True,False,0.6666666666666666,11.046
1.0,7.0,5,3,7,0,47.0,231.09,1,5.447125227475003,3.8712010109078907,1.791759469228055,False,False,False,False,True,False,0.625,115.545
9.0,9.0,6,4,4,1,12.0,313.24,1,5.750157025166101,2.5649493574615367,1.9459101490553132,False,False,False,True,False,True,1.2,31.324
0.0,15.0,4,5,8,0,3.0,134.07,1,4.905793162572673,1.3862943611198906,1.6094379124341003,False,False,True,False,False,True,0.4444444444444444,134.07
20.0,33.0,5,4,10,0,3.0,204.91,0,5.327439180120055,1.3862943611198906,1.791759469228055,False,True,False,False,False,True,0.45454545454545453,9.757619047619048
17.0,16.0,3,1,3,1,3.0,164.65,0,5.109877128745905,1.3862943611198906,1.3862943611198906,False,True,False,False,True,False,0.75,9.147222222222222
17.0,35.0,2,3,6,0,3.0,172.39,0,5.155543392556582,1.3862943611198906,1.0986122886681096,False,False,True,False,False,True,0.2857142857142857,9.577222222222222
1.0,17.0,4,3,8,0,47.0,225.48,1,5.422656640803644,3.8712010109078907,1.6094379124341003,False,False,False,False,True,False,0.4444444444444444,112.74
16.0,12.0,4,4,11,1,47.0,209.46,1,5.349295611312666,3.8712010109078907,1.6094379124341003,False,False,False,False,False,True,0.3333333333333333,12.321176470588236
0.0,10.0,5,2,2,0,8.0,204.0,1,5.3230099791384085,2.1972245773362196,1.791759469228055,False,False,False,False,False,False,1.6666666666666667,204.0
1.0,17.0,5,3,3,0,3.0,151.25,1,5.025523906590006,1.3862943611198906,1.791759469228055,False,False,True,False,False,True,1.25,75.625
0.0,6.0,3,4,2,0,4.0,138.16,0,4.935624350283741,1.6094379124341003,1.3862943611198906,False,False,True,False,True,False,1.0,138.16
20.0,7.0,4,2,11,0,3.0,321.27,0,5.775389703508636,1.3862943611198906,1.6094379124341003,False,False,False,True,True,False,0.3333333333333333,15.298571428571428
21.0,21.0,4,5,4,0,8.0,174.6,0,5.168208681201016,2.1972245773362196,1.6094379124341003,False,True,False,False,False,True,0.8,7.9363636363636365
29.0,15.0,4,3,4,1,3.0,272.56,0,5.611520976229896,1.3862943611198906,1.6094379124341003,True,False,False,False,True,False,0.8,9.085333333333333
23.0,7.0,4,5,4,0,3.0,160.8,0,5.086361004624392,1.3862943611198906,1.6094379124341003,False,False,True,False,True,False,0.8,6.7
13.0,15.0,3,3,10,0,13.0,234.99,0,5.463789431246498,2.639057329615259,1.3862943611198906,False,False,False,False,False,True,0.2727272727272727,16.785
6.0,13.0,4,3,5,0,5.0,155.38,0,5.052288942696368,1.791759469228055,1.6094379124341003,False,False,True,False,False,True,0.6666666666666666,22.197142857142858
4.0,14.0,4,5,5,1,4.0,146.66,1,4.994912333631019,1.6094379124341003,1.6094379124341003,False,False,True,False,False,True,0.6666666666666666,29.332
9.0,6.0,3,4,2,0,1.0,120.96,0,4.803693122120054,0.6931471805599453,1.3862943611198906,False,False,True,False,False,True,1.0,12.096
5.0,9.0,5,5,5,0,1.0,189.1,0,5.247550249494384,0.6931471805599453,1.791759469228055,False,True,False,False,False,False,0.8333333333333334,31.516666666666666
6.0,15.0,5,3,9,0,3.0,153.46,1,5.039935163141118,1.3862943611198906,1.791759469228055,False,True,False,False,False,True,0.5,21.922857142857143
3.0,10.0,4,4,2,1,7.0,152.09,0,5.03102598374399,2.0794415416798357,1.6094379124341003,False,True,False,False,True,False,1.3333333333333333,38.0225
5.0,14.0,1,3,6,0,3.0,151.75,0,5.028802598051705,1.3862943611198906,0.6931471805599453,False,True,False,False,False,False,0.14285714285714285,25.291666666666668
1.0,6.0,5,3,3,0,3.0,155.33,0,5.051969157589233,1.3862943611198906,1.791759469228055,False,False,True,False,False,True,1.25,77.665
11.0,17.0,4,5,2,1,4.0,152.82,0,5.035783087628908,1.6094379124341003,1.6094379124341003,False,False,True,False,True,False,1.3333333333333333,12.735
10.0,25.0,3,4,2,1,9.0,176.42,0,5.178519803092441,2.302585092994046,1.3862943611198906,False,False,False,False,False,True,1.0,16.038181818181815
27.0,9.0,5,1,4,0,8.0,279.27,0,5.635753424258729,2.1972245773362196,1.791759469228055,True,False,False,False,True,False,1.0,9.973928571428571
11.0,14.0,4,4,2,0,3.0,124.4,0,4.83150862819882,1.3862943611198906,1.6094379124341003,False,False,True,False,False,True,1.3333333333333333,10.366666666666667
1.0,10.0,4,5,2,0,5.0,156.02,1,5.056373185770109,1.791759469228055,1.6094379124341003,False,False,True,False,False,True,1.3333333333333333,78.01
27.0,13.0,4,1,4,0,3.0,149.5,0,5.01396308418893,1.3862943611198906,1.6094379124341003,False,True,False,False,False,True,0.8,5.339285714285714
5.0,16.0,3,1,2,0,8.0,153.96,0,5.043167019098741,2.1972245773362196,1.3862943611198906,False,True,False,False,False,True,1.0,25.66
17.0,6.0,4,3,5,0,2.0,159.85,0,5.080472253685035,1.0986122886681096,1.6094379124341003,False,True,False,False,False,True,0.6666666666666666,8.880555555555555
28.0,14.0,4,4,2,1,0.0,235.77,0,5.467089205794908,0.0,1.6094379124341003,True,False,False,False,True,False,1.3333333333333333,8.13
6.0,17.0,4,1,3,0,9.0,178.96,0,5.192734603972972,2.302585092994046,1.6094379124341003,False,True,False,False,False,True,1.0,25.565714285714286
1.0,7.0,5,4,3,0,1.0,153.36,0,5.039287536669418,0.6931471805599453,1.791759469228055,False,False,True,False,False,True,1.25,76.68
3.0,28.0,3,5,1,0,8.0,184.12,0,5.221004263445367,2.1972245773362196,1.3862943611198906,False,False,False,False,True,False,1.5,46.03
9.0,23.0,5,3,2,0,2.0,123.05,0,4.82068471013781,1.0986122886681096,1.791759469228055,False,False,True,False,True,False,1.6666666666666667,12.305
16.0,12.0,4,2,5,1,0.0,266.27,0,5.588259383400662,0.0,1.6094379124341003,True,False,False,False,True,False,0.6666666666666666,15.662941176470587
14.0,9.0,5,3,4,0,3.0,153.09,0,5.037536847293762,1.3862943611198906,1.791759469228055,False,False,True,False,False,True,1.0,10.206
13.0,8.0,3,5,5,0,2.0,133.77,0,4.903569621781068,1.0986122886681096,1.3862943611198906,False,False,True,False,True,False,0.5,9.555000000000001
9.0,12.0,5,3,2,0,7.0,127.41,0,4.855228269843183,2.0794415416798357,1.791759469228055,False,False,True,False,True,False,1.6666666666666667,12.741
17.0,8.0,3,3,6,1,2.0,202.09,0,5.3136492305450185,1.0986122886681096,1.3862943611198906,False,False,False,False,False,True,0.42857142857142855,11.227222222222222
16.0,12.0,4,1,5,1,0.0,266.27,0,5.588259383400662,0.0,1.6094379124341003,True,False,False,False,True,False,0.6666666666666666,15.662941176470587
19.0,9.0,3,3,4,0,9.0,274.65,0,5.619131945035693,2.302585092994046,1.3862943611198906,True,False,False,False,False,False,0.6,13.732499999999998
16.0,14.0,3,2,1,0,7.0,124.55,0,4.832704085603594,2.0794415416798357,1.3862943611198906,False,False,True,False,False,True,1.5,7.326470588235294
6.0,31.0,3,3,2,0,1.0,145.39,0,4.98627429318332,0.6931471805599453,1.3862943611198906,False,True,False,False,False,False,1.0,20.77
14.0,12.0,4,4,7,1,2.0,160.32,0,5.083389970005167,1.0986122886681096,1.6094379124341003,False,True,False,False,False,True,0.5,10.687999999999999
8.0,13.0,4,1,2,0,1.0,126.9,0,4.851248708584797,0.6931471805599453,1.6094379124341003,False,False,True,False,True,False,1.3333333333333333,14.100000000000001
9.0,16.0,3,1,2,0,7.0,199.8,0,5.302309387817574,2.0794415416798357,1.3862943611198906,False,False,False,False,False,True,1.0,19.98
18.0,13.0,3,5,3,0,0.0,197.24,0,5.289478417880832,0.0,1.3862943611198906,False,False,False,False,True,False,0.75,10.381052631578948
0.0,8.0,3,1,1,0,2.0,142.27,0,4.964730961905281,1.0986122886681096,1.3862943611198906,False,True,False,False,True,False,1.5,142.27
9.0,7.0,3,3,2,0,1.0,112.23,0,4.729421148325948,0.6931471805599453,1.3862943611198906,False,False,True,False,True,False,1.0,11.223
9.0,10.0,3,1,2,0,0.0,119.51,0,4.7917327370393,0.0,1.3862943611198906,False,False,True,False,True,False,1.0,11.951
3.0,13.0,5,4,3,0,1.0,153.04,0,5.0372123089467085,0.6931471805599453,1.791759469228055,False,False,True,False,True,False,1.25,38.26
4.0,25.0,4,3,3,0,5.0,151.32,0,5.025983571043055,1.791759469228055,1.6094379124341003,False,False,True,False,False,True,1.0,30.264
11.0,7.0,5,3,3,0,8.0,184.93,0,5.225370258791972,2.1972245773362196,1.791759469228055,False,True,False,False,True,False,1.25,15.410833333333334
1.0,29.0,4,3,6,1,2.0,146.32,1,4.992607091576865,1.0986122886681096,1.6094379124341003,False,False,True,False,False,False,0.5714285714285714,73.16
16.0,30.0,3,5,7,1,2.0,204.48,1,5.325348705599067,1.0986122886681096,1.3862943611198906,False,False,False,False,False,True,0.375,12.028235294117646
7.0,16.0,1,1,2,0,2.0,147.24,0,4.998832581977104,1.0986122886681096,0.6931471805599453,False,True,False,False,True,False,0.3333333333333333,18.405
5.0,19.0,4,1,10,1,3.0,164.29,0,5.107701506929262,1.3862943611198906,1.6094379124341003,False,False,True,False,True,False,0.36363636363636365,27.381666666666664
1.0,25.0,4,3,2,1,3.0,171.14,1,5.148308099221328,1.3862943611198906,1.6094379124341003,False,True,False,False,False,False,1.3333333333333333,85.57
4.0,10.0,4,3,3,0,1.0,145.83,0,4.989275454974846,0.6931471805599453,1.6094379124341003,False,False,True,False,True,False,1.0,29.166000000000004
15.0,12.0,3,5,10,0,7.0,233.48,0,5.457370296402637,2.0794415416798357,1.3862943611198906,False,False,False,False,True,False,0.2727272727272727,14.5925
9.0,16.0,3,4,2,0,0.0,120.08,0,4.7964514841535175,0.0,1.3862943611198906,False,False,True,False,True,False,1.0,12.008
8.0,10.0,3,3,2,1,1.0,142.49,0,4.9662653463603155,0.6931471805599453,1.3862943611198906,False,True,False,False,False,True,1.0,15.832222222222223
0.0,14.0,3,5,2,1,0.0,123.98,1,4.828153724500936,0.0,1.3862943611198906,False,False,True,False,True,False,1.0,123.98
2.0,23.0,4,5,2,0,9.0,179.88,0,5.197833827969714,2.302585092994046,1.6094379124341003,False,False,False,False,False,True,1.3333333333333333,59.96
5.0,12.0,3,3,2,0,7.0,150.1,0,5.017941869278694,2.0794415416798357,1.3862943611198906,False,True,False,False,False,True,1.0,25.016666666666666
0.0,26.0,3,3,4,0,0.0,198.24,1,5.294510128205083,0.0,1.3862943611198906,False,False,False,False,True,False,0.6,198.24
1.0,19.0,5,5,3,0,1.0,145.33,1,4.985864345104336,0.6931471805599453,1.791759469228055,False,False,True,False,True,False,1.25,72.665
11.0,31.0,4,4,4,0,47.0,220.61,0,5.400919080208756,3.8712010109078907,1.6094379124341003,False,False,False,False,False,False,0.8,18.38416666666667
2.0,9.0,3,3,2,0,2.0,155.61,0,5.053758638478342,1.0986122886681096,1.3862943611198906,False,True,False,False,False,False,1.0,51.870000000000005
11.0,9.0,3,3,4,1,2.0,143.17,0,4.970993158823813,1.0986122886681096,1.3862943611198906,False,True,False,False,False,True,0.6,11.930833333333332
11.0,7.0,4,1,4,1,3.0,261.03,0,5.568459001022829,1.3862943611198906,1.6094379124341003,False,False,False,False,True,False,0.8,21.752499999999998
15.0,8.0,3,3,1,1,0.0,126.96,0,4.8517177150813176,0.0,1.3862943611198906,False,False,True,False,True,False,1.5,7.935
4.0,34.0,4,2,9,0,8.0,178.04,0,5.187609244563615,2.1972245773362196,1.6094379124341003,False,True,False,False,True,False,0.4,35.608
19.0,9.0,4,4,2,0,8.0,173.05,0,5.159342614257448,2.1972245773362196,1.6094379124341003,False,True,False,False,True,False,1.3333333333333333,8.6525
0.0,14.0,3,3,2,0,2.0,126.1,1,4.844974178195408,1.0986122886681096,1.3862943611198906,False,False,True,False,False,False,1.0,126.1
10.0,13.0,3,3,5,0,2.0,236.64,0,5.47075692348754,1.0986122886681096,1.3862943611198906,False,False,False,False,False,True,0.5,21.512727272727272
3.0,16.0,4,3,11,0,3.0,154.74,0,5.04818795014884,1.3862943611198906,1.6094379124341003,False,False,True,False,True,False,0.3333333333333333,38.685
7.0,30.0,4,1,3,1,13.0,259.58,0,5.562909915774785,2.639057329615259,1.6094379124341003,False,False,False,False,False,True,1.0,32.4475
21.0,12.0,4,3,6,0,2.0,308.0,0,5.733341276897746,1.0986122886681096,1.6094379124341003,False,False,False,True,True,False,0.5714285714285714,14.0
19.0,8.0,3,3,7,0,1.0,278.61,0,5.633395775099203,0.6931471805599453,1.3862943611198906,True,False,False,False,True,False,0.375,13.9305
4.0,9.0,5,1,3,0,9.0,166.52,0,5.121102747122227,2.302585092994046,1.791759469228055,False,True,False,False,True,False,1.25,33.304
21.0,9.0,4,4,9,0,1.0,174.78,0,5.169233213136499,0.6931471805599453,1.6094379124341003,False,True,False,False,True,False,0.4,7.944545454545454
1.0,36.0,6,5,10,0,3.0,174.69,1,5.168721078376963,1.3862943611198906,1.9459101490553132,False,True,False,False,False,True,0.5454545454545454,87.345
19.0,24.0,3,3,3,0,8.0,148.1,0,5.004617221770693,2.1972245773362196,1.3862943611198906,False,True,False,False,True,False,0.75,7.404999999999999
51.0,7.0,2,3,2,0,9.0,174.0,0,5.1647859739235145,2.302585092994046,1.0986122886681096,False,True,False,False,False,False,0.6666666666666666,3.3461538461538463
13.0,8.0,1,4,2,0,7.0,142.44,0,4.965916829296877,2.0794415416798357,0.6931471805599453,False,True,False,False,False,False,0.3333333333333333,10.174285714285714
8.0,31.0,4,2,5,0,2.0,136.81,0,4.925875924887054,1.0986122886681096,1.6094379124341003,False,True,False,False,False,True,0.6666666666666666,15.20111111111111
12.0,7.0,5,1,6,0,47.0,211.86,0,5.360634672612898,3.8712010109078907,1.791759469228055,False,True,False,False,False,True,0.7142857142857143,16.29692307692308
15.0,32.0,3,4,6,0,8.0,235.25,0,5.464890566373852,2.1972245773362196,1.3862943611198906,True,False,False,False,True,False,0.42857142857142855,14.703125
1.0,7.0,4,3,2,0,6.0,145.58,1,4.987571354497704,1.9459101490553132,1.6094379124341003,False,False,True,False,False,True,1.3333333333333333,72.79
0.0,11.0,3,1,2,0,0.0,110.51,0,4.7141142729772705,0.0,1.3862943611198906,False,False,True,False,False,True,1.0,110.51
8.0,22.0,4,4,2,0,3.0,186.06,0,5.231429421006405,1.3862943611198906,1.6094379124341003,False,False,False,False,False,True,1.3333333333333333,20.673333333333332
22.0,13.0,3,4,4,0,7.0,204.66,0,5.326224319801044,2.0794415416798357,1.3862943611198906,False,False,False,False,True,False,0.6,8.898260869565217
1.0,16.0,3,3,4,0,7.0,136.6,0,4.924350925499243,2.0794415416798357,1.3862943611198906,False,True,False,False,False,True,0.6,68.3
9.0,15.0,4,3,3,0,10.0,166.48,0,5.120863941150943,2.3978952727983707,1.6094379124341003,False,True,False,False,True,False,1.0,16.648
3.0,9.0,4,1,3,0,47.0,213.53,0,5.3684495887284145,3.8712010109078907,1.6094379124341003,False,True,False,False,True,False,1.0,53.3825
12.0,17.0,3,2,2,0,7.0,176.54,1,5.179195935640173,2.0794415416798357,1.3862943611198906,False,False,False,False,False,False,1.0,13.58
19.0,14.0,4,3,6,1,3.0,169.77,0,5.140317621899148,1.3862943611198906,1.6094379124341003,False,False,True,False,False,False,0.5714285714285714,8.4885
19.0,27.0,4,3,10,0,2.0,173.5,0,5.161924741642482,1.0986122886681096,1.6094379124341003,False,True,False,False,False,True,0.36363636363636365,8.675
26.0,13.0,1,3,4,0,3.0,248.14,0,5.5180149874579465,1.3862943611198906,0.6931471805599453,True,False,False,False,True,False,0.2,9.19037037037037
20.0,10.0,4,4,9,1,10.0,203.33,0,5.319736333921337,2.3978952727983707,1.6094379124341003,False,False,False,False,True,False,0.4,9.682380952380953
9.0,14.0,4,3,3,0,1.0,149.04,0,5.010901925213687,0.6931471805599453,1.6094379124341003,False,False,True,False,True,False,1.0,14.904
13.0,15.0,3,3,4,0,7.0,139.75,0,4.9469852670198,2.0794415416798357,1.3862943611198906,False,True,False,False,True,False,0.6,9.982142857142858
17.0,30.0,5,3,3,0,4.0,137.08,0,4.9278332273351175,1.6094379124341003,1.791759469228055,False,False,True,False,False,True,1.25,7.615555555555556
8.0,17.0,4,3,3,1,3.0,154.36,1,5.045745004543015,1.3862943611198906,1.6094379124341003,False,False,True,False,False,True,1.0,17.151111111111113
7.0,14.0,3,4,2,1,3.0,123.42,1,4.823662939086874,1.3862943611198906,1.3862943611198906,False,False,True,False,True,False,1.0,15.4275
1.0,22.0,4,1,3,0,1.0,137.32,0,4.929569841375035,0.6931471805599453,1.6094379124341003,False,False,True,False,False,True,1.0,68.66
12.0,24.0,3,3,1,0,7.0,145.34,0,4.985932681455884,2.0794415416798357,1.3862943611198906,False,True,False,False,False,True,1.5,11.18
9.0,7.0,4,4,3,0,7.0,197.95,0,5.293053536872938,2.0794415416798357,1.6094379124341003,False,False,False,False,False,False,1.0,19.794999999999998
2.0,14.0,3,3,2,0,0.0,126.42,0,4.847488716688342,0.0,1.3862943611198906,False,False,True,False,False,True,1.0,42.14
4.0,9.0,4,4,3,0,1.0,149.76,0,5.015689168398935,0.6931471805599453,1.6094379124341003,False,False,True,False,True,False,1.0,29.951999999999998
29.0,8.0,2,1,4,0,1.0,272.32,0,5.610643269912577,0.6931471805599453,1.0986122886681096,True,False,False,False,True,False,0.4,9.077333333333334
1.0,14.0,4,3,3,1,3.0,153.86,1,5.042521482958578,1.3862943611198906,1.6094379124341003,False,False,True,False,False,False,1.0,76.93
20.0,20.0,4,4,8,0,10.0,180.62,0,5.201916592261682,2.3978952727983707,1.6094379124341003,False,True,False,False,False,True,0.4444444444444444,8.600952380952382
1.0,31.0,2,5,3,0,1.0,135.91,1,4.9193237756456645,0.6931471805599453,1.0986122886681096,False,False,True,False,False,True,0.5,67.955
10.0,7.0,4,1,2,0,11.0,164.74,0,5.110420295420896,2.4849066497880004,1.6094379124341003,False,True,False,False,True,False,1.3333333333333333,14.976363636363637
1.0,7.0,4,4,2,1,5.0,188.49,0,5.244336252681523,1.791759469228055,1.6094379124341003,False,True,False,False,False,False,1.3333333333333333,94.245
9.0,9.0,5,4,4,0,47.0,227.74,0,5.432585987353071,3.8712010109078907,1.791759469228055,False,False,False,False,True,False,1.0,22.774
4.0,30.0,4,5,2,0,8.0,168.12,0,5.1306085221219275,2.1972245773362196,1.6094379124341003,False,True,False,False,False,True,1.3333333333333333,33.624
4.0,11.0,3,3,2,0,2.0,183.46,0,5.217432637807573,1.0986122886681096,1.3862943611198906,False,True,False,False,True,False,1.0,36.692
10.0,6.0,4,3,2,0,7.0,159.93,0,5.080969487830403,2.0794415416798357,1.6094379124341003,False,True,False,False,True,False,1.3333333333333333,14.539090909090909
13.0,7.0,3,5,3,0,16.0,268.23,0,5.59556603286903,2.833213344056216,1.3862943611198906,True,False,False,False,True,False,0.75,19.159285714285716
1.0,17.0,5,5,8,1,1.0,149.04,1,5.010901925213687,0.6931471805599453,1.791759469228055,False,False,True,False,False,True,0.5555555555555556,74.52
8.0,6.0,3,4,2,0,6.0,172.95,0,5.158767901597951,1.9459101490553132,1.3862943611198906,False,False,False,False,True,False,1.0,19.216666666666665
11.0,14.0,1,3,2,0,3.0,126.1,0,4.844974178195408,1.3862943611198906,0.6931471805599453,False,False,True,False,True,False,0.3333333333333333,10.508333333333333
1.0,16.0,4,2,3,0,3.0,151.1,0,5.024538199265248,1.3862943611198906,1.6094379124341003,False,False,True,False,False,True,1.0,75.55
15.0,15.0,3,1,2,0,8.0,136.73,0,4.92529524692924,2.1972245773362196,1.3862943611198906,False,False,True,False,False,True,1.0,8.545625
24.0,9.0,3,3,3,0,47.0,231.16000000000005,0,5.447426789135878,3.8712010109078907,1.3862943611198906,False,False,False,False,True,False,0.75,9.246400000000001
30.0,7.0,4,5,4,0,1.0,145.66,0,4.9881169826656535,0.6931471805599453,1.6094379124341003,False,False,True,False,False,False,0.8,4.698709677419354
1.0,25.0,2,3,4,0,3.0,187.32,0,5.238142643511966,1.3862943611198906,1.0986122886681096,False,True,False,False,True,False,0.4,93.66
1.0,16.0,4,5,3,0,3.0,152.28,0,5.03226631422255,1.3862943611198906,1.6094379124341003,False,False,True,False,False,True,1.0,76.14
20.0,10.0,4,3,5,0,10.0,299.65,0,5.705946797485578,2.3978952727983707,1.6094379124341003,True,False,False,False,True,False,0.6666666666666666,14.269047619047617
0.0,18.0,3,1,4,1,7.0,145.81,1,4.989139233751369,2.0794415416798357,1.3862943611198906,False,True,False,False,False,True,0.6,145.81
1.0,23.0,4,4,4,1,3.0,148.73,1,5.008833672149628,1.3862943611198906,1.6094379124341003,False,False,True,False,True,False,0.8,74.365
6.0,22.0,3,1,2,1,2.0,153.68,0,5.041358466739096,1.0986122886681096,1.3862943611198906,False,True,False,False,True,False,1.0,21.954285714285714
17.0,13.0,5,3,3,1,9.0,165.81,0,5.116855440165964,2.302585092994046,1.791759469228055,False,True,False,False,False,True,1.25,9.211666666666666
7.0,9.0,4,1,2,0,3.0,150.0,0,5.017279836814924,1.3862943611198906,1.6094379124341003,False,False,True,False,False,True,1.3333333333333333,18.75
17.0,22.0,5,3,3,0,12.0,301.03,0,5.7105263501895465,2.5649493574615367,1.791759469228055,True,False,False,False,True,False,1.25,16.723888888888887
13.0,7.0,3,1,5,0,3.0,165.13,0,5.1127706143983875,1.3862943611198906,1.3862943611198906,False,True,False,False,True,False,0.5,11.795
5.0,14.0,4,5,4,0,47.0,221.37,0,5.4043426611913405,3.8712010109078907,1.6094379124341003,False,False,False,False,True,False,0.8,36.895
0.0,8.0,4,1,2,0,0.0,111.02,1,4.718677426781686,0.0,1.6094379124341003,False,False,True,False,False,True,1.3333333333333333,111.02
16.0,33.0,3,5,9,0,1.0,208.2,0,5.343290732190768,0.6931471805599453,1.3862943611198906,False,False,False,False,False,False,0.3,12.24705882352941
1.0,36.0,6,5,10,0,3.0,174.69,1,5.168721078376963,1.3862943611198906,1.9459101490553132,False,True,False,False,False,True,0.5454545454545454,87.345
17.0,17.0,5,3,3,0,1.0,177.57,0,5.1849806812090335,0.6931471805599453,1.791759469228055,False,True,False,False,True,False,1.25,9.865
9.0,7.0,6,1,3,0,2.0,154.77,0,5.048380560338515,1.0986122886681096,1.9459101490553132,False,False,True,False,True,False,1.5,15.477
14.0,16.0,4,4,10,1,1.0,161.17,0,5.088645167731283,0.6931471805599453,1.6094379124341003,False,False,True,False,True,False,0.36363636363636365,10.744666666666665
4.0,9.0,5,5,2,0,8.0,174.68,0,5.168664158321166,2.1972245773362196,1.791759469228055,False,False,True,False,False,True,1.6666666666666667,34.936
9.0,23.0,4,4,3,0,3.0,155.07,0,5.050304624554462,1.3862943611198906,1.6094379124341003,False,True,False,False,True,False,1.0,15.507
8.0,9.0,4,3,4,0,3.0,165.33,0,5.113973766802443,1.3862943611198906,1.6094379124341003,False,True,False,False,False,True,0.8,18.37
7.0,7.0,3,1,2,0,1.0,198.88,0,5.297717186476004,0.6931471805599453,1.3862943611198906,False,False,False,False,False,True,1.0,24.86
1.0,30.0,5,5,3,0,11.0,198.36,1,5.295112235599088,2.4849066497880004,1.791759469228055,False,False,False,False,True,False,1.25,99.18
19.0,33.0,5,5,3,0,6.0,168.85,0,5.134915694606593,1.9459101490553132,1.791759469228055,False,True,False,False,True,False,1.25,8.442499999999999
1.0,33.0,4,1,3,1,9.0,181.17,1,5.2049403170427375,2.302585092994046,1.6094379124341003,False,True,False,False,True,False,1.0,90.585
8.0,7.0,5,5,11,0,47.0,229.82,1,5.441638185992259,3.8712010109078907,1.791759469228055,False,False,False,False,False,False,0.4166666666666667,25.535555555555554
6.0,20.0,3,4,2,0,6.0,127.56,0,4.856395721429257,1.9459101490553132,1.3862943611198906,False,False,True,False,True,False,1.0,18.222857142857144
13.0,12.0,3,3,8,0,13.0,232.37,0,5.452625176886793,2.639057329615259,1.3862943611198906,True,False,False,False,False,True,0.3333333333333333,16.597857142857144
13.0,8.0,1,3,6,0,8.0,163.77,0,5.10455056206934,2.1972245773362196,0.6931471805599453,False,True,False,False,True,False,0.14285714285714285,11.697857142857144
12.0,10.0,4,3,2,0,47.0,231.09,0,5.447125227475003,3.8712010109078907,1.6094379124341003,False,False,False,False,True,False,1.3333333333333333,17.776153846153846
10.0,20.0,4,4,5,0,5.0,146.43,0,4.993353486861729,1.791759469228055,1.6094379124341003,False,False,True,False,False,False,0.6666666666666666,13.311818181818182
1.0,30.0,5,3,3,0,9.0,160.4,0,5.083885755835849,2.302585092994046,1.791759469228055,False,True,False,False,True,False,1.25,80.2
4.0,16.0,3,3,5,0,47.0,210.31,0,5.353326249578836,3.8712010109078907,1.3862943611198906,False,False,False,False,True,False,0.5,42.062
8.0,31.0,4,4,4,0,8.0,209.03,0,5.347250377657216,2.1972245773362196,1.6094379124341003,False,False,False,False,True,False,0.8,23.225555555555555
6.0,11.0,4,4,4,0,3.0,164.31,0,5.107822499064921,1.3862943611198906,1.6094379124341003,False,False,True,False,False,False,0.8,23.472857142857144
5.0,14.0,3,5,2,0,2.0,124.39,0,4.831428880202447,1.0986122886681096,1.3862943611198906,False,False,True,False,False,True,1.0,20.731666666666666
17.0,32.0,5,1,7,0,1.0,232.98,0,5.455235641619455,0.6931471805599453,1.791759469228055,False,False,False,False,True,False,0.625,12.943333333333333
22.0,11.0,5,3,9,0,9.0,234.99,0,5.463789431246498,2.302585092994046,1.791759469228055,False,False,False,False,False,True,0.5,10.216956521739132
8.0,16.0,3,2,2,0,2.0,139.17,0,4.942855971674966,1.0986122886681096,1.3862943611198906,False,False,True,False,True,False,1.0,15.463333333333331
7.0,14.0,3,3,2,1,6.0,125.79,0,4.842532174539857,1.9459101490553132,1.3862943611198906,False,False,True,False,True,False,1.0,15.72375
21.0,10.0,3,1,2,0,8.0,178.98,0,5.192845733605802,2.1972245773362196,1.3862943611198906,False,False,False,False,False,True,1.0,8.135454545454545
0.0,16.0,4,5,10,0,0.0,203.06,1,5.318414068247159,0.0,1.6094379124341003,False,False,False,False,True,False,0.36363636363636365,203.06
0.0,9.0,3,3,1,0,2.0,149.99,0,5.017213609456379,1.0986122886681096,1.3862943611198906,False,True,False,False,True,False,1.5,149.99
0.0,7.0,4,3,2,0,2.0,146.17,0,4.9915883811760215,1.0986122886681096,1.6094379124341003,False,True,False,False,False,True,1.3333333333333333,146.17
16.0,12.0,4,3,8,0,1.0,308.03,0,5.733438359563712,0.6931471805599453,1.6094379124341003,False,False,False,True,False,False,0.4444444444444444,18.11941176470588
13.0,17.0,4,3,9,0,3.0,259.64,0,5.563140144853735,1.3862943611198906,1.6094379124341003,False,False,False,False,False,True,0.4,18.545714285714286
9.0,13.0,3,5,4,1,3.0,121.66,1,4.809416300197838,1.3862943611198906,1.3862943611198906,False,False,True,False,False,True,0.6,12.166
19.0,32.0,4,4,5,0,1.0,305.61,0,5.725576581691871,0.6931471805599453,1.6094379124341003,False,False,False,True,False,True,0.6666666666666666,15.2805
12.0,7.0,5,2,6,0,47.0,211.86,0,5.360634672612898,3.8712010109078907,1.791759469228055,False,True,False,False,False,True,0.7142857142857143,16.29692307692308
1.0,28.0,2,2,3,0,3.0,151.78,0,5.028998978113214,1.3862943611198906,1.0986122886681096,False,False,True,False,False,True,0.5,75.89
24.0,7.0,4,4,5,1,8.0,306.72,0,5.729190278590734,2.1972245773362196,1.6094379124341003,False,False,False,True,True,False,0.6666666666666666,12.2688
18.0,27.0,4,4,3,0,4.0,159.2,0,5.076423034634259,1.6094379124341003,1.6094379124341003,False,False,True,False,False,True,1.0,8.378947368421052
18.0,15.0,2,2,4,1,3.0,153.18,0,5.038120751031117,1.3862943611198906,1.0986122886681096,False,False,True,False,False,False,0.4,8.062105263157894
9.0,30.0,4,3,6,1,3.0,120.28,1,4.7981019218940615,1.3862943611198906,1.6094379124341003,False,False,True,False,False,True,0.5714285714285714,12.028
16.0,11.0,4,2,3,0,16.0,317.32,0,5.763057166118673,2.833213344056216,1.6094379124341003,False,False,False,True,False,False,1.0,18.665882352941175
5.0,15.0,4,1,3,0,10.0,232.93,0,5.455021925305676,2.3978952727983707,1.6094379124341003,False,False,False,False,True,False,1.0,38.821666666666665
9.0,14.0,1,1,5,0,3.0,125.71,0,4.841901010810817,1.3862943611198906,0.6931471805599453,False,True,False,False,True,False,0.16666666666666666,12.571
10.0,9.0,4,4,6,1,1.0,194.62,0,5.276174001862347,0.6931471805599453,1.6094379124341003,False,True,False,False,True,False,0.5714285714285714,17.69272727272727
0.0,9.0,4,3,2,0,0.0,132.3,0,4.892602227184663,0.0,1.6094379124341003,False,False,True,False,False,True,1.3333333333333333,132.3
20.0,14.0,4,3,8,0,8.0,233.45,0,5.457242345535596,2.1972245773362196,1.6094379124341003,False,False,False,False,True,False,0.4444444444444444,11.116666666666665
3.0,9.0,4,4,2,0,5.0,152.03,0,5.0306339806029445,1.791759469228055,1.6094379124341003,False,False,True,False,True,False,1.3333333333333333,38.0075
3.0,17.0,5,3,11,0,5.0,183.69,0,5.21867874388782,1.791759469228055,1.791759469228055,False,True,False,False,False,True,0.4166666666666667,45.9225
16.0,15.0,4,3,6,0,1.0,164.68,0,5.110058217087329,0.6931471805599453,1.6094379124341003,False,False,True,False,False,True,0.5714285714285714,9.687058823529412
9.0,23.0,5,4,3,0,47.0,211.06,0,5.356869253497652,3.8712010109078907,1.791759469228055,False,False,False,False,False,True,1.25,21.106
11.0,36.0,4,4,3,1,10.0,243.49,1,5.4991744082830065,2.3978952727983707,1.6094379124341003,False,False,False,False,False,False,1.0,20.290833333333335
16.0,9.0,4,5,2,0,8.0,301.65,0,5.712577022337696,2.1972245773362196,1.6094379124341003,True,False,False,False,True,False,1.3333333333333333,17.74411764705882
1.0,7.0,2,4,3,0,8.0,199.46,1,5.30061472559672,2.1972245773362196,1.0986122886681096,False,False,False,False,False,True,0.5,99.73
1.0,7.0,4,5,3,0,8.0,199.12,0,5.298917186620004,2.1972245773362196,1.6094379124341003,False,False,False,False,False,False,1.0,99.56
15.0,12.0,2,3,4,1,4.0,146.27,0,4.992267636738071,1.6094379124341003,1.0986122886681096,False,False,True,False,False,False,0.4,9.141875
5.0,11.0,3,4,2,0,3.0,165.24,0,5.113432527350917,1.3862943611198906,1.3862943611198906,False,True,False,False,False,False,1.0,27.540000000000003
22.0,13.0,3,4,4,0,7.0,204.66,0,5.326224319801044,2.0794415416798357,1.3862943611198906,False,False,False,False,True,False,0.6,8.898260869565217
1.0,9.0,4,3,3,1,5.0,169.78,0,5.14037617847946,1.791759469228055,1.6094379124341003,False,True,False,False,False,True,1.0,84.89
8.0,22.0,4,5,3,0,7.0,186.25,0,5.232444622397329,2.0794415416798357,1.6094379124341003,False,True,False,False,False,True,1.0,20.694444444444443
1.0,11.0,5,1,2,0,5.0,156.62,0,5.060187072925504,1.791759469228055,1.791759469228055,False,False,True,False,True,False,1.6666666666666667,78.31
1.0,15.0,5,4,3,0,1.0,137.61,1,4.931664234225262,0.6931471805599453,1.791759469228055,False,False,True,False,False,True,1.25,68.805
1.0,24.0,4,3,2,1,1.0,152.41,1,5.033114075856682,0.6931471805599453,1.6094379124341003,False,False,True,False,True,False,1.3333333333333333,76.205
22.0,9.0,4,5,5,0,2.0,147.89,0,5.003207778267459,1.0986122886681096,1.6094379124341003,False,True,False,False,False,False,0.6666666666666666,6.43
1.0,7.0,5,3,3,0,4.0,145.07,0,4.984085958862719,1.6094379124341003,1.791759469228055,False,False,True,False,True,False,1.25,72.535
11.0,31.0,4,4,4,0,47.0,220.61,0,5.400919080208756,3.8712010109078907,1.6094379124341003,False,False,False,False,True,False,0.8,18.38416666666667
1.0,14.0,4,4,3,1,1.0,149.72,1,5.015423810828053,0.6931471805599453,1.6094379124341003,False,False,True,False,False,True,1.0,74.86
9.0,24.0,3,2,3,0,9.0,177.79,0,5.186211932763729,2.302585092994046,1.3862943611198906,False,True,False,False,False,True,0.75,17.779
10.0,19.0,4,3,11,1,2.0,171.63,0,5.151150575828457,1.0986122886681096,1.6094379124341003,False,True,False,False,True,False,0.3333333333333333,15.602727272727272
0.0,6.0,3,4,2,1,4.0,132.02,1,4.890499492856275,1.6094379124341003,1.3862943611198906,False,False,True,False,False,True,1.0,132.02
0.0,28.0,4,4,2,0,0.0,128.63,1,4.864684238611951,0.0,1.6094379124341003,False,False,True,False,True,False,1.3333333333333333,128.63
5.0,7.0,5,5,3,0,3.0,147.18,0,4.998427750988511,1.3862943611198906,1.791759469228055,False,False,True,False,True,False,1.25,24.53
1.0,35.0,5,5,5,0,4.0,167.84,1,5.128951520914298,1.6094379124341003,1.791759469228055,False,True,False,False,False,True,0.8333333333333334,83.92
10.0,25.0,4,1,3,0,8.0,146.53,0,4.994031544929475,2.1972245773362196,1.6094379124341003,False,False,True,False,False,True,1.0,13.32090909090909
9.0,7.0,3,5,3,0,2.0,120.8,0,4.802380355275797,1.0986122886681096,1.3862943611198906,False,False,True,False,False,True,0.75,12.08
13.0,10.0,3,3,2,0,9.0,290.33,0,5.674456645274372,2.302585092994046,1.3862943611198906,False,False,False,True,False,False,1.0,20.73785714285714
5.0,18.0,4,1,5,1,3.0,148.56,0,5.007697650108913,1.3862943611198906,1.6094379124341003,False,False,True,False,True,False,0.6666666666666666,24.76
31.0,10.0,2,5,6,1,1.0,151.7,0,5.028475212224587,0.6931471805599453,1.0986122886681096,False,False,True,False,True,False,0.2857142857142857,4.740625
13.0,22.0,3,3,10,0,0.0,135.44,0,4.915884957550445,0.0,1.3862943611198906,False,False,True,False,True,False,0.2727272727272727,9.674285714285714
1.0,15.0,4,3,3,0,1.0,144.04,1,4.977009566446595,0.6931471805599453,1.6094379124341003,False,False,True,False,False,True,1.0,72.02
0.0,6.0,3,1,2,1,8.0,126.86,1,4.850935915338581,2.1972245773362196,1.3862943611198906,False,False,True,False,False,True,1.0,126.86
8.0,14.0,3,3,2,0,0.0,124.04,0,4.828633686113221,0.0,1.3862943611198906,False,False,True,False,False,False,1.0,13.782222222222224
1.0,31.0,5,3,7,1,4.0,145.28,1,4.98552259328118,1.6094379124341003,1.791759469228055,False,False,True,False,False,True,0.625,72.64
15.0,10.0,5,4,4,0,47.0,214.38,0,5.372403909900735,3.8712010109078907,1.791759469228055,False,True,False,False,True,False,1.0,13.39875
18.0,16.0,4,5,3,1,2.0,150.59,0,5.021179507971927,1.0986122886681096,1.6094379124341003,False,False,True,False,False,False,1.0,7.925789473684211
13.0,25.0,4,3,2,0,8.0,170.34,0,5.143649886535898,2.1972245773362196,1.6094379124341003,False,True,False,False,False,True,1.3333333333333333,12.167142857142858
23.0,6.0,3,2,10,0,3.0,273.99,0,5.616734733369035,1.3862943611198906,1.3862943611198906,True,False,False,False,True,False,0.2727272727272727,11.41625
6.0,6.0,1,4,2,1,2.0,154.88,0,5.049086480470509,1.0986122886681096,0.6931471805599453,False,True,False,False,False,False,0.3333333333333333,22.125714285714285
16.0,8.0,3,1,1,0,8.0,135.39,0,4.915518428938784,2.1972245773362196,1.3862943611198906,False,False,True,False,False,True,1.5,7.964117647058822
5.0,9.0,4,3,2,0,3.0,155.67,0,5.054141682405396,1.3862943611198906,1.6094379124341003,False,False,True,False,True,False,1.3333333333333333,25.944999999999997
1.0,15.0,5,5,8,0,3.0,178.26,1,5.188837265929216,1.3862943611198906,1.791759469228055,False,True,False,False,False,True,0.5555555555555556,89.13
11.0,13.0,2,5,6,1,8.0,184.74,0,5.224347846347863,2.1972245773362196,1.0986122886681096,False,True,False,False,True,False,0.2857142857142857,15.395000000000001
23.0,14.0,5,3,10,0,1.0,170.0,0,5.14166355650266,0.6931471805599453,1.791759469228055,False,False,False,False,False,True,0.45454545454545453,7.083333333333333
1.0,36.0,4,3,7,0,1.0,168.06,0,5.130253681500782,0.6931471805599453,1.6094379124341003,False,True,False,False,True,False,0.5,84.03
4.0,30.0,3,1,3,0,4.0,152.38,0,5.032918502336713,1.6094379124341003,1.3862943611198906,False,True,False,False,False,True,0.75,30.476
9.0,17.0,3,4,2,0,2.0,122.44,0,4.815755208054905,1.0986122886681096,1.3862943611198906,False,False,True,False,False,False,1.0,12.244
26.0,14.0,3,1,6,0,47.0,218.36,0,5.390714215814004,3.8712010109078907,1.3862943611198906,True,False,False,False,True,False,0.42857142857142855,8.087407407407408
10.0,19.0,5,1,2,0,47.0,213.58,0,5.3686826292086005,3.8712010109078907,1.791759469228055,False,False,False,False,False,True,1.6666666666666667,19.416363636363638
3.0,9.0,4,3,3,0,3.0,171.49,0,5.150339263776537,1.3862943611198906,1.6094379124341003,False,True,False,False,False,False,1.0,42.8725
30.0,21.0,3,3,3,1,2.0,257.87,0,5.556326005188326,1.0986122886681096,1.3862943611198906,True,False,False,False,True,False,0.75,8.318387096774194
0.0,14.0,3,4,1,0,2.0,124.22,1,4.830072190317164,1.0986122886681096,1.3862943611198906,False,False,True,False,False,True,1.5,124.22
16.0,8.0,3,1,2,0,7.0,156.75,0,5.061011501421323,2.0794415416798357,1.3862943611198906,False,True,False,False,True,False,1.0,9.220588235294118
6.0,19.0,3,2,4,0,2.0,134.52,0,4.909119230903745,1.0986122886681096,1.3862943611198906,False,False,True,False,False,True,0.6,19.217142857142857
13.0,15.0,3,4,9,1,0.0,136.17,0,4.921221032490315,0.0,1.3862943611198906,False,False,True,False,True,False,0.3,9.72642857142857
9.0,8.0,3,1,2,0,2.0,120.14,0,4.7969469015528015,1.0986122886681096,1.3862943611198906,False,False,True,False,True,False,1.0,12.014
31.0,10.0,5,2,5,0,1.0,146.77,0,4.995657010915543,0.6931471805599453,1.791759469228055,False,False,True,False,False,False,0.8333333333333334,4.5865625
1.0,16.0,4,5,3,0,3.0,150.0,0,5.017279836814924,1.3862943611198906,1.6094379124341003,False,False,True,False,False,False,1.0,75.0
11.0,28.0,4,2,7,0,1.0,154.73,0,5.048123738507247,0.6931471805599453,1.6094379124341003,False,False,True,False,False,False,0.5,12.894166666666665
16.0,33.0,1,4,6,0,2.0,148.76,0,5.009034012729282,1.0986122886681096,0.6931471805599453,False,False,True,False,True,False,0.14285714285714285,8.750588235294117
25.0,7.0,5,5,5,0,9.0,199.84,0,5.302508571166505,2.302585092994046,1.791759469228055,False,False,False,False,False,True,0.8333333333333334,7.686153846153847
8.0,24.0,3,1,3,0,2.0,193.62,0,5.271048939393843,1.0986122886681096,1.3862943611198906,False,False,False,False,False,True,0.75,21.513333333333335
4.0,13.0,3,2,5,0,7.0,175.47,0,5.173150890255142,2.0794415416798357,1.3862943611198906,False,True,False,False,True,False,0.5,35.094
2.0,8.0,4,1,3,0,4.0,145.44,0,4.986615788252036,1.6094379124341003,1.6094379124341003,False,False,True,False,True,False,1.0,48.48
24.0,6.0,3,2,2,0,0.0,127.23,0,4.853825526471025,0.0,1.3862943611198906,False,False,True,False,False,False,1.0,5.0892
8.0,31.0,4,3,5,1,1.0,156.61,1,5.0601236271874495,0.6931471805599453,1.6094379124341003,False,False,True,False,True,False,0.6666666666666666,17.401111111111113
14.0,16.0,3,2,8,0,10.0,162.3,0,5.095588999976419,2.3978952727983707,1.3862943611198906,False,True,False,False,False,True,0.3333333333333333,10.82
22.0,14.0,4,4,7,0,47.0,231.2,0,5.4475990692637914,3.8712010109078907,1.6094379124341003,True,False,False,False,True,False,0.5,10.052173913043477
12.0,9.0,4,4,9,0,1.0,198.51,0,5.29586436038697,0.6931471805599453,1.6094379124341003,False,False,False,False,False,True,0.4,15.27
10.0,22.0,6,1,3,0,12.0,179.06,0,5.193290128680331,2.5649493574615367,1.9459101490553132,False,True,False,False,True,False,1.5,16.278181818181817
4.0,14.0,3,2,2,0,9.0,207.93,0,5.34199926763416,2.302585092994046,1.3862943611198906,False,False,False,False,True,False,1.0,41.586
10.0,9.0,4,3,6,0,10.0,150.19,0,5.01853732399211,2.3978952727983707,1.6094379124341003,False,False,True,False,False,True,0.5714285714285714,13.653636363636364
10.0,14.0,3,1,2,1,2.0,123.26,0,4.822376144635548,1.0986122886681096,1.3862943611198906,False,False,True,False,True,False,1.0,11.205454545454545
0.0,16.0,3,5,2,0,8.0,142.13,1,4.963753308196125,2.1972245773362196,1.3862943611198906,False,True,False,False,False,True,1.0,142.13
2.0,26.0,5,5,3,0,4.0,156.96,0,5.062341836418449,1.6094379124341003,1.791759469228055,False,False,True,False,False,False,1.25,52.32
11.0,15.0,3,1,3,0,3.0,147.71,0,5.001998100700592,1.3862943611198906,1.3862943611198906,False,False,True,False,True,False,0.75,12.309166666666668
21.0,35.0,3,3,4,0,47.0,225.04,0,5.420711974761643,3.8712010109078907,1.3862943611198906,False,False,False,False,True,False,0.6,10.229090909090909
3.0,31.0,3,3,8,1,2.0,147.36,0,4.9996417526213905,1.0986122886681096,1.3862943611198906,False,True,False,False,False,False,0.3333333333333333,36.84
22.0,12.0,4,3,3,1,12.0,239.66000000000005,0,5.483385149010017,2.5649493574615367,1.6094379124341003,True,False,False,False,True,False,1.0,10.420000000000002
1.0,13.0,4,5,4,0,4.0,154.6,1,5.047288611744291,1.6094379124341003,1.6094379124341003,False,False,True,False,False,True,0.8,77.3
11.0,12.0,4,2,9,0,5.0,188.47,0,5.2442307006442705,1.791759469228055,1.6094379124341003,False,True,False,False,True,False,0.4,15.705833333333333
0.0,23.0,4,3,2,0,2.0,143.77,0,4.975146276165952,1.0986122886681096,1.6094379124341003,False,True,False,False,True,False,1.3333333333333333,143.77
8.0,9.0,3,2,7,0,8.0,178.23,0,5.188669897243506,2.1972245773362196,1.3862943611198906,False,False,False,False,True,False,0.375,19.80333333333333
25.0,13.0,5,3,2,0,8.0,153.38,0,5.039417095521708,2.1972245773362196,1.791759469228055,False,False,True,False,False,True,1.6666666666666667,5.899230769230769
15.0,14.0,2,3,3,0,9.0,158.76,0,5.07367268910756,2.302585092994046,1.0986122886681096,False,False,True,False,False,False,0.5,9.9225
0.0,6.0,4,3,1,1,2.0,137.3,1,4.929425238670713,1.0986122886681096,1.6094379124341003,False,False,True,False,False,True,2.0,137.3
18.0,15.0,4,3,2,0,12.0,155.93,0,5.055799846050629,2.5649493574615367,1.6094379124341003,False,True,False,False,True,False,1.3333333333333333,8.206842105263158
13.0,26.0,4,1,10,0,3.0,164.02,0,5.106066678676197,1.3862943611198906,1.6094379124341003,False,True,False,False,True,False,0.36363636363636365,11.715714285714286
24.0,36.0,5,3,2,0,8.0,295.46,0,5.691912302085713,2.1972245773362196,1.791759469228055,True,False,False,False,True,False,1.6666666666666667,11.818399999999999
9.0,8.0,3,4,5,1,0.0,169.62,0,5.139438861480548,0.0,1.3862943611198906,False,True,False,False,True,False,0.5,16.962
12.0,36.0,4,2,5,0,8.0,187.61,0,5.23968139106308,2.1972245773362196,1.6094379124341003,False,True,False,False,False,False,0.6666666666666666,14.431538461538462
5.0,14.0,3,4,2,0,7.0,123.7,0,4.825910852685991,2.0794415416798357,1.3862943611198906,False,False,True,False,False,False,1.0,20.616666666666667
0.0,26.0,3,3,2,0,7.0,199.81,0,5.3023591873743685,2.0794415416798357,1.3862943611198906,False,True,False,False,False,True,1.0,199.81
0.0,11.0,4,3,2,1,3.0,157.44,1,5.065375972753716,1.3862943611198906,1.6094379124341003,False,True,False,False,False,True,1.3333333333333333,157.44
12.0,7.0,4,5,5,0,1.0,151.19,0,5.025129740246708,0.6931471805599453,1.6094379124341003,False,False,True,False,False,True,0.6666666666666666,11.629999999999999
0.0,24.0,1,3,3,0,2.0,162.32,0,5.095711466451375,1.0986122886681096,0.6931471805599453,False,True,False,False,True,False,0.25,162.32
9.0,25.0,2,5,3,0,11.0,177.08,0,5.182232887527235,2.4849066497880004,1.0986122886681096,False,True,False,False,True,False,0.5,17.708000000000002
1.0,17.0,4,3,8,0,47.0,225.48,1,5.422656640803644,3.8712010109078907,1.6094379124341003,False,False,False,False,True,False,0.4444444444444444,112.74
9.0,8.0,4,3,2,0,0.0,175.96,0,5.17592371833397,0.0,1.6094379124341003,False,False,False,False,True,False,1.3333333333333333,17.596
17.0,30.0,5,3,3,0,4.0,137.08,0,4.9278332273351175,1.6094379124341003,1.791759469228055,False,False,True,False,False,True,1.25,7.615555555555556
2.0,8.0,3,2,8,0,47.0,221.69,1,5.405780669797565,3.8712010109078907,1.3862943611198906,True,False,False,False,True,False,0.3333333333333333,73.89666666666666
5.0,6.0,3,5,5,0,2.0,140.87,0,4.954911145323894,1.0986122886681096,1.3862943611198906,False,True,False,False,True,False,0.5,23.478333333333335
11.0,6.0,3,1,8,0,9.0,147.35,0,4.99957434673683,2.302585092994046,1.3862943611198906,False,True,False,False,True,False,0.3333333333333333,12.279166666666667
5.0,16.0,3,1,3,0,47.0,212.44,0,5.363355762727259,3.8712010109078907,1.3862943611198906,False,False,False,False,False,True,0.75,35.406666666666666
19.0,9.0,5,1,3,0,10.0,182.7,0,5.21330399222108,2.3978952727983707,1.791759469228055,False,True,False,False,True,False,1.25,9.135
0.0,13.0,3,3,4,1,7.0,133.39,1,4.900746020558973,2.0794415416798357,1.3862943611198906,False,False,True,False,True,False,0.6,133.39
3.0,6.0,4,3,2,0,8.0,184.74,0,5.224347846347863,2.1972245773362196,1.6094379124341003,False,False,False,False,False,True,1.3333333333333333,46.185
7.0,23.0,4,1,3,1,3.0,178.68,0,5.191177490990133,1.3862943611198906,1.6094379124341003,False,True,False,False,True,False,1.0,22.335
6.0,10.0,4,5,3,0,4.0,192.25,0,5.263984687467532,1.6094379124341003,1.6094379124341003,False,True,False,False,True,False,1.0,27.464285714285715
15.0,34.0,4,2,1,0,4.0,145.23,0,4.985180724623787,1.6094379124341003,1.6094379124341003,False,True,False,False,False,False,2.0,9.076875
11.0,7.0,5,5,4,0,3.0,164.2,0,5.107156861086878,1.3862943611198906,1.791759469228055,False,False,True,False,True,False,1.0,13.683333333333332
6.0,21.0,3,1,1,1,1.0,12.0,0,2.5649493574615367,0.6931471805599453,1.3862943611198906,False,True,False,False,True,False,1.5,1.7142857142857142
0.0,30.0,4,5,2,0,9.0,187.22,1,5.237611491430641,2.302585092994046,1.6094379124341003,False,False,False,False,False,True,1.3333333333333333,187.22
14.0,9.0,4,4,5,0,11.0,181.77,0,5.208228531766351,2.4849066497880004,1.6094379124341003,False,True,False,False,True,False,0.6666666666666666,12.118
23.0,34.0,3,5,5,1,2.0,268.8,0,5.597680943773655,1.0986122886681096,1.3862943611198906,True,False,False,False,True,False,0.5,11.200000000000001
27.0,30.0,4,1,8,0,9.0,267.75,0,5.593781579441872,2.302585092994046,1.6094379124341003,True,False,False,False,False,True,0.4444444444444444,9.5625
5.0,25.0,2,3,7,1,2.0,127.59,1,4.856629048282348,1.0986122886681096,1.0986122886681096,False,False,True,False,True,False,0.25,21.265
13.0,7.0,3,2,2,0,47.0,221.13,0,5.403262796069531,3.8712010109078907,1.3862943611198906,False,False,False,False,True,False,1.0,15.795
18.0,31.0,3,4,4,0,0.0,280.61,0,5.64052313501701,0.0,1.3862943611198906,False,False,False,True,False,True,0.6,14.768947368421053
1.0,6.0,3,5,2,0,2.0,135.91,0,4.9193237756456645,1.0986122886681096,1.3862943611198906,False,False,True,False,True,False,1.0,67.955
8.0,16.0,3,3,4,1,4.0,161.42,0,5.090185572854264,1.6094379124341003,1.3862943611198906,False,True,False,False,False,True,0.6,17.935555555555553
15.0,18.0,3,4,9,0,4.0,127.66,0,4.857173265982854,1.6094379124341003,1.3862943611198906,False,False,True,False,True,False,0.3,7.97875
15.0,14.0,4,3,8,0,2.0,175.03,0,5.170654435057881,1.0986122886681096,1.6094379124341003,False,True,False,False,False,True,0.4444444444444444,10.939375
0.0,15.0,3,5,3,1,0.0,131.72,1,4.888241645882189,0.0,1.3862943611198906,False,False,True,False,False,True,0.75,131.72
11.0,17.0,4,5,2,1,4.0,152.82,0,5.035783087628908,1.6094379124341003,1.6094379124341003,False,False,True,False,True,False,1.3333333333333333,12.735
4.0,8.0,3,3,1,0,2.0,130.67,0,4.880298792368253,1.0986122886681096,1.3862943611198906,False,False,True,False,True,False,1.5,26.133999999999997
3.0,16.0,5,2,2,0,3.0,164.83,0,5.110963167226007,1.3862943611198906,1.791759469228055,False,False,True,False,False,True,1.6666666666666667,41.2075
10.0,15.0,2,5,11,0,6.0,242.13,0,5.493596279713942,1.9459101490553132,1.0986122886681096,False,False,False,False,True,False,0.16666666666666666,22.01181818181818
1.0,14.0,4,4,3,0,1.0,151.79,1,5.029064429564623,0.6931471805599453,1.6094379124341003,False,False,True,False,False,True,1.0,75.895
28.0,26.0,4,4,4,0,2.0,232.25,0,5.452110839727453,1.0986122886681096,1.6094379124341003,False,False,False,False,False,False,0.8,8.008620689655173
3.0,13.0,3,3,2,0,9.0,134.91,0,4.911992901967256,2.302585092994046,1.3862943611198906,False,True,False,False,True,False,1.0,33.7275
9.0,8.0,3,3,7,0,2.0,122.31,0,4.814701509882439,1.0986122886681096,1.3862943611198906,False,False,True,False,True,False,0.375,12.231
2.0,16.0,4,1,3,0,8.0,177.53,0,5.18475665432487,2.1972245773362196,1.6094379124341003,False,True,False,False,False,True,1.0,59.17666666666667
14.0,27.0,4,2,6,0,47.0,228.22,0,5.434682241068553,3.8712010109078907,1.6094379124341003,False,False,False,False,False,False,0.5714285714285714,15.214666666666666
8.0,34.0,1,3,2,0,8.0,134.07,0,4.905793162572673,2.1972245773362196,0.6931471805599453,False,True,False,False,True,False,0.3333333333333333,14.896666666666667
10.0,7.0,4,1,6,0,1.0,191.53,0,5.260251985741244,0.6931471805599453,1.6094379124341003,False,True,False,False,False,True,0.5714285714285714,17.41181818181818
31.0,14.0,2,1,2,1,10.0,177.2,0,5.182906515036709,2.3978952727983707,1.0986122886681096,False,True,False,False,True,False,0.6666666666666666,5.5375
1.0,15.0,3,2,2,0,7.0,152.53,0,5.033895987670808,2.0794415416798357,1.3862943611198906,False,True,False,False,False,True,1.0,76.265
10.0,33.0,4,3,8,0,3.0,178.47,0,5.190008063041185,1.3862943611198906,1.6094379124341003,False,True,False,False,True,False,0.4444444444444444,16.224545454545453
8.0,28.0,5,3,1,0,3.0,142.3,0,4.964940334834126,1.3862943611198906,1.791759469228055,False,False,True,False,False,True,2.5,15.811111111111112
10.0,31.0,3,3,4,1,7.0,144.49,0,4.980107355727298,2.0794415416798357,1.3862943611198906,False,True,False,False,False,False,0.6,13.135454545454547
14.0,7.0,5,4,3,0,12.0,260.03,0,5.564635343246042,2.5649493574615367,1.791759469228055,True,False,False,False,True,False,1.25,17.33533333333333
4.0,22.0,5,5,4,0,8.0,196.4,0,5.285232126999381,2.1972245773362196,1.791759469228055,False,False,False,False,True,False,1.0,39.28
2.0,9.0,4,4,3,1,6.0,172.79,0,5.157847673776643,1.9459101490553132,1.6094379124341003,False,True,False,False,False,False,1.0,57.596666666666664
4.0,24.0,4,5,3,1,9.0,244.16000000000005,0,5.501911058617531,2.302585092994046,1.6094379124341003,False,False,False,False,False,False,1.0,48.83200000000001
0.0,14.0,3,1,1,0,1.0,125.23,0,4.838105639764771,0.6931471805599453,1.3862943611198906,False,False,True,False,True,False,1.5,125.23
3.0,13.0,3,5,8,0,2.0,147.79,0,5.002535915839606,1.0986122886681096,1.3862943611198906,False,True,False,False,True,False,0.3333333333333333,36.9475
9.0,9.0,4,1,5,0,12.0,196.99,0,5.2882165243686075,2.5649493574615367,1.6094379124341003,False,False,False,False,True,False,0.6666666666666666,19.699
0.0,14.0,3,2,6,1,4.0,124.36,1,4.831189598047765,1.6094379124341003,1.3862943611198906,False,False,True,False,False,False,0.42857142857142855,124.36
10.0,9.0,5,3,3,0,1.0,200.96,0,5.308069657990715,0.6931471805599453,1.791759469228055,False,False,False,False,True,False,1.25,18.26909090909091
9.0,12.0,3,5,5,1,2.0,120.73,1,4.801805477421505,1.0986122886681096,1.3862943611198906,False,False,True,False,True,False,0.5,12.073
24.0,15.0,3,4,5,1,10.0,298.47,0,5.702014245593553,2.3978952727983707,1.3862943611198906,False,False,False,True,True,False,0.5,11.9388
8.0,28.0,1,4,8,0,47.0,219.96,0,5.397981689660982,3.8712010109078907,0.6931471805599453,False,False,False,False,True,False,0.1111111111111111,24.44
9.0,6.0,3,3,1,0,5.0,120.58,1,4.800572482320576,1.791759469228055,1.3862943611198906,False,False,True,False,False,True,1.5,12.058
1.0,20.0,4,3,5,1,47.0,223.54,1,5.414053865030634,3.8712010109078907,1.6094379124341003,False,True,False,False,False,True,0.6666666666666666,111.77
0.0,8.0,3,1,2,1,3.0,137.6,0,4.931592086755803,1.3862943611198906,1.3862943611198906,False,False,True,False,False,True,1.0,137.6
24.0,7.0,4,2,5,0,7.0,320.17,0,5.771970577959644,2.0794415416798357,1.6094379124341003,False,False,False,True,True,False,0.6666666666666666,12.8068
6.0,14.0,4,4,7,0,1.0,126.22,0,4.845917871250658,0.6931471805599453,1.6094379124341003,False,False,True,False,True,False,0.5,18.03142857142857
9.0,9.0,4,2,5,0,12.0,196.99,0,5.2882165243686075,2.5649493574615367,1.6094379124341003,False,False,False,False,False,False,0.6666666666666666,19.699
8.0,7.0,4,1,1,0,0.0,153.63,0,5.041035166487339,0.0,1.6094379124341003,False,True,False,False,True,False,2.0,17.07
7.0,14.0,4,3,3,0,9.0,184.68,0,5.224024761966182,2.302585092994046,1.6094379124341003,False,True,False,False,True,False,1.0,23.085
8.0,10.0,4,5,6,0,3.0,148.62,1,5.008098746444259,1.3862943611198906,1.6094379124341003,False,False,True,False,False,False,0.5714285714285714,16.513333333333335
4.0,15.0,2,5,2,1,8.0,239.16000000000005,0,5.481305367885152,2.1972245773362196,1.0986122886681096,False,False,False,False,False,False,0.6666666666666666,47.83200000000001
10.0,11.0,1,3,1,0,3.0,135.0,0,4.912654885736052,1.3862943611198906,0.6931471805599453,False,False,True,False,False,True,0.5,12.272727272727273
23.0,28.0,5,1,2,1,9.0,244.11,0,5.501707089375386,2.302585092994046,1.791759469228055,True,False,False,False,False,True,1.6666666666666667,10.17125
17.0,9.0,4,1,3,1,9.0,203.47,0,5.3204212654549625,2.302585092994046,1.6094379124341003,False,True,False,False,True,False,1.0,11.303888888888888
6.0,12.0,2,4,2,1,6.0,157.98,0,5.068778408144967,1.9459101490553132,1.0986122886681096,False,False,True,False,True,False,0.6666666666666666,22.568571428571428
5.0,11.0,4,1,9,0,0.0,196.79,0,5.287205861793318,0.0,1.6094379124341003,False,True,False,False,False,True,0.4,32.79833333333333
1.0,8.0,4,1,11,1,3.0,172.87,1,5.158307893539698,1.3862943611198906,1.6094379124341003,False,False,True,False,True,False,0.3333333333333333,86.435
19.0,27.0,4,3,10,0,2.0,173.5,0,5.161924741642482,1.0986122886681096,1.6094379124341003,False,True,False,False,False,True,0.36363636363636365,8.675
9.0,6.0,4,5,3,0,47.0,215.69,0,5.3784677607308655,3.8712010109078907,1.6094379124341003,False,False,False,False,True,False,1.0,21.569
9.0,16.0,3,1,1,0,1.0,121.45,0,4.8077027833981765,0.6931471805599453,1.3862943611198906,False,False,True,False,True,False,1.5,12.145
12.0,9.0,4,1,7,1,3.0,164.44,0,5.108608591320064,1.3862943611198906,1.6094379124341003,False,False,True,False,False,True,0.5,12.649230769230769
1.0,11.0,5,2,3,1,5.0,183.28,1,5.216456340067716,1.791759469228055,1.791759469228055,False,True,False,False,False,True,1.25,91.64
10.0,11.0,1,3,1,0,3.0,135.0,0,4.912654885736052,1.3862943611198906,0.6931471805599453,False,False,True,False,False,True,0.5,12.272727272727273
12.0,15.0,3,5,2,0,9.0,151.51,0,5.027230167668092,2.302585092994046,1.3862943611198906,False,True,False,False,True,False,1.0,11.654615384615385
0.0,14.0,5,2,2,1,0.0,123.4,1,4.823502180305079,0.0,1.791759469228055,False,False,True,False,False,True,1.6666666666666667,123.4
24.0,10.0,4,4,3,0,8.0,307.0,0,5.730099782973575,2.1972245773362196,1.6094379124341003,False,False,False,True,True,False,1.0,12.28
1.0,17.0,5,5,11,0,47.0,228.06,1,5.43398397796957,3.8712010109078907,1.791759469228055,False,False,False,False,True,False,0.4166666666666667,114.03
8.0,7.0,5,2,3,1,4.0,161.22,0,5.088953438642199,1.6094379124341003,1.791759469228055,False,False,True,False,False,False,1.25,17.913333333333334
10.0,10.0,4,4,5,1,47.0,217.78,0,5.388066658691645,3.8712010109078907,1.6094379124341003,False,True,False,False,False,True,0.6666666666666666,19.798181818181817
0.0,9.0,3,5,2,1,7.0,133.48,1,4.90141548910036,2.0794415416798357,1.3862943611198906,False,False,True,False,False,True,1.0,133.48
16.0,36.0,4,4,3,0,9.0,169.34,0,5.137796439712935,2.302585092994046,1.6094379124341003,False,True,False,False,True,False,1.0,9.961176470588235
4.0,8.0,4,3,2,0,4.0,145.64,0,4.987980603531449,1.6094379124341003,1.6094379124341003,False,False,True,False,True,False,1.3333333333333333,29.127999999999997
25.0,9.0,4,5,2,0,16.0,268.56,0,5.596791000078016,2.833213344056216,1.6094379124341003,True,False,False,False,False,False,1.3333333333333333,10.329230769230769
0.0,22.0,5,5,2,1,7.0,139.19,1,4.942998645380444,2.0794415416798357,1.791759469228055,False,False,True,False,False,True,1.6666666666666667,139.19
12.0,25.0,6,1,5,1,1.0,183.11,0,5.215533405069116,0.6931471805599453,1.9459101490553132,False,True,False,False,True,False,1.0,14.085384615384616
9.0,6.0,4,4,2,1,2.0,120.7,0,4.801558999993482,1.0986122886681096,1.6094379124341003,False,False,True,False,False,True,1.3333333333333333,12.07
7.0,7.0,5,5,5,1,3.0,152.99,0,5.036887665240322,1.3862943611198906,1.791759469228055,False,False,True,False,False,True,0.8333333333333334,19.12375
2.0,8.0,5,1,3,1,8.0,193.34,0,5.269609202411293,2.1972245773362196,1.791759469228055,False,True,False,False,True,False,1.25,64.44666666666667
9.0,14.0,3,2,5,0,7.0,150.79,0,5.022497986638768,2.0794415416798357,1.3862943611198906,False,True,False,False,True,False,0.5,15.078999999999999
23.0,18.0,4,1,5,0,5.0,170.07,0,5.1420728294642,1.791759469228055,1.6094379124341003,False,True,False,False,False,True,0.6666666666666666,7.08625
1.0,9.0,5,1,3,0,1.0,136.02,1,4.920126900574753,0.6931471805599453,1.791759469228055,False,False,True,False,False,True,1.25,68.01
0.0,14.0,3,1,2,0,4.0,126.47,0,4.84788104279483,1.6094379124341003,1.3862943611198906,False,False,True,False,False,True,1.0,126.47
1.0,18.0,4,5,3,1,4.0,172.41,0,5.1556587328104575,1.6094379124341003,1.6094379124341003,False,True,False,False,False,False,1.0,86.205
1.0,9.0,3,4,2,0,0.0,128.56,0,4.864144094303128,0.0,1.3862943611198906,False,False,True,False,True,False,1.0,64.28
1.0,11.0,2,4,3,1,4.0,186.42,0,5.233352087695677,1.6094379124341003,1.0986122886681096,False,True,False,False,True,False,0.5,93.21
8.0,9.0,5,5,8,0,10.0,184.57,0,5.223432169356247,2.3978952727983707,1.791759469228055,False,True,False,False,True,False,0.5555555555555556,20.507777777777775
13.0,32.0,3,5,2,0,5.0,183.96,0,5.220139585484013,1.791759469228055,1.3862943611198906,False,True,False,False,False,False,1.0,13.14
0.0,6.0,4,3,6,0,7.0,206.09,1,5.333153481383494,2.0794415416798357,1.6094379124341003,False,False,False,False,False,False,0.5714285714285714,206.09
22.0,6.0,3,3,5,0,0.0,253.79,0,5.540439676460028,0.0,1.3862943611198906,True,False,False,False,False,True,0.5,11.034347826086956
17.0,14.0,4,5,10,0,47.0,224.85,0,5.419871062100613,3.8712010109078907,1.6094379124341003,False,False,False,False,True,False,0.36363636363636365,12.491666666666667
0.0,8.0,3,3,7,1,2.0,139.77,0,4.947127352839874,1.0986122886681096,1.3862943611198906,False,False,True,False,True,False,0.375,139.77
0.0,15.0,4,5,8,0,3.0,134.07,1,4.905793162572673,1.3862943611198906,1.6094379124341003,False,True,False,False,False,True,0.4444444444444444,134.07
21.0,14.0,3,5,9,0,6.0,123.67,0,4.825670246356884,1.9459101490553132,1.3862943611198906,False,False,True,False,True,False,0.3,5.621363636363636
27.0,14.0,3,3,8,0,0.0,137.8,0,4.933034048072704,0.0,1.3862943611198906,False,True,False,False,False,True,0.3333333333333333,4.921428571428572
4.0,18.0,3,3,2,0,8.0,295.45,1,5.691878570153377,2.1972245773362196,1.3862943611198906,False,False,False,True,False,False,1.0,59.089999999999996
0.0,22.0,3,4,10,0,2.0,128.11,0,4.860664754186628,1.0986122886681096,1.3862943611198906,False,False,True,False,True,False,0.2727272727272727,128.11
10.0,13.0,6,3,3,0,8.0,152.41,0,5.033114075856682,2.1972245773362196,1.9459101490553132,False,False,True,False,True,False,1.5,13.855454545454545
10.0,21.0,4,2,2,1,12.0,190.86,0,5.256765939389801,2.5649493574615367,1.6094379124341003,False,True,False,False,False,False,1.3333333333333333,17.35090909090909
20.0,22.0,1,3,2,1,7.0,150.67,0,5.021707108063305,2.0794415416798357,0.6931471805599453,False,True,False,False,True,False,0.3333333333333333,7.174761904761904
11.0,16.0,4,3,1,1,7.0,187.4,0,5.238567362142263,2.0794415416798357,1.6094379124341003,False,False,False,False,True,False,2.0,15.616666666666667
0.0,8.0,1,3,2,0,7.0,152.06,0,5.030830001381775,2.0794415416798357,0.6931471805599453,False,True,False,False,True,False,0.3333333333333333,152.06
9.0,13.0,3,1,2,1,2.0,122.75,1,4.8182634014487995,1.0986122886681096,1.3862943611198906,False,False,True,False,True,False,1.0,12.275
1.0,15.0,4,4,3,0,8.0,187.14,0,5.237186366543805,2.1972245773362196,1.6094379124341003,False,True,False,False,True,False,1.0,93.57
9.0,11.0,3,4,2,1,0.0,118.78,1,4.785656726836316,0.0,1.3862943611198906,False,False,True,False,False,True,1.0,11.878
19.0,9.0,5,1,3,0,10.0,182.7,0,5.21330399222108,2.3978952727983707,1.791759469228055,False,True,False,False,True,False,1.25,9.135
1.0,26.0,4,1,3,0,3.0,148.23,0,5.0054887399433765,1.3862943611198906,1.6094379124341003,False,False,True,False,True,False,1.0,74.115
9.0,17.0,4,3,5,1,5.0,186.42,0,5.233352087695677,1.791759469228055,1.6094379124341003,False,True,False,False,False,True,0.6666666666666666,18.642
0.0,8.0,3,3,7,0,1.0,143.82,1,4.975491591960675,0.6931471805599453,1.3862943611198906,False,False,True,False,False,True,0.375,143.82
7.0,14.0,3,3,4,0,3.0,161.42,0,5.090185572854264,1.3862943611198906,1.3862943611198906,False,True,False,False,False,True,0.6,20.1775
10.0,14.0,4,4,4,0,4.0,145.13,0,4.984496636486561,1.6094379124341003,1.6094379124341003,False,False,True,False,False,True,0.8,13.193636363636363
24.0,9.0,4,3,4,1,8.0,317.37,0,5.763214228425613,2.1972245773362196,1.6094379124341003,False,False,False,True,False,False,0.8,12.6948
1.0,31.0,5,3,7,1,4.0,145.28,1,4.98552259328118,1.6094379124341003,1.791759469228055,False,False,True,False,False,True,0.625,72.64
1.0,12.0,2,4,3,1,3.0,148.28,0,5.005823737099034,1.3862943611198906,1.0986122886681096,False,False,True,False,True,False,0.5,74.14
5.0,8.0,6,5,3,0,8.0,175.03,0,5.170654435057881,2.1972245773362196,1.9459101490553132,False,True,False,False,True,False,1.5,29.171666666666667
9.0,16.0,3,3,4,0,7.0,170.94,0,5.147145578746298,2.0794415416798357,1.3862943611198906,False,False,False,False,True,False,0.6,17.094
1.0,24.0,4,3,3,1,8.0,148.94,1,5.010235214074916,2.1972245773362196,1.6094379124341003,False,False,True,False,False,True,1.0,74.47
21.0,28.0,3,1,4,0,7.0,271.74,0,5.608518960429688,2.0794415416798357,1.3862943611198906,True,False,False,False,True,False,0.6,12.351818181818182
21.0,11.0,5,4,10,1,47.0,228.33,0,5.435162014275881,3.8712010109078907,1.791759469228055,False,False,False,False,True,False,0.45454545454545453,10.378636363636364
21.0,32.0,4,3,4,0,47.0,211.33,0,5.358141668193703,3.8712010109078907,1.6094379124341003,False,False,False,False,False,True,0.8,9.605909090909092
9.0,12.0,1,5,4,1,2.0,155.62,0,5.053822489322791,1.0986122886681096,0.6931471805599453,False,True,False,False,True,False,0.2,15.562000000000001
1.0,36.0,4,5,3,0,3.0,164.07,0,5.10636962635945,1.3862943611198906,1.6094379124341003,False,False,True,False,True,False,1.0,82.035
10.0,27.0,3,1,6,0,0.0,129.73,0,4.873134127573769,0.0,1.3862943611198906,False,False,True,False,True,False,0.42857142857142855,11.793636363636363
0.0,10.0,3,5,2,0,0.0,129.73,1,4.873134127573769,0.0,1.3862943611198906,False,False,True,False,False,True,1.0,129.73
0.0,14.0,5,3,1,0,0.0,123.51,1,4.824386033964322,0.0,1.791759469228055,False,False,True,False,True,False,2.5,123.51
11.0,7.0,4,2,3,0,8.0,146.15,0,4.991452474679482,2.1972245773362196,1.6094379124341003,False,False,True,False,False,True,1.0,12.179166666666667
8.0,12.0,5,5,4,0,9.0,241.31,0,5.490217898122315,2.302585092994046,1.791759469228055,False,False,False,False,False,True,1.0,26.81222222222222
27.0,8.0,5,3,6,1,3.0,254.65,0,5.543809321526008,1.3862943611198906,1.791759469228055,True,False,False,False,True,False,0.7142857142857143,9.094642857142857
16.0,11.0,4,5,9,0,6.0,176.55,0,5.179252259389097,1.9459101490553132,1.6094379124341003,False,True,False,False,False,True,0.4,10.38529411764706
6.0,8.0,3,1,2,0,4.0,155.05,0,5.0501764687167885,1.6094379124341003,1.3862943611198906,False,True,False,False,True,False,1.0,22.150000000000002
11.0,18.0,4,3,6,0,3.0,161.29,0,5.08938485832779,1.3862943611198906,1.6094379124341003,False,False,True,False,False,True,0.5714285714285714,13.440833333333332
0.0,14.0,4,5,2,1,0.0,126.0,1,4.844187086458591,0.0,1.6094379124341003,False,False,True,False,False,True,1.3333333333333333,126.0
3.0,13.0,3,3,2,0,9.0,134.91,0,4.911992901967256,2.302585092994046,1.3862943611198906,False,True,False,False,True,False,1.0,33.7275
9.0,6.0,4,3,2,0,3.0,120.07,0,4.7963688907196484,1.3862943611198906,1.6094379124341003,False,False,True,False,True,False,1.3333333333333333,12.007
15.0,13.0,4,5,4,1,18.0,172.21,0,5.154504731182189,2.9444389791664403,1.6094379124341003,False,False,True,False,False,True,0.8,10.763125
12.0,14.0,3,3,2,0,7.0,137.55,0,4.931231271308987,2.0794415416798357,1.3862943611198906,False,False,True,False,True,False,1.0,10.580769230769231
8.0,11.0,3,4,1,0,13.0,180.95,0,5.203731924058169,2.639057329615259,1.3862943611198906,False,False,False,False,False,True,1.5,20.105555555555554
9.0,8.0,3,4,2,0,2.0,122.26,0,4.814295945534097,1.0986122886681096,1.3862943611198906,False,False,True,False,True,False,1.0,12.226
16.0,15.0,3,3,4,1,7.0,156.79,0,5.061265035047578,2.0794415416798357,1.3862943611198906,False,True,False,False,True,False,0.6,9.222941176470588
25.0,14.0,5,3,4,0,1.0,186.32,0,5.232818384315341,0.6931471805599453,1.791759469228055,False,True,False,False,True,False,1.0,7.166153846153846
14.0,6.0,3,5,1,0,7.0,141.03,0,4.956038302893036,2.0794415416798357,1.3862943611198906,False,True,False,False,True,False,1.5,9.402
3.0,27.0,4,2,4,0,3.0,194.31,0,5.2745880398488,1.3862943611198906,1.6094379124341003,False,True,False,False,True,False,0.8,48.5775
14.0,17.0,2,3,5,1,8.0,147.13,0,4.998090266593961,2.1972245773362196,1.0986122886681096,False,False,True,False,True,False,0.3333333333333333,9.808666666666666
22.0,17.0,3,1,4,0,4.0,145.07,0,4.984085958862719,1.6094379124341003,1.3862943611198906,False,True,False,False,False,True,0.6,6.307391304347826
23.0,30.0,3,3,4,1,5.0,239.73,0,5.483675973499488,1.791759469228055,1.3862943611198906,True,False,False,False,False,False,0.6,9.98875
6.0,15.0,3,2,1,0,10.0,127.81,0,4.858338450407997,2.3978952727983707,1.3862943611198906,False,False,True,False,False,False,1.5,18.25857142857143
24.0,27.0,4,3,4,1,14.0,237.45,0,5.474159644744233,2.70805020110221,1.6094379124341003,True,False,False,False,True,False,0.8,9.498
14.0,14.0,3,3,10,1,7.0,124.61,1,4.833181868699161,2.0794415416798357,1.3862943611198906,False,False,True,False,False,False,0.2727272727272727,8.307333333333334
18.0,29.0,3,5,2,1,8.0,136.33,0,4.922386788542191,2.1972245773362196,1.3862943611198906,False,True,False,False,True,False,1.0,7.1752631578947375
1.0,25.0,4,5,2,0,3.0,131.96,0,4.890048331107138,1.3862943611198906,1.6094379124341003,False,False,True,False,False,False,1.3333333333333333,65.98
10.0,16.0,2,4,3,0,3.0,153.1,0,5.03760174232607,1.3862943611198906,1.0986122886681096,False,False,True,False,True,False,0.5,13.918181818181818
9.0,11.0,3,5,5,0,2.0,180.08,0,5.198938922567758,1.0986122886681096,1.3862943611198906,False,False,False,False,True,False,0.5,18.008000000000003
0.0,13.0,1,5,1,0,7.0,135.78,0,4.91837379566995,2.0794415416798357,0.6931471805599453,False,False,True,False,False,True,0.5,135.78
31.0,14.0,4,5,7,0,11.0,320.66,0,5.773495087067501,2.4849066497880004,1.6094379124341003,False,False,False,True,True,False,0.5,10.020625
19.0,9.0,5,2,11,0,9.0,292.92,0,5.683307621466816,2.302585092994046,1.791759469228055,True,False,False,False,False,False,0.4166666666666667,14.646
4.0,9.0,5,1,7,1,1.0,193.77,0,5.271819375241808,0.6931471805599453,1.791759469228055,False,True,False,False,False,True,0.625,38.754000000000005
6.0,31.0,4,4,2,0,2.0,143.2,0,4.971201224850849,1.0986122886681096,1.6094379124341003,False,True,False,False,False,True,1.3333333333333333,20.457142857142856
27.0,13.0,4,3,4,1,6.0,148.06,0,5.004348909453547,1.9459101490553132,1.6094379124341003,False,True,False,False,True,False,0.8,5.287857142857143
4.0,13.0,5,2,2,0,8.0,171.27,0,5.149063013458278,2.1972245773362196,1.791759469228055,False,True,False,False,False,False,1.6666666666666667,34.254000000000005
12.0,19.0,5,5,4,0,3.0,187.88,0,5.2411118927772575,1.3862943611198906,1.791759469228055,False,True,False,False,True,False,1.0,14.452307692307691
20.0,20.0,3,5,3,0,7.0,149.6,0,5.014627315365793,2.0794415416798357,1.3862943611198906,False,True,False,False,False,True,0.75,7.123809523809523
13.0,10.0,4,1,8,0,11.0,208.55,0,5.344962374371081,2.4849066497880004,1.6094379124341003,False,False,False,False,True,False,0.4444444444444444,14.896428571428572
3.0,9.0,5,4,4,0,1.0,191.44,0,5.259784416831253,0.6931471805599453,1.791759469228055,False,True,False,False,True,False,1.0,47.86
17.0,11.0,3,4,8,0,10.0,282.13,0,5.645906156125512,2.3978952727983707,1.3862943611198906,False,False,False,True,False,False,0.3333333333333333,15.67388888888889
13.0,6.0,3,1,5,0,3.0,165.13,0,5.1127706143983875,1.3862943611198906,1.3862943611198906,False,True,False,False,True,False,0.5,11.795
1.0,9.0,4,5,8,1,3.0,145.42,1,4.986479204218496,1.3862943611198906,1.6094379124341003,False,False,True,False,False,False,0.4444444444444444,72.71
20.0,7.0,3,1,8,0,2.0,134.2,0,4.906755163608864,1.0986122886681096,1.3862943611198906,False,False,True,False,True,False,0.3333333333333333,6.39047619047619
4.0,26.0,3,3,2,0,0.0,169.32,0,5.137679020585224,0.0,1.3862943611198906,False,True,False,False,True,False,1.0,33.864
13.0,15.0,3,5,1,0,1.0,154.73,0,5.048123738507247,0.6931471805599453,1.3862943611198906,False,True,False,False,True,False,1.5,11.052142857142856
14.0,8.0,4,1,6,0,4.0,190.13,0,5.252953824796506,1.6094379124341003,1.6094379124341003,False,True,False,False,True,False,0.5714285714285714,12.675333333333333
11.0,10.0,4,3,3,0,47.0,219.34,0,5.395171807911919,3.8712010109078907,1.6094379124341003,False,False,False,False,False,False,1.0,18.278333333333332
18.0,32.0,4,5,2,0,5.0,143.85,0,4.975698724215359,1.791759469228055,1.6094379124341003,False,True,False,False,True,False,1.3333333333333333,7.571052631578947
24.0,27.0,3,1,1,1,0.0,154.41,0,5.04606678592752,0.0,1.3862943611198906,False,True,False,False,False,True,1.5,6.1764
1.0,22.0,2,5,1,0,7.0,156.61,0,5.0601236271874495,2.0794415416798357,1.0986122886681096,False,True,False,False,False,True,1.0,78.305
29.0,14.0,3,5,5,1,2.0,142.57,0,4.966822721139603,1.0986122886681096,1.3862943611198906,False,False,True,False,True,False,0.5,4.7523333333333335
9.0,15.0,3,5,4,0,0.0,120.18,1,4.797277043516843,0.0,1.3862943611198906,False,False,True,False,False,True,0.6,12.018
10.0,9.0,3,4,4,0,1.0,141.07,0,4.956319893883986,0.6931471805599453,1.3862943611198906,False,True,False,False,False,True,0.6,12.824545454545454
28.0,10.0,4,5,4,0,6.0,184.4,0,5.2225156531317545,1.9459101490553132,1.6094379124341003,False,True,False,False,False,False,0.8,6.358620689655172
12.0,13.0,5,3,4,0,8.0,178.21,0,5.188558302555298,2.1972245773362196,1.791759469228055,False,True,False,False,True,False,1.0,13.708461538461538
1.0,28.0,5,4,3,1,1.0,146.21,1,4.991860138769922,0.6931471805599453,1.791759469228055,False,False,True,False,False,True,1.25,73.105
10.0,14.0,2,5,4,0,14.0,171.39,0,5.149759351906887,2.70805020110221,1.0986122886681096,False,True,False,False,True,False,0.4,15.58090909090909
1.0,20.0,4,5,4,0,3.0,167.33,1,5.1259263384309905,1.3862943611198906,1.6094379124341003,False,True,False,False,True,False,0.8,83.665
19.0,14.0,4,5,4,0,47.0,222.24,0,5.408247425920233,3.8712010109078907,1.6094379124341003,False,False,False,False,True,False,0.8,11.112
7.0,15.0,4,4,2,0,7.0,186.21,0,5.232230981420177,2.0794415416798357,1.6094379124341003,False,False,False,False,False,True,1.3333333333333333,23.27625
4.0,26.0,3,3,2,0,0.0,169.32,0,5.137679020585224,0.0,1.3862943611198906,False,True,False,False,False,False,1.0,33.864
1.0,27.0,4,3,3,0,47.0,224.81,0,5.41969393771455,3.8712010109078907,1.6094379124341003,False,True,False,False,False,True,1.0,112.405
8.0,7.0,5,5,2,0,10.0,178.43,0,5.189785159724575,2.3978952727983707,1.791759469228055,False,True,False,False,False,True,1.6666666666666667,19.825555555555557
3.0,30.0,2,3,3,0,8.0,152.0,0,5.030437921392435,2.1972245773362196,1.0986122886681096,False,False,True,False,False,False,0.5,38.0
11.0,23.0,5,3,6,0,1.0,188.34,0,5.243544340700745,0.6931471805599453,1.791759469228055,False,True,False,False,True,False,0.7142857142857143,15.695
13.0,22.0,3,1,7,1,3.0,179.45,0,5.195453731088797,1.3862943611198906,1.3862943611198906,False,False,False,False,False,True,0.375,12.817857142857141
3.0,17.0,4,3,3,0,1.0,151.42,0,5.026639868237972,0.6931471805599453,1.6094379124341003,False,False,True,False,False,True,1.0,37.855
31.0,16.0,5,4,6,1,1.0,158.46,0,5.07179310707435,0.6931471805599453,1.791759469228055,False,False,True,False,False,False,0.7142857142857143,4.951875
10.0,15.0,3,4,2,0,7.0,188.34,0,5.243544340700745,2.0794415416798357,1.3862943611198906,False,False,False,False,True,False,1.0,17.12181818181818
1.0,30.0,4,5,11,1,47.0,224.5,1,5.418320158942733,3.8712010109078907,1.6094379124341003,False,False,False,False,True,False,0.3333333333333333,112.25
1.0,16.0,4,5,4,1,1.0,156.72,1,5.060821309009427,0.6931471805599453,1.6094379124341003,False,False,True,False,False,True,0.8,78.36
9.0,15.0,4,4,3,1,2.0,188.47,0,5.2442307006442705,1.0986122886681096,1.6094379124341003,False,True,False,False,True,False,1.0,18.847
11.0,11.0,4,2,6,0,9.0,25.0,0,3.258096538021482,2.302585092994046,1.6094379124341003,False,False,True,False,True,False,0.5714285714285714,2.0833333333333335
28.0,10.0,4,1,5,0,10.0,302.79,0,5.716336673227553,2.3978952727983707,1.6094379124341003,True,False,False,False,True,False,0.6666666666666666,10.44103448275862
11.0,6.0,1,3,2,0,0.0,128.44,0,4.863217453310182,0.0,0.6931471805599453,False,False,True,False,True,False,0.3333333333333333,10.703333333333333
10.0,10.0,2,5,8,0,5.0,193.42,0,5.270020767392923,1.791759469228055,1.0986122886681096,False,True,False,False,True,False,0.2222222222222222,17.583636363636362
26.0,13.0,2,3,4,0,3.0,248.14,0,5.5180149874579465,1.3862943611198906,1.0986122886681096,True,False,False,False,False,False,0.4,9.19037037037037
23.0,6.0,3,4,4,1,7.0,281.72,0,5.644457008571386,2.0794415416798357,1.3862943611198906,False,False,False,True,True,False,0.6,11.738333333333335
22.0,6.0,4,3,8,1,7.0,239.64,0,5.483302040761475,2.0794415416798357,1.6094379124341003,True,False,False,False,False,True,0.4444444444444444,10.419130434782607
10.0,11.0,4,4,9,0,3.0,176.31,0,5.177899613068897,1.3862943611198906,1.6094379124341003,False,True,False,False,True,False,0.4,16.028181818181817
1.0,21.0,5,4,3,1,3.0,162.43,1,5.096384764104966,1.3862943611198906,1.791759469228055,False,False,True,False,True,False,1.25,81.215
10.0,8.0,3,3,5,1,0.0,196.02,0,5.283305246427533,0.0,1.3862943611198906,False,True,False,False,False,False,0.5,17.82
4.0,13.0,4,3,2,0,9.0,189.43,0,5.249284672970726,2.302585092994046,1.6094379124341003,False,False,False,False,False,False,1.3333333333333333,37.886
8.0,6.0,3,3,2,0,3.0,148.59,0,5.007898218386369,1.3862943611198906,1.3862943611198906,False,True,False,False,False,True,1.0,16.51
12.0,8.0,5,5,6,0,1.0,153.58,0,5.040711761678725,0.6931471805599453,1.791759469228055,False,False,True,False,False,True,0.7142857142857143,11.813846153846155
1.0,9.0,4,5,9,0,8.0,152.07,1,5.030895333103616,2.1972245773362196,1.6094379124341003,False,False,True,False,True,False,0.4,76.035
7.0,21.0,4,4,3,0,7.0,152.56,0,5.034091370132597,2.0794415416798357,1.6094379124341003,False,False,True,False,True,False,1.0,19.07
19.0,36.0,4,1,6,1,47.0,218.8,0,5.392718041969521,3.8712010109078907,1.6094379124341003,False,False,False,False,True,False,0.5714285714285714,10.940000000000001
1.0,9.0,4,1,2,0,2.0,150.23,0,5.018801856762649,1.0986122886681096,1.6094379124341003,False,False,True,False,True,False,1.3333333333333333,75.115
10.0,25.0,4,2,4,0,10.0,202.79,0,5.31709005187132,2.3978952727983707,1.6094379124341003,False,True,False,False,False,True,0.8,18.435454545454544
12.0,9.0,2,4,10,0,6.0,163.89,0,5.105278584912877,1.9459101490553132,1.0986122886681096,False,True,False,False,False,False,0.18181818181818182,12.606923076923076
9.0,7.0,4,3,3,0,4.0,173.59,0,5.162440367996683,1.6094379124341003,1.6094379124341003,False,True,False,False,False,True,1.0,17.359
8.0,15.0,2,3,3,0,9.0,192.99,0,5.267806611343015,2.302585092994046,1.0986122886681096,False,True,False,False,True,False,0.5,21.443333333333335
12.0,8.0,4,1,9,0,10.0,172.35,0,5.155312672131032,2.3978952727983707,1.6094379124341003,False,True,False,False,True,False,0.4,13.257692307692308
1.0,15.0,6,3,3,0,3.0,171.21,0,5.1487146623168085,1.3862943611198906,1.9459101490553132,False,False,True,False,False,False,1.5,85.605
28.0,12.0,4,5,6,0,3.0,319.06,0,5.768508478217845,1.3862943611198906,1.6094379124341003,False,False,False,True,True,False,0.5714285714285714,11.00206896551724
2.0,7.0,6,2,2,0,6.0,191.74,0,5.261342130423142,1.9459101490553132,1.9459101490553132,False,True,False,False,False,False,2.0,63.913333333333334
3.0,6.0,3,4,2,0,7.0,137.48,0,4.930725910867953,2.0794415416798357,1.3862943611198906,False,False,True,False,True,False,1.0,34.37
4.0,17.0,5,3,3,0,5.0,190.78,0,5.256348881725535,1.791759469228055,1.791759469228055,False,True,False,False,False,False,1.25,38.156
0.0,14.0,4,1,2,1,1.0,123.89,1,4.827433349874994,0.6931471805599453,1.6094379124341003,False,False,True,False,False,True,1.3333333333333333,123.89
14.0,17.0,5,4,4,0,47.0,222.05,0,5.407395961574274,3.8712010109078907,1.791759469228055,False,False,False,False,True,False,1.0,14.803333333333335
17.0,13.0,4,1,4,0,17.0,202.48,0,5.315567719954564,2.8903717578961645,1.6094379124341003,False,False,False,False,True,False,0.8,11.248888888888889
7.0,6.0,4,3,2,1,6.0,170.83,0,5.146505615958654,1.9459101490553132,1.6094379124341003,False,False,False,False,False,False,1.3333333333333333,21.35375
8.0,8.0,3,4,6,0,2.0,144.25,0,4.978456395732021,1.0986122886681096,1.3862943611198906,False,True,False,False,False,True,0.42857142857142855,16.02777777777778
16.0,9.0,4,5,2,0,8.0,301.65,0,5.712577022337696,2.1972245773362196,1.6094379124341003,True,False,False,False,False,False,1.3333333333333333,17.74411764705882
20.0,8.0,2,5,3,0,13.0,300.67,0,5.709333704694526,2.639057329615259,1.0986122886681096,True,False,False,False,False,True,0.5,14.317619047619049
2.0,19.0,4,4,5,1,3.0,140.25,0,4.9505313700265505,1.3862943611198906,1.6094379124341003,False,True,False,False,True,False,0.6666666666666666,46.75
10.0,14.0,3,2,2,1,2.0,123.26,0,4.822376144635548,1.0986122886681096,1.3862943611198906,False,False,True,False,False,False,1.0,11.205454545454545
29.0,33.0,2,4,6,1,5.0,321.36,0,5.775668933456311,1.791759469228055,1.0986122886681096,False,False,False,True,True,False,0.2857142857142857,10.712
1.0,7.0,5,4,3,0,1.0,153.36,0,5.039287536669418,0.6931471805599453,1.791759469228055,False,False,True,False,False,True,1.25,76.68
27.0,17.0,3,1,4,0,12.0,260.32,0,5.56574570997255,2.5649493574615367,1.3862943611198906,True,False,False,False,True,False,0.6,9.297142857142857
3.0,9.0,5,5,4,1,1.0,161.46,1,5.090431817622807,0.6931471805599453,1.791759469228055,False,False,True,False,False,True,1.0,40.365
0.0,10.0,1,4,2,1,3.0,161.42,0,5.090185572854264,1.3862943611198906,0.6931471805599453,False,True,False,False,True,False,0.3333333333333333,161.42
0.0,14.0,3,5,2,0,2.0,125.0,0,4.836281906951478,1.0986122886681096,1.3862943611198906,False,False,True,False,True,False,1.0,125.0
10.0,17.0,3,2,2,1,47.0,221.85,0,5.406498899392565,3.8712010109078907,1.3862943611198906,False,False,False,False,True,False,1.0,20.168181818181818
3.0,14.0,3,3,6,0,7.0,172.64,0,5.156984190431393,2.0794415416798357,1.3862943611198906,False,False,False,False,True,False,0.42857142857142855,43.16
4.0,29.0,5,3,4,1,1.0,188.8,1,5.245970886175828,0.6931471805599453,1.791759469228055,False,True,False,False,False,False,1.0,37.760000000000005
11.0,8.0,5,1,3,1,3.0,154.05,0,5.043747645546458,1.3862943611198906,1.791759469228055,False,True,False,False,True,False,1.25,12.8375
5.0,33.0,4,3,3,0,4.0,154.11,0,5.04413454263666,1.6094379124341003,1.6094379124341003,False,False,True,False,True,False,1.0,25.685000000000002
14.0,9.0,5,3,8,0,1.0,159.48,0,5.078169324213626,0.6931471805599453,1.791759469228055,False,True,False,False,True,False,0.5555555555555556,10.632
3.0,17.0,4,4,2,0,2.0,157.91,0,5.068338004224545,1.0986122886681096,1.6094379124341003,False,False,True,False,True,False,1.3333333333333333,39.4775
9.0,12.0,3,3,9,0,2.0,122.67,0,4.817616727753966,1.0986122886681096,1.3862943611198906,False,False,True,False,True,False,0.3,12.267
1.0,9.0,6,1,7,1,3.0,159.64,1,5.079165836503364,1.3862943611198906,1.9459101490553132,False,False,True,False,True,False,0.75,79.82
31.0,10.0,5,2,7,0,6.0,176.71,0,5.180153008197395,1.9459101490553132,1.791759469228055,False,True,False,False,False,True,0.625,5.5221875
15.0,11.0,4,3,11,1,8.0,149.61,1,5.014693714223758,2.1972245773362196,1.6094379124341003,False,False,True,False,False,False,0.3333333333333333,9.350625
1.0,16.0,5,5,9,0,4.0,159.07,1,5.075611219558606,1.6094379124341003,1.791759469228055,False,True,False,False,False,True,0.5,79.535
14.0,12.0,3,3,2,0,7.0,192.41,0,5.2648122879906385,2.0794415416798357,1.3862943611198906,False,False,False,False,False,True,1.0,12.827333333333334
10.0,17.0,4,5,9,1,8.0,208.21,0,5.343338532195557,2.1972245773362196,1.6094379124341003,False,False,False,False,True,False,0.4,18.92818181818182
1.0,22.0,4,3,3,0,3.0,151.1,1,5.024538199265248,1.3862943611198906,1.6094379124341003,False,False,True,False,False,False,1.0,75.55
9.0,11.0,3,3,5,0,0.0,120.93,0,4.803447109572174,0.0,1.3862943611198906,False,False,True,False,False,False,0.5,12.093
13.0,7.0,4,3,3,1,7.0,316.97,0,5.761957038707274,2.0794415416798357,1.6094379124341003,False,False,False,True,True,False,1.0,22.64071428571429
13.0,8.0,3,3,1,0,9.0,294.36,0,5.688194951314488,2.302585092994046,1.3862943611198906,False,False,False,True,True,False,1.5,21.025714285714287
23.0,35.0,4,3,1,0,7.0,270.46,0,5.603814798869819,2.0794415416798357,1.6094379124341003,True,False,False,False,True,False,2.0,11.269166666666665
9.0,9.0,3,4,2,0,0.0,114.83,0,4.752123598944254,0.0,1.3862943611198906,False,False,True,False,False,True,1.0,11.483
21.0,9.0,4,3,6,0,1.0,149.79,1,5.0158881403777045,0.6931471805599453,1.6094379124341003,False,False,True,False,False,True,0.5714285714285714,6.808636363636364
5.0,8.0,1,1,8,0,7.0,150.55,0,5.020915603503812,2.0794415416798357,0.6931471805599453,False,True,False,False,False,True,0.1111111111111111,25.09166666666667
30.0,35.0,4,2,4,0,0.0,241.18,0,5.48968125132622,0.0,1.6094379124341003,True,False,False,False,True,False,0.8,7.78
1.0,10.0,4,3,3,0,1.0,139.2,1,4.94306997460049,0.6931471805599453,1.6094379124341003,False,False,True,False,False,True,1.0,69.6
15.0,11.0,3,3,7,0,0.0,283.03,0,5.649079866385166,0.0,1.3862943611198906,False,False,False,True,False,False,0.375,17.689375
20.0,7.0,4,5,9,0,47.0,218.96,0,5.393445711639614,3.8712010109078907,1.6094379124341003,False,False,False,False,True,False,0.4,10.426666666666668
13.0,9.0,4,3,2,0,9.0,234.38,0,5.461201229449516,2.302585092994046,1.6094379124341003,False,False,False,False,False,True,1.3333333333333333,16.74142857142857
27.0,28.0,3,3,4,0,7.0,274.26,0,5.617716105551386,2.0794415416798357,1.3862943611198906,True,False,False,False,True,False,0.6,9.795
9.0,14.0,3,1,5,0,7.0,150.79,0,5.022497986638768,2.0794415416798357,1.3862943611198906,False,True,False,False,True,False,0.5,15.078999999999999
11.0,7.0,4,4,8,0,4.0,189.47,0,5.249494701850468,1.6094379124341003,1.6094379124341003,False,True,False,False,False,False,0.4444444444444444,15.789166666666667
1.0,14.0,4,3,3,0,2.0,173.83,1,5.163814073209558,1.0986122886681096,1.6094379124341003,False,True,False,False,True,False,1.0,86.915
1.0,32.0,6,3,3,0,2.0,147.93,1,5.003476396897776,1.0986122886681096,1.9459101490553132,False,False,True,False,False,True,1.5,73.965
3.0,7.0,3,4,1,1,7.0,135.79,0,4.918446903101353,2.0794415416798357,1.3862943611198906,False,False,True,False,True,False,1.5,33.9475
26.0,6.0,4,3,5,1,47.0,229.65,0,5.440901410003829,3.8712010109078907,1.6094379124341003,True,False,False,False,True,False,0.6666666666666666,8.505555555555556
9.0,14.0,3,3,2,0,0.0,119.04,1,4.787825020572166,0.0,1.3862943611198906,False,False,True,False,False,True,1.0,11.904
2.0,8.0,3,4,1,0,2.0,131.8,0,4.888844237042334,1.0986122886681096,1.3862943611198906,False,False,True,False,True,False,1.5,43.93333333333334
6.0,8.0,3,4,9,0,7.0,151.47,0,5.026967855383815,2.0794415416798357,1.3862943611198906,False,True,False,False,False,True,0.3,21.638571428571428
22.0,36.0,4,3,5,0,1.0,250.04,0,5.525612288984722,0.6931471805599453,1.6094379124341003,False,False,False,False,True,False,0.6666666666666666,10.871304347826086
27.0,7.0,4,5,9,0,11.0,208.81,0,5.346202359268609,2.4849066497880004,1.6094379124341003,False,True,False,False,False,True,0.4,7.4575000000000005
23.0,7.0,5,3,9,1,8.0,264.64,0,5.582142008672513,2.1972245773362196,1.791759469228055,True,False,False,False,False,True,0.5,11.026666666666666
23.0,14.0,3,4,8,0,2.0,138.75,0,4.939855112035208,1.0986122886681096,1.3862943611198906,False,False,True,False,False,False,0.3333333333333333,5.78125
4.0,11.0,5,4,3,1,8.0,177.09,0,5.182289040487914,2.1972245773362196,1.791759469228055,False,True,False,False,True,False,1.25,35.418
9.0,14.0,5,5,2,1,7.0,121.19,1,4.805577210328431,2.0794415416798357,1.791759469228055,False,False,True,False,False,False,1.6666666666666667,12.119
1.0,8.0,4,3,2,0,3.0,158.75,0,5.073610093257644,1.3862943611198906,1.6094379124341003,False,False,True,False,False,True,1.3333333333333333,79.375
1.0,12.0,5,1,3,1,9.0,253.08,0,5.537649178058771,2.302585092994046,1.791759469228055,False,False,False,False,True,False,1.25,126.54
19.0,9.0,6,3,2,0,2.0,191.32,0,5.259160651346843,1.0986122886681096,1.9459101490553132,False,True,False,False,False,True,2.0,9.565999999999999
14.0,16.0,4,3,5,0,8.0,164.75,0,5.110480629065972,2.1972245773362196,1.6094379124341003,False,True,False,False,True,False,0.6666666666666666,10.983333333333333
9.0,16.0,4,5,2,0,0.0,114.16,1,4.746322465743975,0.0,1.6094379124341003,False,False,True,False,False,True,1.3333333333333333,11.416
3.0,8.0,4,1,3,0,3.0,162.6,0,5.097424424168647,1.3862943611198906,1.6094379124341003,False,False,True,False,True,False,1.0,40.65
9.0,16.0,4,3,2,0,0.0,112.0,0,4.727387818712341,0.0,1.6094379124341003,False,False,True,False,False,True,1.3333333333333333,11.2
28.0,10.0,3,3,1,1,2.0,140.35,0,4.9512390841395995,1.0986122886681096,1.3862943611198906,False,True,False,False,False,False,1.5,4.839655172413793
6.0,9.0,4,5,3,0,3.0,149.39,0,5.013231919943522,1.3862943611198906,1.6094379124341003,False,False,True,False,False,True,1.0,21.34142857142857
16.0,19.0,4,1,5,1,1.0,175.87,0,5.175414999446702,0.6931471805599453,1.6094379124341003,False,True,False,False,True,False,0.6666666666666666,10.34529411764706
0.0,7.0,4,5,2,0,7.0,197.14,1,5.288973851544884,2.0794415416798357,1.6094379124341003,False,True,False,False,True,False,1.3333333333333333,197.14
5.0,18.0,3,5,1,1,14.0,237.58,1,5.474704683853799,2.70805020110221,1.3862943611198906,True,False,False,False,False,True,1.5,39.59666666666667
26.0,30.0,1,1,4,0,2.0,170.05,0,5.141955911423613,1.0986122886681096,0.6931471805599453,False,False,False,False,True,False,0.2,6.298148148148148
26.0,13.0,3,3,4,0,7.0,286.06,0,5.659691253143234,2.0794415416798357,1.3862943611198906,False,False,False,True,True,False,0.6,10.594814814814814
5.0,11.0,3,4,3,0,7.0,127.18,0,4.853435526076081,2.0794415416798357,1.3862943611198906,False,False,True,False,False,True,0.75,21.19666666666667
9.0,7.0,3,3,1,0,3.0,120.64,0,4.801065862809164,1.3862943611198906,1.3862943611198906,False,False,True,False,True,False,1.5,12.064
0.0,14.0,5,5,1,0,0.0,123.25,1,4.822295664976738,0.0,1.791759469228055,False,False,True,False,False,True,2.5,123.25
0.0,11.0,4,1,2,1,47.0,228.08,0,5.434071287525657,3.8712010109078907,1.6094379124341003,False,False,False,False,True,False,1.3333333333333333,228.08
13.0,29.0,4,5,3,1,9.0,233.8,0,5.458734087953942,2.302585092994046,1.6094379124341003,False,False,False,False,False,True,1.0,16.7
1.0,12.0,4,5,3,1,3.0,148.8,0,5.009301071083119,1.3862943611198906,1.6094379124341003,False,False,True,False,False,True,1.0,74.4
21.0,6.0,4,2,7,0,0.0,282.65,0,5.647741083772576,0.0,1.6094379124341003,False,False,False,True,False,True,0.5,12.84772727272727
9.0,6.0,3,3,1,1,2.0,121.54,0,4.8084375072975085,1.0986122886681096,1.3862943611198906,False,False,True,False,False,True,1.5,12.154
1.0,18.0,4,4,3,0,3.0,147.44,0,5.0001808361923965,1.3862943611198906,1.6094379124341003,False,False,True,False,False,False,1.0,73.72
22.0,8.0,5,1,8,0,1.0,307.65,0,5.732207948839905,0.6931471805599453,1.791759469228055,False,False,False,True,False,True,0.5555555555555556,13.376086956521737
2.0,16.0,4,2,3,0,5.0,145.7,0,4.9883896851489355,1.791759469228055,1.6094379124341003,False,False,True,False,False,False,1.0,48.56666666666666
9.0,28.0,5,3,2,0,0.0,115.55,1,4.758320365481766,0.0,1.791759469228055,False,False,True,False,True,False,1.6666666666666667,11.555
12.0,25.0,6,1,5,1,1.0,183.11,0,5.215533405069116,0.6931471805599453,1.9459101490553132,False,True,False,False,True,False,1.0,14.085384615384616
9.0,19.0,3,4,2,0,0.0,120.33,0,4.798514106063782,0.0,1.3862943611198906,False,False,True,False,False,False,1.0,12.033
9.0,23.0,4,4,2,0,0.0,121.27,0,4.806231714156099,0.0,1.6094379124341003,False,False,True,False,False,False,1.3333333333333333,12.126999999999999
1.0,7.0,4,3,3,0,8.0,177.96,0,5.187162317181874,2.1972245773362196,1.6094379124341003,False,True,False,False,False,False,1.0,88.98
15.0,14.0,3,5,4,0,2.0,125.76,0,4.84229553482272,1.0986122886681096,1.3862943611198906,False,False,True,False,True,False,0.6,7.86
11.0,14.0,3,5,4,0,0.0,126.19,0,4.845682031463393,0.0,1.3862943611198906,False,False,True,False,False,True,0.6,10.515833333333333
12.0,7.0,5,3,11,1,1.0,178.81,1,5.191900737843547,0.6931471805599453,1.791759469228055,False,False,False,False,False,True,0.4166666666666667,13.754615384615384
21.0,11.0,4,3,5,0,1.0,154.76,0,5.048316361063944,0.6931471805599453,1.6094379124341003,False,True,False,False,False,True,0.6666666666666666,7.034545454545454
3.0,35.0,5,5,3,0,5.0,162.85,0,5.098951375144823,1.791759469228055,1.791759469228055,False,False,True,False,False,True,1.25,40.7125
3.0,20.0,5,4,6,1,4.0,165.25,0,5.113492679535963,1.6094379124341003,1.791759469228055,False,True,False,False,True,False,0.7142857142857143,41.3125
17.0,13.0,3,1,1,1,10.0,290.49,0,5.675005699884782,2.3978952727983707,1.3862943611198906,False,False,False,True,True,False,1.5,16.138333333333335
0.0,14.0,3,1,2,0,7.0,125.7,0,4.841822087327094,2.0794415416798357,1.3862943611198906,False,False,True,False,False,True,1.0,125.7
24.0,11.0,4,4,5,0,7.0,316.44,0,5.7602888240965076,2.0794415416798357,1.6094379124341003,False,False,False,True,True,False,0.6666666666666666,12.6576
16.0,12.0,4,3,6,0,1.0,145.93,0,4.989956282887855,0.6931471805599453,1.6094379124341003,False,False,True,False,False,False,0.5714285714285714,8.584117647058823
19.0,21.0,3,4,6,0,3.0,290.81,0,5.676102905549459,1.3862943611198906,1.3862943611198906,False,False,False,True,False,False,0.42857142857142855,14.5405
11.0,8.0,3,4,8,0,0.0,173.51,0,5.161982046590779,0.0,1.3862943611198906,False,False,False,False,False,True,0.3333333333333333,14.459166666666667
15.0,8.0,4,4,5,0,0.0,148.41,0,5.006694204862994,0.0,1.6094379124341003,False,False,True,False,True,False,0.6666666666666666,9.275625
6.0,13.0,3,4,1,0,2.0,143.02,0,4.969952178820721,1.0986122886681096,1.3862943611198906,False,True,False,False,False,False,1.5,20.431428571428572
5.0,14.0,4,1,3,1,11.0,196.43,0,5.285384091136137,2.4849066497880004,1.6094379124341003,False,False,False,False,False,True,1.0,32.73833333333334
15.0,12.0,2,4,5,0,3.0,193.7,0,5.271459912378154,1.3862943611198906,1.0986122886681096,False,True,False,False,False,True,0.3333333333333333,12.10625
1.0,15.0,3,1,2,0,7.0,152.53,0,5.033895987670808,2.0794415416798357,1.3862943611198906,False,True,False,False,False,True,1.0,76.265
1.0,18.0,5,5,3,1,1.0,151.0,1,5.0238805208462765,0.6931471805599453,1.791759469228055,False,False,True,False,False,True,1.25,75.5
4.0,10.0,1,3,9,0,2.0,139.78,0,4.947198388179985,1.0986122886681096,0.6931471805599453,False,False,True,False,True,False,0.1,27.956
28.0,14.0,4,1,6,0,8.0,193.54,0,5.270637797441294,2.1972245773362196,1.6094379124341003,False,True,False,False,True,False,0.5714285714285714,6.673793103448276
1.0,15.0,4,3,3,0,47.0,212.26,0,5.362512078590034,3.8712010109078907,1.6094379124341003,False,False,False,False,False,True,1.0,106.13
13.0,31.0,5,1,2,0,7.0,245.31,0,5.506590905195518,2.0794415416798357,1.791759469228055,True,False,False,False,True,False,1.6666666666666667,17.522142857142857
9.0,15.0,2,1,3,0,2.0,147.69,0,5.001863601709132,1.0986122886681096,1.0986122886681096,False,False,True,False,True,False,0.5,14.769
14.0,9.0,4,3,4,0,3.0,148.45,0,5.006961888729947,1.3862943611198906,1.6094379124341003,False,False,True,False,True,False,0.8,9.896666666666667
0.0,14.0,1,1,1,0,7.0,125.44,0,4.839767887347417,2.0794415416798357,0.6931471805599453,False,False,True,False,True,False,0.5,125.44
1.0,5.0,5,4,3,0,1.0,150.96,1,5.023617328319425,0.6931471805599453,1.791759469228055,False,False,True,False,True,False,1.25,75.48
0.0,16.0,4,5,10,0,0.0,203.06,1,5.318414068247159,0.0,1.6094379124341003,False,False,False,False,True,False,0.36363636363636365,203.06
3.0,30.0,4,2,11,0,3.0,147.01,0,4.997279839049098,1.3862943611198906,1.6094379124341003,False,False,True,False,False,True,0.3333333333333333,36.7525
8.0,17.0,4,3,3,1,1.0,163.15,0,5.100780643947601,0.6931471805599453,1.6094379124341003,False,False,True,False,True,False,1.0,18.12777777777778
11.0,14.0,4,5,7,1,5.0,167.84,0,5.128951520914298,1.791759469228055,1.6094379124341003,False,True,False,False,True,False,0.5,13.986666666666666
17.0,14.0,1,2,3,1,2.0,128.18,0,4.861206780604327,1.0986122886681096,0.6931471805599453,False,False,True,False,False,False,0.25,7.121111111111111
17.0,33.0,4,1,3,1,13.0,294.59,0,5.6889733590024925,2.639057329615259,1.6094379124341003,True,False,False,False,True,False,1.0,16.36611111111111
7.0,14.0,3,5,6,0,2.0,165.0,0,5.111987788356544,1.0986122886681096,1.3862943611198906,False,True,False,False,False,False,0.42857142857142855,20.625
0.0,10.0,3,4,2,0,2.0,132.95,0,4.897466595990617,1.0986122886681096,1.3862943611198906,False,False,True,False,False,True,1.0,132.95
1.0,16.0,4,5,9,0,5.0,167.0,1,5.123963979403259,1.791759469228055,1.6094379124341003,False,False,True,False,False,True,0.4,83.5
19.0,9.0,3,4,9,0,1.0,266.06,0,5.5874733522558175,0.6931471805599453,1.3862943611198906,True,False,False,False,False,False,0.3,13.303
3.0,22.0,3,3,9,0,2.0,153.01,0,5.037017535370374,1.0986122886681096,1.3862943611198906,False,True,False,False,False,False,0.3,38.2525
14.0,8.0,3,5,8,0,8.0,265.95,0,5.587061374946195,2.1972245773362196,1.3862943611198906,True,False,False,False,False,False,0.3333333333333333,17.73
28.0,8.0,4,1,8,0,8.0,298.28,0,5.701379590039891,2.1972245773362196,1.6094379124341003,True,False,False,False,False,True,0.4444444444444444,10.28551724137931
28.0,12.0,4,5,6,0,3.0,319.06,0,5.768508478217845,1.3862943611198906,1.6094379124341003,False,False,False,True,False,False,0.5714285714285714,11.00206896551724
1.0,15.0,2,4,2,0,3.0,173.51,0,5.161982046590779,1.3862943611198906,1.0986122886681096,False,True,False,False,True,False,0.6666666666666666,86.755
25.0,6.0,3,2,3,0,8.0,270.99,0,5.6057653009142765,2.1972245773362196,1.3862943611198906,True,False,False,False,False,False,0.75,10.422692307692309
1.0,8.0,3,4,5,0,4.0,148.55,1,5.007630785075957,1.6094379124341003,1.3862943611198906,False,True,False,False,True,False,0.5,74.275
3.0,16.0,4,3,2,0,4.0,165.78,0,5.116675578658839,1.6094379124341003,1.6094379124341003,False,True,False,False,False,False,1.3333333333333333,41.445
15.0,16.0,3,3,4,0,3.0,129.36,0,4.870299853969361,1.3862943611198906,1.3862943611198906,False,False,True,False,True,False,0.6,8.085
9.0,32.0,3,3,7,0,2.0,153.47,0,5.0399999027261595,1.0986122886681096,1.3862943611198906,False,True,False,False,True,False,0.375,15.347
12.0,17.0,4,3,5,0,3.0,185.77,0,5.229877913325516,1.3862943611198906,1.6094379124341003,False,True,False,False,True,False,0.6666666666666666,14.290000000000001
1.0,10.0,4,5,3,1,4.0,166.94,0,5.1236067727554175,1.6094379124341003,1.6094379124341003,False,True,False,False,False,False,1.0,83.47
5.0,9.0,4,2,2,1,3.0,151.95,0,5.030111070596912,1.3862943611198906,1.6094379124341003,False,False,True,False,True,False,1.3333333333333333,25.325
5.0,35.0,4,4,2,0,1.0,128.37,0,4.86267651592981,0.6931471805599453,1.6094379124341003,False,False,True,False,False,True,1.3333333333333333,21.395
6.0,33.0,4,1,2,0,3.0,169.65,0,5.139614675352716,1.3862943611198906,1.6094379124341003,False,True,False,False,True,False,1.3333333333333333,24.235714285714288
18.0,14.0,4,1,2,1,11.0,315.49,0,5.757291645508461,2.4849066497880004,1.6094379124341003,False,False,False,True,True,False,1.3333333333333333,16.604736842105265
13.0,15.0,4,1,10,0,2.0,148.76,0,5.009034012729282,1.0986122886681096,1.6094379124341003,False,True,False,False,True,False,0.36363636363636365,10.625714285714285
9.0,7.0,5,3,8,0,8.0,147.58,0,5.001123533723661,2.1972245773362196,1.791759469228055,False,False,True,False,True,False,0.5555555555555556,14.758000000000001
9.0,32.0,5,2,6,0,3.0,161.81,0,5.092583876743423,1.3862943611198906,1.791759469228055,False,True,False,False,False,True,0.7142857142857143,16.181
4.0,14.0,5,4,3,0,2.0,146.41,0,4.993217820059186,1.0986122886681096,1.791759469228055,False,False,True,False,True,False,1.25,29.282
8.0,14.0,3,3,2,0,9.0,141.48,0,4.959201638981406,2.302585092994046,1.3862943611198906,False,True,False,False,True,False,1.0,15.719999999999999
9.0,15.0,4,4,3,1,2.0,188.47,0,5.2442307006442705,1.0986122886681096,1.6094379124341003,False,True,False,False,True,False,1.0,18.847
1.0,7.0,4,1,3,1,9.0,151.86,1,5.029522469814738,2.302585092994046,1.6094379124341003,False,False,True,False,False,True,1.0,75.93
15.0,20.0,4,3,8,0,3.0,162.44,0,5.096445950509366,1.3862943611198906,1.6094379124341003,False,True,False,False,False,True,0.4444444444444444,10.1525
24.0,15.0,3,4,5,1,10.0,298.47,0,5.702014245593553,2.3978952727983707,1.3862943611198906,False,False,False,True,True,False,0.5,11.9388
24.0,13.0,4,3,3,0,0.0,161.32,0,5.089569695517559,0.0,1.6094379124341003,False,True,False,False,True,False,1.0,6.4528
2.0,6.0,3,1,2,0,1.0,179.18,0,5.193956351223294,0.6931471805599453,1.3862943611198906,False,False,False,False,True,False,1.0,59.72666666666667
19.0,7.0,1,5,2,0,12.0,275.67,0,5.622825460242726,2.5649493574615367,0.6931471805599453,True,False,False,False,False,True,0.3333333333333333,13.7835
16.0,12.0,4,3,2,1,8.0,140.81,0,4.954488133473255,2.1972245773362196,1.6094379124341003,False,True,False,False,False,True,1.3333333333333333,8.282941176470588
21.0,16.0,4,4,5,0,9.0,296.65,0,5.695918299599399,2.302585092994046,1.6094379124341003,False,False,False,True,True,False,0.6666666666666666,13.484090909090908
2.0,8.0,3,1,2,0,3.0,188.53,0,5.2445473233382085,1.3862943611198906,1.3862943611198906,False,True,False,False,True,False,1.0,62.843333333333334
6.0,6.0,2,3,5,0,5.0,261.84,0,5.571545482029667,1.791759469228055,1.0986122886681096,True,False,False,False,True,False,0.3333333333333333,37.40571428571428
12.0,34.0,4,5,4,0,3.0,142.84,1,4.96870157072331,1.3862943611198906,1.6094379124341003,False,True,False,False,False,True,0.8,10.987692307692308
30.0,18.0,5,5,6,0,1.0,178.8,0,5.19184512203752,0.6931471805599453,1.791759469228055,False,True,False,False,True,False,0.7142857142857143,5.767741935483872
12.0,11.0,4,3,9,0,1.0,158.06,0,5.069281489528989,0.6931471805599453,1.6094379124341003,False,False,True,False,True,False,0.4,12.15846153846154
8.0,14.0,4,3,1,0,2.0,124.3,0,4.8307108619020225,1.0986122886681096,1.6094379124341003,False,False,True,False,True,False,2.0,13.81111111111111
3.0,28.0,4,3,3,1,0.0,163.8,1,5.1047326174753715,0.0,1.6094379124341003,False,True,False,False,True,False,1.0,40.95
11.0,32.0,5,1,9,0,4.0,182.31,0,5.211178708731273,1.6094379124341003,1.791759469228055,False,True,False,False,True,False,0.5,15.1925
0.0,7.0,3,3,1,0,2.0,133.75,0,4.903421209789107,1.0986122886681096,1.3862943611198906,False,False,True,False,False,True,1.5,133.75
3.0,22.0,6,1,2,1,4.0,146.68,0,4.995047770754542,1.6094379124341003,1.9459101490553132,False,False,True,False,True,False,2.0,36.67
1.0,16.0,4,5,3,0,1.0,150.52,0,5.020717629437768,0.6931471805599453,1.6094379124341003,False,False,True,False,False,True,1.0,75.26
8.0,14.0,3,3,2,0,4.0,143.23,0,4.971409247595418,1.6094379124341003,1.3862943611198906,False,False,True,False,False,True,1.0,15.914444444444444
4.0,7.0,5,3,3,0,47.0,209.74,0,5.350625146171382,3.8712010109078907,1.791759469228055,False,False,False,False,False,True,1.25,41.948
5.0,16.0,3,3,7,0,3.0,134.33,0,4.907716240088415,1.3862943611198906,1.3862943611198906,False,False,True,False,True,False,0.375,22.388333333333335
31.0,22.0,4,3,4,1,3.0,282.87,0,5.648516386884432,1.3862943611198906,1.6094379124341003,True,False,False,False,True,False,0.8,8.8396875
4.0,14.0,3,4,4,0,0.0,264.22,0,5.580559670249453,0.0,1.3862943611198906,True,False,False,False,False,True,0.6,52.84400000000001
12.0,21.0,3,5,1,0,10.0,233.41000000000005,0,5.457071718908897,2.3978952727983707,1.3862943611198906,True,False,False,False,False,True,1.5,17.954615384615387
7.0,6.0,4,2,2,1,3.0,136.22,0,4.921585477262745,1.3862943611198906,1.6094379124341003,False,False,True,False,False,False,1.3333333333333333,17.0275
12.0,30.0,3,1,8,0,7.0,141.08,0,4.95639027924386,2.0794415416798357,1.3862943611198906,False,True,False,False,False,True,0.3333333333333333,10.852307692307694
0.0,8.0,1,5,8,0,1.0,134.24,0,4.907050977839686,0.6931471805599453,0.6931471805599453,False,False,True,False,False,True,0.1111111111111111,134.24
14.0,16.0,4,5,2,0,2.0,179.73,0,5.1970042048475475,1.0986122886681096,1.6094379124341003,False,True,False,False,True,False,1.3333333333333333,11.982
18.0,8.0,4,2,10,0,8.0,267.92,0,5.594413937600836,2.1972245773362196,1.6094379124341003,True,False,False,False,False,False,0.36363636363636365,14.101052631578948
9.0,15.0,3,5,2,0,0.0,117.9,1,4.778282803696737,0.0,1.3862943611198906,False,False,True,False,True,False,1.0,11.790000000000001
11.0,26.0,4,3,5,0,3.0,182.68,0,5.213195113131202,1.3862943611198906,1.6094379124341003,False,True,False,False,True,False,0.6666666666666666,15.223333333333334
21.0,14.0,5,5,9,1,47.0,225.08,1,5.4208889189362175,3.8712010109078907,1.791759469228055,False,False,False,False,True,False,0.5,10.230909090909092
9.0,9.0,4,4,7,0,3.0,169.25,0,5.137267945029622,1.3862943611198906,1.6094379124341003,False,True,False,False,False,True,0.5,16.925
10.0,12.0,3,1,5,0,1.0,165.02,0,5.112108263026889,0.6931471805599453,1.3862943611198906,False,True,False,False,True,False,0.5,15.001818181818182
8.0,17.0,4,4,3,0,1.0,145.08,0,4.984154416846659,0.6931471805599453,1.6094379124341003,False,False,True,False,True,False,1.0,16.12
25.0,6.0,4,3,1,0,9.0,299.99,0,5.707077041605631,2.302585092994046,1.6094379124341003,False,False,False,True,True,False,2.0,11.538076923076924
14.0,8.0,3,4,2,0,4.0,260.15,0,5.565094954882308,1.6094379124341003,1.3862943611198906,True,False,False,False,False,True,1.0,17.34333333333333
0.0,6.0,4,5,2,0,7.0,197.14,1,5.288973851544884,2.0794415416798357,1.6094379124341003,False,True,False,False,True,False,1.3333333333333333,197.14
1.0,16.0,5,3,2,1,1.0,158.88,1,5.074423533843123,0.6931471805599453,1.791759469228055,False,False,True,False,False,False,1.6666666666666667,79.44
14.0,16.0,5,4,2,0,9.0,161.51,0,5.0907395383379175,2.302585092994046,1.791759469228055,False,True,False,False,False,True,1.6666666666666667,10.767333333333333
11.0,16.0,3,3,4,0,2.0,160.77,0,5.0861755733416025,1.0986122886681096,1.3862943611198906,False,True,False,False,True,False,0.6,13.3975
3.0,9.0,4,4,2,0,3.0,156.8,0,5.061328408411774,1.3862943611198906,1.6094379124341003,False,False,True,False,True,False,1.3333333333333333,39.2
0.0,28.0,4,4,2,0,0.0,128.63,1,4.864684238611951,0.0,1.6094379124341003,False,False,True,False,True,False,1.3333333333333333,128.63
19.0,36.0,4,1,7,0,4.0,159.52,0,5.078418545398716,1.6094379124341003,1.6094379124341003,False,False,True,False,False,True,0.5,7.976000000000001
20.0,8.0,4,1,2,1,2.0,132.94,0,4.8973919384819045,1.0986122886681096,1.6094379124341003,False,False,True,False,False,True,1.3333333333333333,6.33047619047619
9.0,7.0,4,4,1,0,2.0,122.69,0,4.817778435386918,1.0986122886681096,1.6094379124341003,False,False,True,False,True,False,2.0,12.269
28.0,29.0,4,3,5,0,8.0,299.26,0,5.7046487659841585,2.1972245773362196,1.6094379124341003,True,False,False,False,True,False,0.6666666666666666,10.319310344827587
9.0,20.0,3,5,2,1,8.0,122.35,0,4.815025842975365,2.1972245773362196,1.3862943611198906,False,False,True,False,False,False,1.0,12.235
5.0,31.0,4,1,4,0,5.0,177.38,0,5.183916106238061,1.791759469228055,1.6094379124341003,False,True,False,False,False,True,0.8,29.563333333333333
0.0,6.0,3,3,1,0,2.0,148.98,0,5.010501951873243,1.0986122886681096,1.3862943611198906,False,True,False,False,True,False,1.5,148.98
9.0,30.0,4,3,6,1,3.0,120.28,1,4.7981019218940615,1.3862943611198906,1.6094379124341003,False,False,True,False,False,True,0.5714285714285714,12.028
15.0,14.0,1,4,7,1,0.0,123.72,0,4.826071224749521,0.0,0.6931471805599453,False,True,False,False,False,False,0.125,7.7325
0.0,30.0,5,2,2,1,0.0,111.18,1,4.7201047240801906,0.0,1.791759469228055,False,False,True,False,False,True,1.6666666666666667,111.18
5.0,15.0,2,4,11,0,3.0,146.09,0,4.991044644331252,1.3862943611198906,1.0986122886681096,False,False,True,False,False,True,0.16666666666666666,24.348333333333333
5.0,10.0,4,5,3,1,4.0,155.65,0,5.054014017398201,1.6094379124341003,1.6094379124341003,False,False,True,False,True,False,1.0,25.941666666666666
15.0,8.0,3,5,1,0,7.0,276.65,0,5.626361327687616,2.0794415416798357,1.3862943611198906,True,False,False,False,False,False,1.5,17.290625
2.0,15.0,4,1,3,0,3.0,158.1,0,5.069532935343741,1.3862943611198906,1.6094379124341003,False,False,True,False,False,True,1.0,52.699999999999996
1.0,15.0,3,4,2,0,3.0,173.51,0,5.161982046590779,1.3862943611198906,1.3862943611198906,False,True,False,False,False,False,1.0,86.755
24.0,9.0,4,3,4,1,8.0,317.37,0,5.763214228425613,2.1972245773362196,1.6094379124341003,False,False,False,True,True,False,0.8,12.6948
16.0,31.0,4,5,3,1,9.0,199.06,0,5.2986173215570345,2.302585092994046,1.6094379124341003,False,False,False,False,False,False,1.0,11.709411764705882
1.0,14.0,6,3,3,1,7.0,185.74,1,5.22971727505578,2.0794415416798357,1.9459101490553132,False,True,False,False,False,True,1.5,92.87
0.0,11.0,3,3,2,1,0.0,128.51,1,4.863758098235496,0.0,1.3862943611198906,False,False,True,False,False,True,1.0,128.51
29.0,15.0,3,2,8,0,47.0,211.03,0,5.356727774094459,3.8712010109078907,1.3862943611198906,True,False,False,False,False,False,0.3333333333333333,7.0343333333333335
20.0,14.0,4,3,4,0,1.0,177.58,0,5.185036680089071,0.6931471805599453,1.6094379124341003,False,True,False,False,False,False,0.8,8.456190476190477
20.0,11.0,3,3,5,0,1.0,283.0,0,5.648974238161206,0.6931471805599453,1.3862943611198906,False,False,False,True,False,False,0.5,13.476190476190476
7.0,9.0,5,5,4,0,12.0,147.59,0,5.001190835268256,2.5649493574615367,1.791759469228055,False,True,False,False,False,True,1.0,18.44875
19.0,13.0,3,3,3,0,0.0,152.58,0,5.034221603902398,0.0,1.3862943611198906,False,True,False,False,False,False,0.75,7.6290000000000004
9.0,10.0,4,1,8,0,9.0,203.23,0,5.319246809729067,2.302585092994046,1.6094379124341003,False,False,False,False,True,False,0.4444444444444444,20.323
13.0,8.0,1,4,2,0,7.0,142.44,0,4.965916829296877,2.0794415416798357,0.6931471805599453,False,True,False,False,True,False,0.3333333333333333,10.174285714285714
6.0,7.0,4,4,3,0,10.0,187.2,0,5.23750522715128,2.3978952727983707,1.6094379124341003,False,True,False,False,True,False,1.0,26.74285714285714
10.0,16.0,4,2,3,1,0.0,166.94,0,5.1236067727554175,0.0,1.6094379124341003,False,True,False,False,True,False,1.0,15.176363636363636
9.0,9.0,4,1,3,0,3.0,145.14,0,4.984565066363071,1.3862943611198906,1.6094379124341003,False,False,True,False,True,False,1.0,14.514
1.0,15.0,6,5,3,0,2.0,149.51,0,5.014029527164271,1.0986122886681096,1.9459101490553132,False,False,True,False,True,False,1.5,74.755
1.0,8.0,4,4,1,0,4.0,132.01,0,4.890424313365205,1.6094379124341003,1.6094379124341003,False,False,True,False,False,False,2.0,66.005
12.0,16.0,3,5,3,0,7.0,153.77,0,5.041940143924668,2.0794415416798357,1.3862943611198906,False,True,False,False,True,False,0.75,11.82846153846154
5.0,7.0,3,1,2,0,7.0,204.22,0,5.324082574434063,2.0794415416798357,1.3862943611198906,False,False,False,False,True,False,1.0,34.03666666666667
8.0,14.0,4,3,2,1,8.0,148.08,0,5.004483074611057,2.1972245773362196,1.6094379124341003,False,False,True,False,True,False,1.3333333333333333,16.453333333333333
1.0,7.0,4,4,3,0,5.0,188.97,0,5.246866164956958,1.791759469228055,1.6094379124341003,False,True,False,False,True,False,1.0,94.485
0.0,14.0,1,3,8,0,2.0,135.17,0,4.913904105136484,1.0986122886681096,0.6931471805599453,False,False,True,False,True,False,0.1111111111111111,135.17
16.0,15.0,3,3,4,1,7.0,156.79,0,5.061265035047578,2.0794415416798357,1.3862943611198906,False,True,False,False,True,False,0.6,9.222941176470588
18.0,35.0,2,2,5,1,12.0,258.2,0,5.557599964478119,2.5649493574615367,1.0986122886681096,True,False,False,False,False,False,0.3333333333333333,13.589473684210526
5.0,12.0,4,1,3,0,3.0,179.76,0,5.197170184543079,1.3862943611198906,1.6094379124341003,False,True,False,False,True,False,1.0,29.959999999999997
6.0,10.0,3,4,6,0,7.0,130.55,0,4.879387007486302,2.0794415416798357,1.3862943611198906,False,True,False,False,True,False,0.42857142857142855,18.650000000000002
9.0,11.0,3,1,4,0,0.0,120.86,1,4.802872844820349,0.0,1.3862943611198906,False,True,False,False,True,False,0.6,12.086
9.0,8.0,4,3,2,0,0.0,175.96,0,5.17592371833397,0.0,1.6094379124341003,False,False,False,False,False,False,1.3333333333333333,17.596
24.0,11.0,3,4,2,1,10.0,240.26,0,5.485875190137238,2.3978952727983707,1.3862943611198906,True,False,False,False,True,False,1.0,9.6104
10.0,7.0,5,3,2,0,3.0,168.74,0,5.134267854541531,1.3862943611198906,1.791759469228055,False,True,False,False,True,False,1.6666666666666667,15.340000000000002
22.0,9.0,3,4,5,0,3.0,206.2,0,5.333684510385328,1.3862943611198906,1.3862943611198906,False,True,False,False,False,False,0.5,8.965217391304348
6.0,7.0,4,1,2,0,3.0,148.14,0,5.004885462115649,1.3862943611198906,1.6094379124341003,False,False,True,False,True,False,1.3333333333333333,21.162857142857142
3.0,9.0,4,3,3,0,3.0,171.49,0,5.150339263776537,1.3862943611198906,1.6094379124341003,False,True,False,False,True,False,1.0,42.8725
0.0,14.0,3,4,2,1,0.0,124.72,1,4.834057211929367,0.0,1.3862943611198906,False,False,True,False,False,True,1.0,124.72
0.0,14.0,3,4,3,1,2.0,123.73,1,4.826151401137618,1.0986122886681096,1.3862943611198906,False,False,True,False,True,False,0.75,123.73
1.0,16.0,4,5,4,1,1.0,156.72,1,5.060821309009427,0.6931471805599453,1.6094379124341003,False,False,True,False,False,True,0.8,78.36
5.0,10.0,3,4,3,0,2.0,139.31,0,4.943854260405905,1.0986122886681096,1.3862943611198906,False,False,True,False,True,False,0.75,23.218333333333334
10.0,16.0,3,4,3,1,1.0,141.97,0,4.962634818041073,0.6931471805599453,1.3862943611198906,False,True,False,False,False,True,0.75,12.906363636363636
27.0,25.0,3,4,3,0,1.0,207.25,0,5.338739281046952,0.6931471805599453,1.3862943611198906,False,False,False,False,False,False,0.75,7.401785714285714
0.0,8.0,3,3,7,0,1.0,143.82,1,4.975491591960675,0.6931471805599453,1.3862943611198906,False,False,True,False,False,True,0.375,143.82
15.0,8.0,4,2,4,0,0.0,167.81,0,5.128773822113297,0.0,1.6094379124341003,False,True,False,False,False,True,0.8,10.488125
5.0,8.0,3,4,1,1,2.0,140.78,0,4.954276560426871,1.0986122886681096,1.3862943611198906,False,True,False,False,True,False,1.5,23.463333333333335
21.0,9.0,5,1,11,1,1.0,148.8,1,5.009301071083119,0.6931471805599453,1.791759469228055,False,False,True,False,True,False,0.4166666666666667,6.763636363636365
14.0,9.0,4,3,4,0,3.0,145.01,0,4.983675112513472,1.3862943611198906,1.6094379124341003,False,False,True,False,True,False,0.8,9.667333333333334
11.0,6.0,1,3,2,0,0.0,128.44,0,4.863217453310182,0.0,0.6931471805599453,False,False,True,False,False,False,0.3333333333333333,10.703333333333333
10.0,8.0,6,5,4,1,47.0,227.52,0,5.431623733856262,3.8712010109078907,1.9459101490553132,False,False,False,False,True,False,1.2,20.683636363636364
14.0,9.0,4,3,2,0,13.0,305.41,0,5.724924074409577,2.639057329615259,1.6094379124341003,False,False,False,True,True,False,1.3333333333333333,20.360666666666667
0.0,10.0,4,2,2,1,3.0,144.87,0,4.982715814098122,1.3862943611198906,1.6094379124341003,False,True,False,False,False,True,1.3333333333333333,144.87
19.0,31.0,4,4,3,0,5.0,146.77,0,4.995657010915543,1.791759469228055,1.6094379124341003,False,False,True,False,False,True,1.0,7.338500000000001
3.0,21.0,4,5,3,0,7.0,171.4,0,5.149817358229592,2.0794415416798357,1.6094379124341003,False,False,False,False,True,False,1.0,42.85
11.0,6.0,4,3,10,1,0.0,153.81,1,5.042198558552374,0.0,1.6094379124341003,False,False,False,False,False,True,0.36363636363636365,12.8175
3.0,18.0,3,3,1,0,4.0,165.77,0,5.116615617633488,1.6094379124341003,1.3862943611198906,False,True,False,False,False,True,1.5,41.4425
10.0,15.0,4,4,2,0,3.0,141.89,0,4.9620751034808785,1.3862943611198906,1.6094379124341003,False,True,False,False,True,False,1.3333333333333333,12.899090909090908
21.0,13.0,3,5,5,0,2.0,154.86,0,5.048958168415415,1.0986122886681096,1.3862943611198906,False,True,False,False,True,False,0.5,7.03909090909091
14.0,7.0,4,1,6,0,4.0,190.13,0,5.252953824796506,1.6094379124341003,1.6094379124341003,False,True,False,False,True,False,0.5714285714285714,12.675333333333333
9.0,14.0,1,5,10,0,47.0,217.13,0,5.385091215330075,3.8712010109078907,0.6931471805599453,False,False,False,False,True,False,0.09090909090909091,21.713
11.0,8.0,6,1,3,0,47.0,220.25,0,5.3992932838880385,3.8712010109078907,1.9459101490553132,False,True,False,False,True,False,1.5,18.354166666666668
5.0,6.0,3,5,2,0,0.0,129.56,0,4.871832891215797,0.0,1.3862943611198906,False,False,True,False,False,True,1.0,21.593333333333334
9.0,15.0,4,3,3,0,5.0,168.23,0,5.131258736419994,1.791759469228055,1.6094379124341003,False,False,True,False,False,True,1.0,16.823
28.0,10.0,4,5,4,0,6.0,184.4,0,5.2225156531317545,1.9459101490553132,1.6094379124341003,False,True,False,False,True,False,0.8,6.358620689655172
9.0,28.0,4,1,3,1,8.0,165.14,0,5.112830806410925,2.1972245773362196,1.6094379124341003,False,True,False,False,True,False,1.0,16.514
24.0,6.0,4,3,6,1,1.0,318.31,0,5.766162417739561,0.6931471805599453,1.6094379124341003,False,False,False,True,True,False,0.5714285714285714,12.7324
0.0,31.0,4,4,5,1,2.0,123.13,1,4.821329403527856,1.0986122886681096,1.6094379124341003,False,False,True,False,False,True,0.6666666666666666,123.13
4.0,11.0,3,5,1,0,7.0,199.36,0,5.300115748489416,2.0794415416798357,1.3862943611198906,False,True,False,False,False,True,1.5,39.872
2.0,15.0,3,3,10,0,2.0,129.74,0,4.873210618184584,1.0986122886681096,1.3862943611198906,False,False,True,False,True,False,0.2727272727272727,43.24666666666667
8.0,9.0,5,5,3,0,4.0,168.81,0,5.13468016495821,1.6094379124341003,1.791759469228055,False,False,True,False,False,True,1.25,18.756666666666668
1.0,12.0,4,2,3,0,1.0,135.51,0,4.916397872014886,0.6931471805599453,1.6094379124341003,False,False,True,False,False,True,1.0,67.755
31.0,25.0,4,2,8,0,47.0,230.12,0,5.44293705615798,3.8712010109078907,1.6094379124341003,False,False,False,False,False,True,0.4444444444444444,7.19125
17.0,7.0,3,1,5,1,2.0,131.95,0,4.889973117689029,1.0986122886681096,1.3862943611198906,False,False,True,False,True,False,0.5,7.330555555555555
10.0,19.0,3,1,2,0,7.0,142.85,0,4.968771089997557,2.0794415416798357,1.3862943611198906,False,True,False,False,True,False,1.0,12.986363636363636
1.0,20.0,4,5,4,0,3.0,167.33,1,5.1259263384309905,1.3862943611198906,1.6094379124341003,False,True,False,False,True,False,0.8,83.665
12.0,6.0,2,2,1,0,7.0,196.13,0,5.2838634095778865,2.0794415416798357,1.0986122886681096,False,False,False,False,True,False,1.0,15.086923076923076
16.0,7.0,4,5,5,0,3.0,150.76,0,5.022300325626759,1.3862943611198906,1.6094379124341003,False,False,True,False,True,False,0.6666666666666666,8.868235294117646
6.0,15.0,5,4,3,1,10.0,177.28,0,5.183355348078355,2.3978952727983707,1.791759469228055,False,True,False,False,True,False,1.25,25.325714285714287
3.0,28.0,2,5,3,0,47.0,224.8,0,5.419649651715562,3.8712010109078907,1.0986122886681096,False,False,False,False,True,False,0.5,56.2
9.0,15.0,4,2,3,0,3.0,150.72,0,5.022036716820698,1.3862943611198906,1.6094379124341003,False,False,True,False,False,False,1.0,15.072
17.0,17.0,4,1,2,0,8.0,149.55,0,5.014295254927743,2.1972245773362196,1.6094379124341003,False,False,True,False,False,True,1.3333333333333333,8.308333333333334
12.0,17.0,3,1,2,0,7.0,176.54,1,5.179195935640173,2.0794415416798357,1.3862943611198906,False,False,False,False,True,False,1.0,13.58
16.0,33.0,3,5,9,0,1.0,208.2,0,5.343290732190768,0.6931471805599453,1.3862943611198906,False,False,False,False,True,False,0.3,12.24705882352941
0.0,14.0,4,1,6,0,3.0,123.67,1,4.825670246356884,1.3862943611198906,1.6094379124341003,False,False,True,False,True,False,0.5714285714285714,123.67
25.0,8.0,4,2,8,0,2.0,132.12,0,4.8912509770728985,1.0986122886681096,1.6094379124341003,False,False,True,False,False,True,0.4444444444444444,5.081538461538462
20.0,33.0,5,4,10,0,3.0,204.91,0,5.327439180120055,1.3862943611198906,1.791759469228055,False,True,False,False,False,True,0.45454545454545453,9.757619047619048
12.0,12.0,1,3,3,0,6.0,182.37,0,5.211505969561073,1.9459101490553132,0.6931471805599453,False,False,False,False,True,False,0.25,14.028461538461539
7.0,9.0,3,2,1,0,2.0,137.37,0,4.929931256681293,1.0986122886681096,1.3862943611198906,False,False,True,False,False,False,1.5,17.17125
12.0,12.0,4,5,5,0,7.0,199.91,0,5.302857046590068,2.0794415416798357,1.6094379124341003,False,False,False,False,True,False,0.6666666666666666,15.377692307692307
1.0,31.0,4,4,3,1,1.0,149.08,1,5.011168485257914,0.6931471805599453,1.6094379124341003,False,False,True,False,True,False,1.0,74.54
18.0,10.0,3,4,2,0,8.0,144.47,0,4.97996987978537,2.1972245773362196,1.3862943611198906,False,True,False,False,True,False,1.0,7.603684210526316
7.0,9.0,3,1,1,0,4.0,177.56,0,5.184924679192946,1.6094379124341003,1.3862943611198906,False,True,False,False,False,True,1.5,22.195
14.0,31.0,4,2,3,0,8.0,158.19,0,5.0700984573670445,2.1972245773362196,1.6094379124341003,False,True,False,False,True,False,1.0,10.546
12.0,7.0,4,5,3,0,12.0,260.82,0,5.567657244751953,2.5649493574615367,1.6094379124341003,False,False,False,False,True,False,1.0,20.063076923076924
16.0,17.0,3,3,2,0,9.0,175.1,0,5.171052015502161,2.302585092994046,1.3862943611198906,False,False,False,False,True,False,1.0,10.299999999999999
30.0,11.0,4,4,3,1,4.0,205.52,0,5.330397260011448,1.6094379124341003,1.6094379124341003,False,False,False,False,True,False,1.0,6.629677419354839
25.0,9.0,6,4,7,0,3.0,179.82,0,5.19750206130922,1.3862943611198906,1.9459101490553132,False,True,False,False,True,False,0.75,6.916153846153846
7.0,23.0,4,1,3,1,3.0,178.68,0,5.191177490990133,1.3862943611198906,1.6094379124341003,False,True,False,False,True,False,1.0,22.335
29.0,7.0,4,5,2,1,14.0,315.45,0,5.7571652512213145,2.70805020110221,1.6094379124341003,False,False,False,True,False,True,1.3333333333333333,10.514999999999999
13.0,8.0,3,3,1,0,9.0,294.36,0,5.688194951314488,2.302585092994046,1.3862943611198906,False,False,False,True,True,False,1.5,21.025714285714287
6.0,14.0,1,5,7,0,6.0,131.43,0,4.8860542039388735,1.9459101490553132,0.6931471805599453,False,False,True,False,True,False,0.125,18.775714285714287
10.0,7.0,4,2,6,0,1.0,191.53,0,5.260251985741244,0.6931471805599453,1.6094379124341003,False,True,False,False,False,True,0.5714285714285714,17.41181818181818
1.0,36.0,5,3,3,0,9.0,170.08,1,5.142131283358708,2.302585092994046,1.791759469228055,False,True,False,False,False,True,1.25,85.04
1.0,19.0,4,1,3,0,5.0,151.47,0,5.026967855383815,1.791759469228055,1.6094379124341003,False,False,True,False,False,True,1.0,75.735
23.0,23.0,4,5,6,0,11.0,232.69,0,5.4539954507277155,2.4849066497880004,1.6094379124341003,False,False,False,False,True,False,0.5714285714285714,9.695416666666667
4.0,35.0,4,1,2,0,7.0,154.68,0,5.047802618437695,2.0794415416798357,1.6094379124341003,False,True,False,False,True,False,1.3333333333333333,30.936
13.0,8.0,3,3,1,0,12.0,280.41,0,5.63981268065158,2.5649493574615367,1.3862943611198906,False,False,False,True,True,False,1.5,20.029285714285717
27.0,9.0,5,4,4,0,13.0,200.25,0,5.304547916298673,2.639057329615259,1.791759469228055,False,False,False,False,False,False,1.0,7.151785714285714
10.0,9.0,4,4,6,1,1.0,194.62,0,5.276174001862347,0.6931471805599453,1.6094379124341003,False,True,False,False,True,False,0.5714285714285714,17.69272727272727
31.0,13.0,4,3,10,0,3.0,147.67,0,5.001729084625259,1.3862943611198906,1.6094379124341003,False,False,True,False,False,False,0.36363636363636365,4.6146875
26.0,29.0,3,1,7,0,8.0,242.75,0,5.4961431098779565,2.1972245773362196,1.3862943611198906,True,False,False,False,False,True,0.375,8.99074074074074
5.0,14.0,4,2,3,1,11.0,196.43,0,5.285384091136137,2.4849066497880004,1.6094379124341003,False,False,False,False,False,True,1.0,32.73833333333334
0.0,8.0,1,3,1,0,7.0,165.0,0,5.111987788356544,2.0794415416798357,0.6931471805599453,False,True,False,False,False,True,0.5,165.0
9.0,13.0,2,2,5,0,2.0,120.89,0,4.803118998667745,1.0986122886681096,1.0986122886681096,False,False,True,False,True,False,0.3333333333333333,12.089
9.0,26.0,3,1,2,0,2.0,121.57,0,4.808682295353074,1.0986122886681096,1.3862943611198906,False,False,True,False,True,False,1.0,12.157
4.0,16.0,4,5,3,0,11.0,155.72,0,5.054460773636285,2.4849066497880004,1.6094379124341003,False,True,False,False,True,False,1.0,31.144
7.0,14.0,1,3,2,0,8.0,167.99,0,5.129839541574732,2.1972245773362196,0.6931471805599453,False,True,False,False,True,False,0.3333333333333333,20.99875
0.0,10.0,5,1,2,0,8.0,204.0,1,5.3230099791384085,2.1972245773362196,1.791759469228055,False,False,False,False,True,False,1.6666666666666667,204.0
11.0,14.0,1,3,2,0,3.0,126.1,0,4.844974178195408,1.3862943611198906,0.6931471805599453,False,False,True,False,True,False,0.3333333333333333,10.508333333333333
21.0,11.0,4,1,3,1,8.0,166.63,0,5.121759169643187,2.1972245773362196,1.6094379124341003,False,True,False,False,False,True,1.0,7.574090909090909
60.0,27.0,3,1,5,1,0.0,278.75,0,5.633896347192034,0.0,1.3862943611198906,True,False,False,False,True,False,0.5,4.569672131147541
16.0,14.0,3,1,1,0,7.0,124.55,0,4.832704085603594,2.0794415416798357,1.3862943611198906,False,False,True,False,False,True,1.5,7.326470588235294
1.0,32.0,5,4,7,0,2.0,150.46,1,5.020321563685677,1.0986122886681096,1.791759469228055,False,False,True,False,False,False,0.625,75.23
13.0,25.0,3,1,9,1,7.0,127.41,0,4.855228269843183,2.0794415416798357,1.3862943611198906,False,True,False,False,True,False,0.3,9.100714285714286
20.0,20.0,3,3,4,1,2.0,145.91,0,4.989820154382335,1.0986122886681096,1.3862943611198906,False,True,False,False,True,False,0.6,6.948095238095238
4.0,7.0,5,3,3,0,47.0,209.74,0,5.350625146171382,3.8712010109078907,1.791759469228055,False,False,False,False,False,True,1.25,41.948
5.0,15.0,4,4,5,0,1.0,289.22,0,5.670639256062947,0.6931471805599453,1.6094379124341003,True,False,False,False,False,True,0.6666666666666666,48.20333333333334
8.0,14.0,4,3,1,0,2.0,124.3,0,4.8307108619020225,1.0986122886681096,1.6094379124341003,False,False,True,False,True,False,2.0,13.81111111111111
22.0,24.0,3,2,2,1,7.0,168.04,0,5.130135373307802,2.0794415416798357,1.3862943611198906,False,True,False,False,True,False,1.0,7.306086956521739
30.0,16.0,4,3,4,0,4.0,154.42,0,5.046131129781096,1.6094379124341003,1.6094379124341003,False,False,True,False,False,False,0.8,4.981290322580644
14.0,12.0,3,1,4,1,0.0,235.91000000000005,0,5.4676803221776,0.0,1.3862943611198906,False,False,False,False,False,True,0.6,15.727333333333338
1.0,28.0,4,3,3,0,1.0,148.77,1,5.009100784004304,0.6931471805599453,1.6094379124341003,False,False,True,False,True,False,1.0,74.385
10.0,17.0,4,1,3,0,47.0,224.8,0,5.419649651715562,3.8712010109078907,1.6094379124341003,False,False,False,False,False,True,1.0,20.436363636363637
1.0,11.0,3,1,2,0,2.0,149.08,0,5.011168485257914,1.0986122886681096,1.3862943611198906,False,True,False,False,False,True,1.0,74.54
7.0,15.0,4,5,4,0,3.0,188.92,0,5.246602930861358,1.3862943611198906,1.6094379124341003,False,True,False,False,True,False,0.8,23.615
0.0,13.0,4,5,9,0,7.0,168.11,0,5.130549390761593,2.0794415416798357,1.6094379124341003,False,True,False,False,False,True,0.4,168.11
5.0,9.0,4,3,2,0,3.0,155.67,0,5.054141682405396,1.3862943611198906,1.6094379124341003,False,False,True,False,True,False,1.3333333333333333,25.944999999999997
11.0,9.0,4,3,6,1,47.0,221.02,0,5.402767467904501,3.8712010109078907,1.6094379124341003,False,True,False,False,False,False,0.5714285714285714,18.418333333333333
11.0,12.0,4,1,9,0,5.0,188.47,0,5.2442307006442705,1.791759469228055,1.6094379124341003,False,True,False,False,True,False,0.4,15.705833333333333
15.0,12.0,2,3,4,1,4.0,146.27,0,4.992267636738071,1.6094379124341003,1.0986122886681096,False,False,True,False,True,False,0.4,9.141875
9.0,8.0,4,3,2,0,0.0,122.74,0,4.818182590102842,0.0,1.6094379124341003,False,False,True,False,False,True,1.3333333333333333,12.274
8.0,24.0,3,5,1,0,4.0,0.0,0,0.0,1.6094379124341003,1.3862943611198906,False,True,False,False,True,False,1.5,0.0
9.0,17.0,3,4,2,0,2.0,122.44,0,4.815755208054905,1.0986122886681096,1.3862943611198906,False,False,True,False,True,False,1.0,12.244
10.0,9.0,5,3,3,0,1.0,200.96,0,5.308069657990715,0.6931471805599453,1.791759469228055,False,False,False,False,False,False,1.25,18.26909090909091
0.0,14.0,3,3,1,1,4.0,149.07,0,5.011101851907898,1.6094379124341003,1.3862943611198906,False,True,False,False,True,False,1.5,149.07
12.0,9.0,5,4,3,0,4.0,149.4,0,5.0132984115157395,1.6094379124341003,1.791759469228055,False,False,True,False,False,True,1.25,11.492307692307692
6.0,19.0,3,1,4,0,2.0,134.52,0,4.909119230903745,1.0986122886681096,1.3862943611198906,False,False,True,False,False,True,0.6,19.217142857142857
31.0,31.0,2,1,5,1,47.0,219.39,0,5.3953987041986,3.8712010109078907,1.0986122886681096,False,False,False,False,True,False,0.3333333333333333,6.8559375
10.0,33.0,1,3,5,1,3.0,163.97,1,5.105763639187833,1.3862943611198906,0.6931471805599453,False,True,False,False,False,True,0.16666666666666666,14.906363636363636
0.0,12.0,4,2,2,1,0.0,129.26,1,4.869532453118255,0.0,1.6094379124341003,False,False,True,False,False,True,1.3333333333333333,129.26
30.0,8.0,4,2,4,1,3.0,237.26,0,5.473362514371215,1.3862943611198906,1.6094379124341003,True,False,False,False,False,True,0.8,7.653548387096774
20.0,21.0,4,4,11,1,4.0,174.63,1,5.168379509433644,1.6094379124341003,1.6094379124341003,False,False,True,False,False,False,0.3333333333333333,8.315714285714286
17.0,14.0,3,1,7,1,2.0,124.36,0,4.831189598047765,1.0986122886681096,1.3862943611198906,False,False,True,False,False,True,0.375,6.908888888888889
1.0,11.0,2,5,4,0,3.0,153.19,0,5.038185608183261,1.3862943611198906,1.0986122886681096,False,False,True,False,True,False,0.4,76.595
29.0,15.0,3,3,3,0,3.0,129.42,0,4.870760011965056,1.3862943611198906,1.3862943611198906,False,False,True,False,True,False,0.75,4.313999999999999
0.0,14.0,3,4,1,0,2.0,124.22,1,4.830072190317164,1.0986122886681096,1.3862943611198906,False,False,True,False,False,True,1.5,124.22
1.0,9.0,2,3,3,0,8.0,177.06,0,5.182120572145525,2.1972245773362196,1.0986122886681096,False,True,False,False,True,False,0.5,88.53
11.0,9.0,5,1,7,0,1.0,176.63,0,5.179702735211794,0.6931471805599453,1.791759469228055,False,True,False,False,True,False,0.625,14.719166666666666
22.0,29.0,4,1,5,0,8.0,296.74,0,5.696220622448911,2.1972245773362196,1.6094379124341003,True,False,False,False,True,False,0.6666666666666666,12.901739130434782
24.0,17.0,4,4,4,0,47.0,231.42,0,5.448546079794728,3.8712010109078907,1.6094379124341003,True,False,False,False,False,True,0.8,9.2568
0.0,14.0,3,5,2,1,2.0,123.8,0,4.826712455935327,1.0986122886681096,1.3862943611198906,False,False,True,False,False,True,1.0,123.8
9.0,35.0,2,3,3,0,9.0,159.07,0,5.075611219558606,2.302585092994046,1.0986122886681096,False,True,False,False,True,False,0.5,15.907
19.0,27.0,6,5,4,1,8.0,233.51,0,5.457498230900349,2.1972245773362196,1.9459101490553132,False,False,False,False,True,False,1.2,11.6755
23.0,35.0,4,3,1,0,7.0,270.46,0,5.603814798869819,2.0794415416798357,1.6094379124341003,True,False,False,False,False,False,2.0,11.269166666666665
1.0,7.0,4,4,3,0,5.0,163.16,0,5.100841561982405,1.791759469228055,1.6094379124341003,False,False,True,False,True,False,1.0,81.58
22.0,7.0,3,3,5,0,0.0,253.79,0,5.540439676460028,0.0,1.3862943611198906,True,False,False,False,False,True,0.5,11.034347826086956
4.0,9.0,3,5,2,1,3.0,130.65,0,4.8801468859423185,1.3862943611198906,1.3862943611198906,False,False,True,False,True,False,1.0,26.130000000000003
4.0,32.0,5,4,4,1,47.0,215.94,1,5.3796208176120714,3.8712010109078907,1.791759469228055,False,False,False,False,False,True,1.0,43.188
13.0,8.0,3,4,8,0,3.0,157.15,0,5.063543949751658,1.3862943611198906,1.3862943611198906,False,True,False,False,True,False,0.3333333333333333,11.225
1.0,16.0,5,5,5,0,3.0,169.0,1,5.135798437050262,1.3862943611198906,1.791759469228055,False,False,True,False,False,False,0.8333333333333334,84.5
6.0,14.0,3,2,1,0,2.0,125.0,0,4.836281906951478,1.0986122886681096,1.3862943611198906,False,False,True,False,False,True,1.5,17.857142857142858
5.0,36.0,5,1,3,0,8.0,179.68,0,5.1967275107864035,2.1972245773362196,1.791759469228055,False,True,False,False,True,False,1.25,29.94666666666667
15.0,16.0,3,5,1,0,9.0,267.99,0,5.594674204189652,2.302585092994046,1.3862943611198906,True,False,False,False,False,False,1.5,16.749375
6.0,17.0,4,3,8,0,4.0,159.33,0,5.077234191200746,1.6094379124341003,1.6094379124341003,False,False,True,False,True,False,0.4444444444444444,22.761428571428574
15.0,8.0,3,3,1,1,10.0,278.61,0,5.633395775099203,2.3978952727983707,1.3862943611198906,True,False,False,False,True,False,1.5,17.413125
15.0,11.0,6,4,8,0,3.0,189.3,0,5.248601774302104,1.3862943611198906,1.9459101490553132,False,True,False,False,True,False,0.6666666666666666,11.83125
3.0,9.0,5,4,4,0,1.0,191.44,0,5.259784416831253,0.6931471805599453,1.791759469228055,False,True,False,False,False,False,1.0,47.86
11.0,9.0,3,3,4,0,2.0,128.21,0,4.861438987734129,1.0986122886681096,1.3862943611198906,False,False,True,False,True,False,0.6,10.684166666666668
5.0,18.0,4,5,3,1,2.0,193.33,0,5.269557744876612,1.0986122886681096,1.6094379124341003,False,True,False,False,True,False,1.0,32.22166666666667
3.0,13.0,4,5,9,1,3.0,149.04,1,5.010901925213687,1.3862943611198906,1.6094379124341003,False,False,True,False,False,False,0.4,37.26
10.0,24.0,5,4,4,0,4.0,180.07,0,5.198883696832551,1.6094379124341003,1.791759469228055,False,True,False,False,True,False,1.0,16.37
19.0,9.0,6,3,2,0,2.0,191.32,0,5.259160651346843,1.0986122886681096,1.9459101490553132,False,True,False,False,False,True,2.0,9.565999999999999
9.0,9.0,4,5,4,0,1.0,175.93,0,5.175754174124911,0.6931471805599453,1.6094379124341003,False,True,False,False,True,False,0.8,17.593
9.0,13.0,3,3,2,0,0.0,112.74,0,4.733915141878653,0.0,1.3862943611198906,False,False,True,False,True,False,1.0,11.274
9.0,18.0,4,5,2,0,0.0,120.33,1,4.798514106063782,0.0,1.6094379124341003,False,False,True,False,False,False,1.3333333333333333,12.033
29.0,9.0,5,5,10,0,1.0,315.38,0,5.756944022770433,0.6931471805599453,1.791759469228055,False,False,False,True,True,False,0.45454545454545453,10.512666666666666
13.0,14.0,4,1,1,1,3.0,123.42,0,4.823662939086874,1.3862943611198906,1.6094379124341003,False,False,True,False,False,True,2.0,8.815714285714286
11.0,14.0,3,3,3,1,7.0,126.55,1,4.848508444587821,2.0794415416798357,1.3862943611198906,False,False,True,False,True,False,0.75,10.545833333333333
18.0,19.0,1,3,7,1,8.0,236.95,1,5.4720605675671194,2.1972245773362196,0.6931471805599453,True,False,False,False,False,True,0.125,12.471052631578948
10.0,12.0,2,5,5,1,7.0,159.74,0,5.079788152784572,2.0794415416798357,1.0986122886681096,False,True,False,False,True,False,0.3333333333333333,14.521818181818183
8.0,16.0,3,1,2,0,2.0,139.17,0,4.942855971674966,1.0986122886681096,1.3862943611198906,False,False,True,False,True,False,1.0,15.463333333333331
1.0,9.0,4,4,3,0,1.0,138.93,1,4.941142297567622,0.6931471805599453,1.6094379124341003,False,False,True,False,False,True,1.0,69.465
8.0,7.0,4,1,3,0,47.0,223.88,0,5.415566926598276,3.8712010109078907,1.6094379124341003,False,False,False,False,False,True,1.0,24.875555555555554
6.0,8.0,5,4,2,0,3.0,147.69,0,5.001863601709132,1.3862943611198906,1.791759469228055,False,False,True,False,True,False,1.6666666666666667,21.09857142857143
1.0,27.0,4,3,2,0,3.0,147.72,0,5.0020653434131885,1.3862943611198906,1.6094379124341003,False,True,False,False,False,True,1.3333333333333333,73.86
9.0,14.0,4,5,2,0,9.0,175.87,0,5.175414999446702,2.302585092994046,1.6094379124341003,False,False,False,False,False,True,1.3333333333333333,17.587
3.0,31.0,3,3,8,1,2.0,147.36,0,4.9996417526213905,1.0986122886681096,1.3862943611198906,False,True,False,False,True,False,0.3333333333333333,36.84
9.0,11.0,3,5,5,0,2.0,180.08,0,5.198938922567758,1.0986122886681096,1.3862943611198906,False,False,False,False,True,False,0.5,18.008000000000003
30.0,6.0,3,3,3,0,2.0,167.55,0,5.12723244168007,1.0986122886681096,1.3862943611198906,False,True,False,False,False,False,0.75,5.40483870967742
25.0,9.0,4,3,3,1,4.0,179.69,0,5.19678285572374,1.6094379124341003,1.6094379124341003,False,False,False,False,True,False,1.0,6.911153846153846
23.0,8.0,3,5,2,0,7.0,279.24,0,5.6356463788892315,2.0794415416798357,1.3862943611198906,True,False,False,False,True,False,1.0,11.635
6.0,6.0,4,1,1,0,4.0,169.49,0,5.13867664397714,1.6094379124341003,1.6094379124341003,False,True,False,False,False,True,2.0,24.212857142857143
9.0,8.0,4,3,7,1,0.0,120.9,1,4.803201036487226,0.0,1.6094379124341003,False,False,True,False,False,True,0.5,12.09
13.0,10.0,5,3,2,0,8.0,155.69,0,5.054269331116317,2.1972245773362196,1.791759469228055,False,True,False,False,True,False,1.6666666666666667,11.120714285714286
14.0,8.0,3,5,8,0,8.0,265.95,0,5.587061374946195,2.1972245773362196,1.3862943611198906,True,False,False,False,True,False,0.3333333333333333,17.73
0.0,14.0,4,2,2,0,0.0,125.64,1,4.841348415572757,0.0,1.6094379124341003,False,False,True,False,False,True,1.3333333333333333,125.64
24.0,31.0,4,3,5,1,6.0,264.73,0,5.5824807556881915,1.9459101490553132,1.6094379124341003,True,False,False,False,False,False,0.6666666666666666,10.5892
6.0,7.0,4,5,6,0,3.0,165.87,0,5.117215066158812,1.3862943611198906,1.6094379124341003,False,True,False,False,True,False,0.5714285714285714,23.695714285714285
9.0,6.0,4,3,7,0,7.0,122.58,0,4.816888719632834,2.0794415416798357,1.6094379124341003,False,False,True,False,True,False,0.5,12.258
1.0,12.0,4,3,3,1,1.0,153.51,1,5.040258819162327,0.6931471805599453,1.6094379124341003,False,False,True,False,False,True,1.0,76.755
6.0,21.0,3,1,1,1,1.0,148.78,0,5.009167550821221,0.6931471805599453,1.3862943611198906,False,True,False,False,True,False,1.5,21.254285714285714
9.0,19.0,3,3,2,0,6.0,120.96,0,4.803693122120054,1.9459101490553132,1.3862943611198906,False,False,True,False,False,False,1.0,12.096
0.0,25.0,4,5,2,0,7.0,140.66,0,4.953429820325477,2.0794415416798357,1.6094379124341003,False,False,True,False,True,False,1.3333333333333333,140.66
1.0,22.0,4,1,3,0,1.0,153.71,0,5.041552396730977,0.6931471805599453,1.6094379124341003,False,False,True,False,False,True,1.0,76.855
1.0,10.0,5,3,3,0,1.0,157.3,0,5.064491966886966,0.6931471805599453,1.791759469228055,False,False,True,False,False,True,1.25,78.65
26.0,7.0,5,3,2,0,10.0,324.99,0,5.786866706049599,2.3978952727983707,1.791759469228055,False,False,False,True,False,False,1.6666666666666667,12.036666666666667
8.0,28.0,5,3,1,0,3.0,142.3,0,4.964940334834126,1.3862943611198906,1.791759469228055,False,False,True,False,False,True,2.5,15.811111111111112
28.0,27.0,4,3,5,0,4.0,173.69,0,5.163012974517138,1.6094379124341003,1.6094379124341003,False,True,False,False,False,True,0.6666666666666666,5.989310344827586
0.0,24.0,3,3,1,1,2.0,146.14,1,4.9913845145041185,1.0986122886681096,1.3862943611198906,False,True,False,False,False,False,1.5,146.14
2.0,33.0,3,3,5,0,1.0,143.35,0,4.972240906108944,0.6931471805599453,1.3862943611198906,False,True,False,False,True,False,0.5,47.78333333333333
6.0,20.0,5,4,3,0,3.0,152.43,0,5.033244436957115,1.3862943611198906,1.791759469228055,False,False,True,False,False,False,1.25,21.775714285714287
6.0,13.0,3,3,1,0,47.0,216.91000000000005,0,5.38408213350883,3.8712010109078907,1.3862943611198906,False,False,False,False,True,False,1.5,30.987142857142864
1.0,15.0,5,3,3,1,3.0,164.89,1,5.1113249181041835,1.3862943611198906,1.791759469228055,False,False,True,False,False,True,1.25,82.445
19.0,6.0,3,5,8,0,3.0,193.96,0,5.272794409316951,1.3862943611198906,1.3862943611198906,False,False,False,False,True,False,0.3333333333333333,9.698
1.0,16.0,5,3,2,1,1.0,158.88,1,5.074423533843123,0.6931471805599453,1.791759469228055,False,False,True,False,True,False,1.6666666666666667,79.44
21.0,33.0,4,3,5,0,1.0,321.58,0,5.776351167489036,0.6931471805599453,1.6094379124341003,False,False,False,True,True,False,0.6666666666666666,14.617272727272727
1.0,17.0,5,3,3,0,3.0,151.25,1,5.025523906590006,1.3862943611198906,1.791759469228055,False,False,True,False,False,True,1.25,75.625
21.0,9.0,4,2,7,0,5.0,175.7,0,5.174453379325651,1.791759469228055,1.6094379124341003,False,True,False,False,True,False,0.5,7.986363636363635
7.0,14.0,1,3,3,0,2.0,144.04,0,4.977009566446595,1.0986122886681096,0.6931471805599453,False,True,False,False,True,False,0.25,18.005
16.0,9.0,4,1,4,1,47.0,226.24,0,5.426006727688926,3.8712010109078907,1.6094379124341003,False,False,False,False,True,False,0.8,13.308235294117647
9.0,27.0,4,5,1,0,0.0,122.96,0,4.819958932919548,0.0,1.6094379124341003,False,False,True,False,True,False,2.0,12.296
15.0,13.0,4,1,5,1,1.0,260.91,0,5.568000933297142,0.6931471805599453,1.6094379124341003,False,False,False,False,False,True,0.6666666666666666,16.306875
20.0,9.0,3,3,10,1,13.0,237.7,0,5.4752075333447845,2.639057329615259,1.3862943611198906,True,False,False,False,True,False,0.2727272727272727,11.319047619047618
30.0,22.0,3,5,9,0,2.0,154.05,0,5.043747645546458,1.0986122886681096,1.3862943611198906,False,True,False,False,False,True,0.3,4.969354838709678
6.0,34.0,3,3,2,1,7.0,152.07,0,5.030895333103616,2.0794415416798357,1.3862943611198906,False,True,False,False,True,False,1.0,21.724285714285713
0.0,15.0,3,3,2,0,2.0,127.42,1,4.855306142365903,1.0986122886681096,1.3862943611198906,False,False,True,False,True,False,1.0,127.42
8.0,8.0,5,4,3,1,11.0,288.24,1,5.667256793306751,2.4849066497880004,1.791759469228055,False,False,False,True,False,True,1.25,32.02666666666667
5.0,35.0,3,3,10,0,7.0,140.25,0,4.9505313700265505,2.0794415416798357,1.3862943611198906,False,False,True,False,False,True,0.2727272727272727,23.375
9.0,13.0,3,5,4,1,3.0,121.66,1,4.809416300197838,1.3862943611198906,1.3862943611198906,False,False,True,False,False,True,0.6,12.166
1.0,8.0,6,4,8,0,1.0,192.35,1,5.264502018053306,0.6931471805599453,1.9459101490553132,False,True,False,False,False,True,0.6666666666666666,96.175
8.0,7.0,5,1,3,1,4.0,161.22,0,5.088953438642199,1.6094379124341003,1.791759469228055,False,False,True,False,True,False,1.25,17.913333333333334
19.0,10.0,4,4,3,0,8.0,287.89,0,5.666045992819804,2.1972245773362196,1.6094379124341003,False,False,False,True,False,False,1.0,14.394499999999999
16.0,11.0,4,5,9,0,6.0,176.55,0,5.179252259389097,1.9459101490553132,1.6094379124341003,False,True,False,False,False,True,0.4,10.38529411764706
0.0,6.0,3,1,10,1,2.0,147.87,1,5.003073441888966,1.0986122886681096,1.3862943611198906,False,False,True,False,True,False,0.2727272727272727,147.87
0.0,11.0,3,1,2,0,2.0,131.17,0,4.884088972769716,1.0986122886681096,1.3862943611198906,False,False,True,False,False,True,1.0,131.17
18.0,11.0,5,5,2,1,4.0,157.69,0,5.066952613574751,1.6094379124341003,1.791759469228055,False,True,False,False,False,True,1.6666666666666667,8.299473684210525
15.0,29.0,3,1,3,0,0.0,259.92,0,5.5642138469278954,0.0,1.3862943611198906,True,False,False,False,False,True,0.75,16.245
1.0,22.0,1,5,1,0,7.0,156.61,0,5.0601236271874495,2.0794415416798357,0.6931471805599453,False,True,False,False,False,True,0.5,78.305
23.0,15.0,3,3,5,1,0.0,293.31,0,5.684633633595218,0.0,1.3862943611198906,False,False,False,True,True,False,0.5,12.22125
3.0,26.0,3,5,1,0,2.0,199.57,0,5.301163312997955,1.0986122886681096,1.3862943611198906,False,True,False,False,False,False,1.5,49.8925
14.0,12.0,3,5,3,1,17.0,147.21,0,4.998630186968824,2.8903717578961645,1.3862943611198906,False,False,True,False,False,True,0.75,9.814
26.0,29.0,3,2,7,0,8.0,242.75,0,5.4961431098779565,2.1972245773362196,1.3862943611198906,True,False,False,False,False,True,0.375,8.99074074074074
3.0,27.0,4,1,3,0,11.0,163.12,0,5.100597867573986,2.4849066497880004,1.6094379124341003,False,False,True,False,True,False,1.0,40.78
8.0,22.0,3,3,5,1,0.0,176.32,0,5.177956009876853,0.0,1.3862943611198906,False,False,False,False,False,False,0.5,19.59111111111111
0.0,14.0,4,5,8,0,0.0,125.61,1,4.841111495532162,0.0,1.6094379124341003,False,False,True,False,False,True,0.4444444444444444,125.61
31.0,7.0,6,3,4,1,3.0,181.6,0,5.207297968160868,1.3862943611198906,1.9459101490553132,False,True,False,False,True,False,1.2,5.675
18.0,13.0,3,5,2,0,11.0,152.1,0,5.031091302663638,2.4849066497880004,1.3862943611198906,False,False,False,False,True,False,1.0,8.005263157894737
1.0,31.0,5,5,3,0,47.0,212.22,1,5.362324496522329,3.8712010109078907,1.791759469228055,False,False,False,False,False,True,1.25,106.11
1.0,11.0,6,2,3,0,47.0,229.0,1,5.438079308923196,3.8712010109078907,1.9459101490553132,False,False,False,False,False,False,1.5,114.5
11.0,8.0,4,3,4,1,2.0,177.56,0,5.184924679192946,1.0986122886681096,1.6094379124341003,False,False,False,False,True,False,0.8,14.796666666666667
9.0,6.0,3,1,5,0,0.0,166.53,0,5.121162439705441,0.0,1.3862943611198906,False,True,False,False,False,True,0.5,16.653
10.0,22.0,4,3,5,0,0.0,163.34,0,5.101937452503042,0.0,1.6094379124341003,False,True,False,False,True,False,0.6666666666666666,14.84909090909091
28.0,24.0,3,4,4,0,7.0,268.35,0,5.596011649126543,2.0794415416798357,1.3862943611198906,True,False,False,False,False,True,0.6,9.25344827586207
27.0,20.0,2,5,3,0,4.0,169.5,0,5.1387352967235715,1.6094379124341003,1.0986122886681096,False,True,False,False,True,False,0.5,6.053571428571429
0.0,15.0,3,5,4,1,3.0,182.24,1,5.2107967690185415,1.3862943611198906,1.3862943611198906,False,True,False,False,False,True,0.6,182.24
19.0,11.0,4,5,6,1,4.0,175.06,0,5.17082484603276,1.6094379124341003,1.6094379124341003,False,True,False,False,True,False,0.5714285714285714,8.753
0.0,14.0,3,5,2,1,2.0,123.8,0,4.826712455935327,1.0986122886681096,1.3862943611198906,False,False,True,False,False,True,1.0,123.8
12.0,12.0,3,4,5,0,2.0,183.76,0,5.2190576855624045,1.0986122886681096,1.3862943611198906,False,False,False,False,False,True,0.5,14.135384615384615
20.0,10.0,2,5,4,0,9.0,257.25,0,5.553928107999748,2.302585092994046,1.0986122886681096,True,False,False,False,True,False,0.4,12.25
29.0,25.0,4,4,5,0,8.0,293.35,0,5.68476953547427,2.1972245773362196,1.6094379124341003,True,False,False,False,False,True,0.6666666666666666,9.778333333333334
13.0,18.0,3,5,3,0,7.0,144.48,0,4.980038620118788,2.0794415416798357,1.3862943611198906,False,True,False,False,True,False,0.75,10.319999999999999
1.0,11.0,5,5,3,0,4.0,167.56,0,5.127291769495933,1.6094379124341003,1.791759469228055,False,True,False,False,True,False,1.25,83.78
13.0,6.0,3,3,4,1,0.0,147.28,1,4.999102378282531,0.0,1.3862943611198906,False,True,False,False,False,True,0.6,10.52
5.0,27.0,4,3,3,0,3.0,166.97,0,5.123785392028911,1.3862943611198906,1.6094379124341003,False,True,False,False,True,False,1.0,27.828333333333333
23.0,17.0,3,4,4,0,4.0,299.26,0,5.7046487659841585,1.6094379124341003,1.3862943611198906,False,False,False,True,False,True,0.6,12.469166666666666
0.0,6.0,4,4,2,0,0.0,128.36,0,4.862599215268851,0.0,1.6094379124341003,False,False,True,False,False,True,1.3333333333333333,128.36
20.0,9.0,4,2,4,0,5.0,198.79,0,5.297266814911858,1.791759469228055,1.6094379124341003,False,True,False,False,True,False,0.8,9.466190476190476
18.0,8.0,4,1,8,1,3.0,149.36,0,5.013032418695977,1.3862943611198906,1.6094379124341003,False,False,True,False,False,True,0.4444444444444444,7.861052631578948
12.0,15.0,3,4,10,0,3.0,167.82,0,5.128833058555574,1.3862943611198906,1.3862943611198906,False,True,False,False,False,True,0.2727272727272727,12.909230769230769
5.0,12.0,4,4,3,0,3.0,152.89,0,5.0362380614757605,1.3862943611198906,1.6094379124341003,False,False,True,False,True,False,1.0,25.481666666666666
7.0,8.0,4,5,2,0,3.0,143.81,0,4.975422538340511,1.3862943611198906,1.6094379124341003,False,False,True,False,False,True,1.3333333333333333,17.97625
29.0,9.0,4,4,5,0,3.0,234.76,0,5.462814338429439,1.3862943611198906,1.6094379124341003,False,False,False,False,True,False,0.6666666666666666,7.825333333333333
7.0,6.0,4,5,1,0,9.0,153.43,0,5.03974091923491,2.302585092994046,1.6094379124341003,False,True,False,False,False,True,2.0,19.17875
4.0,34.0,4,1,9,0,8.0,178.04,0,5.187609244563615,2.1972245773362196,1.6094379124341003,False,True,False,False,True,False,0.4,35.608
19.0,9.0,3,3,4,0,9.0,274.65,0,5.619131945035693,2.302585092994046,1.3862943611198906,True,False,False,False,True,False,0.6,13.732499999999998
21.0,14.0,3,5,9,0,6.0,123.67,0,4.825670246356884,1.9459101490553132,1.3862943611198906,False,False,True,False,True,False,0.3,5.621363636363636
20.0,31.0,3,3,3,0,11.0,186.33,0,5.232871767472967,2.4849066497880004,1.3862943611198906,False,False,False,False,False,True,0.75,8.872857142857143
29.0,7.0,2,2,4,0,1.0,272.32,0,5.610643269912577,0.6931471805599453,1.0986122886681096,True,False,False,False,True,False,0.4,9.077333333333334
1.0,13.0,5,4,3,0,4.0,148.68,0,5.0084996819658345,1.6094379124341003,1.791759469228055,False,False,True,False,True,False,1.25,74.34
7.0,7.0,5,3,3,0,1.0,145.08,0,4.984154416846659,0.6931471805599453,1.791759469228055,False,False,True,False,True,False,1.25,18.135
1.0,17.0,4,5,3,1,11.0,295.68,0,5.692654116868358,2.4849066497880004,1.6094379124341003,True,False,False,False,True,False,1.0,147.84
1.0,32.0,4,3,3,0,8.0,154.42,0,5.046131129781096,2.1972245773362196,1.6094379124341003,False,False,True,False,True,False,1.0,77.21
8.0,22.0,4,5,3,0,7.0,186.25,0,5.232444622397329,2.0794415416798357,1.6094379124341003,False,True,False,False,False,True,1.0,20.694444444444443
5.0,9.0,6,2,6,1,1.0,152.78,1,5.035523009604034,0.6931471805599453,1.9459101490553132,False,False,True,False,True,False,0.8571428571428571,25.463333333333335
1.0,22.0,4,3,9,0,1.0,173.34,1,5.1610074155834305,0.6931471805599453,1.6094379124341003,False,True,False,False,True,False,0.4,86.67
25.0,13.0,3,4,8,0,0.0,204.45,0,5.325202695329419,0.0,1.3862943611198906,False,False,False,False,False,True,0.3333333333333333,7.863461538461538
18.0,34.0,4,4,2,0,6.0,267.04,0,5.59113622310497,1.9459101490553132,1.6094379124341003,True,False,False,False,False,True,1.3333333333333333,14.054736842105264
20.0,10.0,4,4,10,0,2.0,291.06,0,5.676959260612326,1.0986122886681096,1.6094379124341003,True,False,False,False,False,False,0.36363636363636365,13.86
11.0,28.0,3,5,3,1,8.0,160.64,0,5.085371640210273,2.1972245773362196,1.3862943611198906,False,False,True,False,False,False,0.75,13.386666666666665
2.0,15.0,3,3,10,0,2.0,129.74,0,4.873210618184584,1.0986122886681096,1.3862943611198906,False,False,True,False,True,False,0.2727272727272727,43.24666666666667
4.0,12.0,4,3,2,1,2.0,127.03,0,4.852264611458088,1.0986122886681096,1.6094379124341003,False,False,True,False,True,False,1.3333333333333333,25.406
9.0,18.0,4,5,2,0,0.0,120.33,1,4.798514106063782,0.0,1.6094379124341003,False,False,True,False,True,False,1.3333333333333333,12.033
5.0,11.0,3,4,3,0,7.0,127.18,0,4.853435526076081,2.0794415416798357,1.3862943611198906,False,False,True,False,False,True,0.75,21.19666666666667
15.0,13.0,5,4,8,1,3.0,185.32,0,5.227465625576086,1.3862943611198906,1.791759469228055,False,True,False,False,False,True,0.5555555555555556,11.5825
17.0,6.0,3,5,6,1,3.0,154.54,0,5.046902933266797,1.3862943611198906,1.3862943611198906,False,True,False,False,True,False,0.42857142857142855,8.585555555555555
5.0,6.0,3,1,2,1,8.0,161.62,0,5.091416190779691,2.1972245773362196,1.3862943611198906,False,True,False,False,True,False,1.0,26.936666666666667
0.0,6.0,5,4,7,0,0.0,167.35,1,5.126045145607083,0.0,1.791759469228055,False,True,False,False,False,True,0.625,167.35
9.0,16.0,4,5,2,0,0.0,114.16,1,4.746322465743975,0.0,1.6094379124341003,False,False,True,False,False,True,1.3333333333333333,11.416
10.0,15.0,5,5,2,0,4.0,148.42,0,5.0067611325476555,1.6094379124341003,1.791759469228055,False,False,True,False,True,False,1.6666666666666667,13.492727272727272
5.0,12.0,4,3,3,0,3.0,208.46,0,5.344532790344999,1.3862943611198906,1.6094379124341003,False,True,False,False,True,False,1.0,34.74333333333333
1.0,15.0,5,4,3,0,1.0,137.61,1,4.931664234225262,0.6931471805599453,1.791759469228055,False,False,True,False,False,True,1.25,68.805
19.0,8.0,3,1,5,1,3.0,203.68,0,5.321447783936891,1.3862943611198906,1.3862943611198906,False,False,False,False,True,False,0.5,10.184000000000001
1.0,27.0,4,3,2,0,3.0,147.72,0,5.0020653434131885,1.3862943611198906,1.6094379124341003,False,True,False,False,False,True,1.3333333333333333,73.86
7.0,21.0,3,5,2,0,6.0,161.25,0,5.0891383555842,1.9459101490553132,1.3862943611198906,False,True,False,False,False,True,1.0,20.15625
9.0,6.0,3,3,8,0,2.0,122.32,0,4.8147826030179495,1.0986122886681096,1.3862943611198906,False,False,True,False,True,False,0.3333333333333333,12.232
19.0,32.0,4,4,5,0,1.0,305.61,0,5.725576581691871,0.6931471805599453,1.6094379124341003,False,False,False,True,False,True,0.6666666666666666,15.2805
16.0,17.0,4,5,2,0,10.0,292.99,0,5.683545753154764,2.3978952727983707,1.6094379124341003,True,False,False,False,True,False,1.3333333333333333,17.23470588235294
12.0,8.0,4,2,9,0,4.0,152.04,0,5.030699325131997,1.6094379124341003,1.6094379124341003,False,True,False,False,False,False,0.4,11.695384615384615
7.0,9.0,4,4,10,0,8.0,176.47,0,5.178801580546473,2.1972245773362196,1.6094379124341003,False,True,False,False,False,True,0.36363636363636365,22.05875
6.0,9.0,5,5,6,0,5.0,146.76,0,4.995589335890984,1.791759469228055,1.791759469228055,False,True,False,False,False,True,0.7142857142857143,20.965714285714284
1.0,25.0,4,3,2,0,3.0,152.74,0,5.035262863920986,1.3862943611198906,1.6094379124341003,False,False,True,False,True,False,1.3333333333333333,76.37
31.0,28.0,4,1,6,1,1.0,303.75,0,5.719491768361381,0.6931471805599453,1.6094379124341003,True,False,False,False,True,False,0.5714285714285714,9.4921875
0.0,14.0,3,3,2,0,7.0,187.26,0,5.237823986119074,2.0794415416798357,1.3862943611198906,False,False,False,False,False,True,1.0,187.26
14.0,6.0,4,3,2,0,10.0,291.89,0,5.67979711190569,2.3978952727983707,1.6094379124341003,False,False,False,True,False,False,1.3333333333333333,19.459333333333333
17.0,8.0,3,3,6,1,2.0,202.09,0,5.3136492305450185,1.0986122886681096,1.3862943611198906,False,False,False,False,False,True,0.42857142857142855,11.227222222222222
0.0,16.0,3,1,2,0,2.0,146.84,0,4.996130607893374,1.0986122886681096,1.3862943611198906,False,True,False,False,False,True,1.0,146.84
3.0,17.0,5,3,11,0,5.0,183.69,0,5.21867874388782,1.791759469228055,1.791759469228055,False,True,False,False,False,True,0.4166666666666667,45.9225
30.0,13.0,1,2,1,1,9.0,152.2,0,5.0317442573064906,2.302585092994046,0.6931471805599453,False,True,False,False,True,False,0.5,4.909677419354838
6.0,7.0,4,1,3,0,47.0,229.22,0,5.439035373486916,3.8712010109078907,1.6094379124341003,False,False,False,False,True,False,1.0,32.745714285714286
9.0,9.0,4,3,2,0,0.0,112.81,0,4.734530391293799,0.0,1.6094379124341003,False,False,True,False,True,False,1.3333333333333333,11.281
7.0,17.0,4,3,3,0,10.0,179.87,0,5.1977785411694235,2.3978952727983707,1.6094379124341003,False,True,False,False,False,True,1.0,22.48375
0.0,29.0,4,5,2,0,10.0,173.36,1,5.1611221273701915,2.3978952727983707,1.6094379124341003,False,False,False,False,False,False,1.3333333333333333,173.36
0.0,9.0,4,3,2,0,0.0,132.3,0,4.892602227184663,0.0,1.6094379124341003,False,False,True,False,False,True,1.3333333333333333,132.3
3.0,7.0,5,2,5,0,8.0,286.24,0,5.660318103242117,2.1972245773362196,1.791759469228055,True,False,False,False,True,False,0.8333333333333334,71.56
10.0,16.0,5,4,4,1,47.0,213.47,0,5.36816986844687,3.8712010109078907,1.791759469228055,False,True,False,False,True,False,1.0,19.406363636363636
8.0,22.0,3,4,1,0,9.0,180.2,0,5.199601393608879,2.302585092994046,1.3862943611198906,False,False,False,False,False,False,1.5,20.022222222222222
5.0,10.0,4,3,2,0,8.0,161.62,0,5.091416190779691,2.1972245773362196,1.6094379124341003,False,True,False,False,True,False,1.3333333333333333,26.936666666666667
0.0,10.0,3,5,2,0,0.0,129.73,1,4.873134127573769,0.0,1.3862943611198906,False,False,True,False,False,True,1.0,129.73
18.0,7.0,4,1,6,1,3.0,156.95,0,5.062278527248094,1.3862943611198906,1.6094379124341003,False,False,True,False,True,False,0.5714285714285714,8.260526315789473
11.0,9.0,3,1,9,1,0.0,168.61,0,5.133501683883748,0.0,1.3862943611198906,False,True,False,False,False,True,0.3,14.050833333333335
9.0,23.0,3,4,2,0,0.0,122.1,1,4.812997033190408,0.0,1.3862943611198906,False,False,True,False,False,False,1.0,12.209999999999999
1.0,17.0,4,1,2,0,2.0,146.45,0,4.993489135261285,1.0986122886681096,1.6094379124341003,False,False,True,False,True,False,1.3333333333333333,73.225
7.0,24.0,5,3,11,1,1.0,149.37,1,5.013098923534229,0.6931471805599453,1.791759469228055,False,False,True,False,True,False,0.4166666666666667,18.67125
0.0,30.0,4,5,2,0,9.0,187.22,1,5.237611491430641,2.302585092994046,1.6094379124341003,False,False,False,False,False,True,1.3333333333333333,187.22
9.0,9.0,5,4,4,0,47.0,227.74,0,5.432585987353071,3.8712010109078907,1.791759469228055,False,False,False,False,True,False,1.0,22.774
13.0,12.0,3,3,8,0,13.0,232.37,0,5.452625176886793,2.639057329615259,1.3862943611198906,True,False,False,False,False,True,0.3333333333333333,16.597857142857144
1.0,10.0,5,3,3,1,2.0,150.66,0,5.02164117327279,1.0986122886681096,1.791759469228055,False,False,True,False,True,False,1.25,75.33
1.0,7.0,5,3,3,0,3.0,171.17,0,5.148482360788381,1.3862943611198906,1.791759469228055,False,True,False,False,False,True,1.25,85.585
9.0,15.0,1,4,2,0,2.0,128.1,0,4.860587297852597,1.0986122886681096,0.6931471805599453,False,False,True,False,True,False,0.3333333333333333,12.809999999999999
12.0,23.0,4,4,4,0,3.0,166.98,0,5.123844924697481,1.3862943611198906,1.6094379124341003,False,True,False,False,False,True,0.8,12.844615384615384
8.0,16.0,4,2,2,0,47.0,210.0,0,5.351858133476067,3.8712010109078907,1.6094379124341003,False,False,False,False,True,False,1.3333333333333333,23.333333333333332
6.0,14.0,4,3,10,1,0.0,124.37,1,4.831269365127934,0.0,1.6094379124341003,False,False,True,False,True,False,0.36363636363636365,17.767142857142858
4.0,17.0,4,3,11,0,47.0,221.67,0,5.405690854816366,3.8712010109078907,1.6094379124341003,False,False,False,False,False,True,0.3333333333333333,44.333999999999996
0.0,14.0,3,5,2,0,2.0,125.0,0,4.836281906951478,1.0986122886681096,1.3862943611198906,False,False,True,False,False,False,1.0,125.0
14.0,35.0,6,5,5,0,2.0,234.32,0,5.460946289996255,1.0986122886681096,1.9459101490553132,False,False,False,False,True,False,1.0,15.621333333333332
26.0,10.0,5,5,3,0,17.0,293.56,0,5.685482717484768,2.8903717578961645,1.791759469228055,True,False,False,False,False,False,1.25,10.872592592592593
19.0,7.0,4,1,5,0,3.0,147.7,0,5.001930853466109,1.3862943611198906,1.6094379124341003,False,False,True,False,True,False,0.6666666666666666,7.385
3.0,8.0,4,1,6,1,0.0,168.77,0,5.134444579822542,0.0,1.6094379124341003,False,True,False,False,False,True,0.5714285714285714,42.1925
24.0,35.0,4,5,6,1,3.0,293.8,0,5.686297160315181,1.3862943611198906,1.6094379124341003,True,False,False,False,False,False,0.5714285714285714,11.752
2.0,16.0,4,3,7,0,3.0,148.77,0,5.009100784004304,1.3862943611198906,1.6094379124341003,False,False,True,False,True,False,0.5,49.59
20.0,9.0,4,1,6,1,47.0,228.68,0,5.436687035812809,3.8712010109078907,1.6094379124341003,False,False,False,False,True,False,0.5714285714285714,10.88952380952381
22.0,29.0,4,1,5,0,8.0,296.74,0,5.696220622448911,2.1972245773362196,1.6094379124341003,True,False,False,False,True,False,0.6666666666666666,12.901739130434782
0.0,20.0,4,4,2,1,2.0,137.43,1,4.930364782699644,1.0986122886681096,1.6094379124341003,False,False,True,False,True,False,1.3333333333333333,137.43
0.0,23.0,3,3,1,1,0.0,127.41,1,4.855228269843183,0.0,1.3862943611198906,False,False,True,False,True,False,1.5,127.41
11.0,26.0,4,4,3,1,10.0,201.42,0,5.310344746760755,2.3978952727983707,1.6094379124341003,False,False,False,False,False,True,1.0,16.785
14.0,8.0,4,4,5,0,4.0,148.87,0,5.009768251656904,1.6094379124341003,1.6094379124341003,False,False,True,False,True,False,0.6666666666666666,9.924666666666667
10.0,25.0,4,1,4,0,10.0,202.79,0,5.31709005187132,2.3978952727983707,1.6094379124341003,False,True,False,False,False,True,0.8,18.435454545454544
2.0,16.0,4,3,10,0,4.0,158.69,0,5.0732344358527754,1.6094379124341003,1.6094379124341003,False,True,False,False,False,True,0.36363636363636365,52.89666666666667
10.0,16.0,3,4,2,0,7.0,139.36,0,4.944210550715014,2.0794415416798357,1.3862943611198906,False,False,True,False,True,False,1.0,12.66909090909091
6.0,16.0,1,3,1,1,8.0,183.8,0,5.2192741592075835,2.1972245773362196,0.6931471805599453,False,False,False,False,True,False,0.5,26.25714285714286
0.0,15.0,3,1,2,0,7.0,141.05,0,4.956179108300197,2.0794415416798357,1.3862943611198906,False,True,False,False,False,True,1.0,141.05
9.0,34.0,4,3,4,0,8.0,193.83,0,5.2721273834577955,2.1972245773362196,1.6094379124341003,False,True,False,False,True,False,0.8,19.383000000000003
9.0,6.0,3,5,5,0,2.0,121.94,0,4.811696431478864,1.0986122886681096,1.3862943611198906,False,False,True,False,True,False,0.5,12.193999999999999
1.0,21.0,4,2,2,1,8.0,200.53,1,5.305938253679398,2.1972245773362196,1.6094379124341003,False,False,False,False,False,True,1.3333333333333333,100.265
6.0,11.0,4,2,2,0,2.0,129.11,0,4.868380246515384,1.0986122886681096,1.6094379124341003,False,False,True,False,False,False,1.3333333333333333,18.444285714285716
2.0,13.0,3,2,2,1,0.0,166.23,0,5.119370110393032,0.0,1.3862943611198906,False,True,False,False,True,False,1.0,55.41
3.0,35.0,3,4,4,0,3.0,192.5,0,5.2652775124698366,1.3862943611198906,1.3862943611198906,False,False,False,False,True,False,0.6,48.125
9.0,7.0,4,3,3,0,47.0,212.89,0,5.365461864177367,3.8712010109078907,1.6094379124341003,False,False,False,False,False,True,1.0,21.288999999999998
10.0,7.0,6,5,4,1,47.0,227.52,0,5.431623733856262,3.8712010109078907,1.9459101490553132,False,False,False,False,True,False,1.2,20.683636363636364
8.0,23.0,3,5,4,1,7.0,189.66,0,5.250491737065432,2.0794415416798357,1.3862943611198906,False,True,False,False,False,False,0.6,21.073333333333334
10.0,10.0,4,1,7,0,1.0,153.35,0,5.039222750948168,0.6931471805599453,1.6094379124341003,False,False,True,False,True,False,0.5,13.94090909090909
1.0,15.0,5,1,8,0,3.0,146.8,1,4.995860008514102,1.3862943611198906,1.791759469228055,False,False,True,False,True,False,0.5555555555555556,73.4
9.0,9.0,3,1,5,0,4.0,120.97,0,4.8037751128551465,1.6094379124341003,1.3862943611198906,False,False,True,False,True,False,0.5,12.097
26.0,9.0,5,3,3,1,13.0,315.68,0,5.757891800303233,2.639057329615259,1.791759469228055,False,False,False,True,False,True,1.25,11.691851851851853
1.0,36.0,4,5,3,0,3.0,164.07,0,5.10636962635945,1.3862943611198906,1.6094379124341003,False,False,True,False,True,False,1.0,82.035
15.0,11.0,4,3,2,1,47.0,229.47,0,5.4401207021224,3.8712010109078907,1.6094379124341003,False,False,False,False,True,False,1.3333333333333333,14.341875
3.0,16.0,3,3,10,0,2.0,196.67,0,5.286598973593838,1.0986122886681096,1.3862943611198906,False,False,False,False,False,True,0.2727272727272727,49.1675
11.0,10.0,4,4,5,0,2.0,166.07,0,5.118412886269687,1.0986122886681096,1.6094379124341003,False,True,False,False,False,True,0.6666666666666666,13.839166666666666
3.0,6.0,4,1,2,1,0.0,151.26,0,5.025589585878066,0.0,1.6094379124341003,False,True,False,False,True,False,1.3333333333333333,37.815
1.0,34.0,4,2,3,0,10.0,201.39,1,5.310196529078114,2.3978952727983707,1.6094379124341003,False,False,False,False,False,False,1.0,100.695
0.0,16.0,4,3,2,0,0.0,112.0,0,4.727387818712341,0.0,1.6094379124341003,False,False,True,False,False,True,1.3333333333333333,112.0
18.0,7.0,4,1,8,1,3.0,149.36,0,5.013032418695977,1.3862943611198906,1.6094379124341003,False,False,True,False,False,True,0.4444444444444444,7.861052631578948
7.0,29.0,4,4,2,0,8.0,186.46,0,5.23356548931834,2.1972245773362196,1.6094379124341003,False,True,False,False,True,False,1.3333333333333333,23.3075
1.0,21.0,4,5,3,1,9.0,147.35,0,4.99957434673683,2.302585092994046,1.6094379124341003,False,False,True,False,False,False,1.0,73.675
5.0,27.0,4,3,3,0,1.0,194.32,0,5.274639239193459,0.6931471805599453,1.6094379124341003,False,True,False,False,False,False,1.0,32.38666666666666
9.0,24.0,3,2,2,0,7.0,121.53,0,4.808355897961355,2.0794415416798357,1.3862943611198906,False,False,True,False,False,True,1.0,12.153
5.0,14.0,3,5,2,0,2.0,124.39,0,4.831428880202447,1.0986122886681096,1.3862943611198906,False,False,True,False,False,True,1.0,20.731666666666666
24.0,12.0,4,3,1,0,7.0,128.38,0,4.862753810615839,2.0794415416798357,1.6094379124341003,False,False,True,False,False,True,2.0,5.1352
7.0,12.0,4,1,8,0,47.0,224.98,0,5.4204464997811,3.8712010109078907,1.6094379124341003,False,True,False,False,True,False,0.4444444444444444,28.1225
11.0,13.0,3,5,6,1,8.0,184.74,0,5.224347846347863,2.1972245773362196,1.3862943611198906,False,True,False,False,True,False,0.42857142857142855,15.395000000000001
15.0,8.0,5,1,2,0,9.0,298.45,1,5.701947458710471,2.302585092994046,1.791759469228055,False,False,False,True,True,False,1.6666666666666667,18.653125
13.0,11.0,4,5,6,1,12.0,204.75,0,5.326661839557179,2.5649493574615367,1.6094379124341003,False,False,False,False,True,False,0.5714285714285714,14.625
4.0,29.0,4,2,1,0,8.0,155.82,0,5.055098650802776,2.1972245773362196,1.6094379124341003,False,True,False,False,False,False,2.0,31.163999999999998
23.0,7.0,5,3,9,1,8.0,264.64,0,5.582142008672513,2.1972245773362196,1.791759469228055,True,False,False,False,False,True,0.5,11.026666666666666
9.0,9.0,3,4,4,1,3.0,122.77,0,4.818425004551931,1.3862943611198906,1.3862943611198906,False,False,True,False,True,False,0.6,12.277
7.0,13.0,4,2,5,0,8.0,202.25,0,5.31443674842792,2.1972245773362196,1.6094379124341003,False,True,False,False,True,False,0.6666666666666666,25.28125
15.0,8.0,3,3,6,0,14.0,288.8,0,5.669191029886582,2.70805020110221,1.3862943611198906,False,False,False,True,True,False,0.42857142857142855,18.05
13.0,16.0,4,5,3,0,10.0,176.51,0,5.179026945356712,2.3978952727983707,1.6094379124341003,False,True,False,False,True,False,1.0,12.607857142857142
9.0,9.0,1,5,7,0,4.0,168.42,0,5.132380839003405,1.6094379124341003,0.6931471805599453,False,True,False,False,True,False,0.125,16.842
16.0,15.0,4,1,3,0,10.0,309.3,0,5.7375395714543345,2.3978952727983707,1.6094379124341003,False,False,False,True,True,False,1.0,18.194117647058825
12.0,17.0,4,1,3,0,10.0,178.43,0,5.189785159724575,2.3978952727983707,1.6094379124341003,False,True,False,False,True,False,1.0,13.725384615384616
4.0,14.0,3,4,2,0,0.0,125.01,0,4.836361268881602,0.0,1.3862943611198906,False,False,True,False,False,True,1.0,25.002000000000002
0.0,10.0,4,2,1,0,4.0,131.62,0,4.887487895940722,1.6094379124341003,1.6094379124341003,False,False,True,False,False,False,2.0,131.62
5.0,19.0,4,3,3,0,9.0,320.45,1,5.772842010587696,2.302585092994046,1.6094379124341003,False,False,False,True,False,False,1.0,53.40833333333333
2.0,35.0,5,3,9,0,6.0,163.84,0,5.1049753064706165,1.9459101490553132,1.791759469228055,False,True,False,False,True,False,0.5,54.61333333333334
15.0,35.0,5,1,5,0,0.0,142.72,0,4.967866962245318,0.0,1.791759469228055,False,True,False,False,False,True,0.8333333333333334,8.92
0.0,25.0,3,1,4,0,2.0,136.69,0,4.925004781456281,1.0986122886681096,1.3862943611198906,False,False,True,False,True,False,0.6,136.69
26.0,14.0,4,4,9,0,47.0,229.45,0,5.440033919166517,3.8712010109078907,1.6094379124341003,False,False,False,False,False,True,0.4,8.498148148148148
28.0,27.0,4,3,5,0,4.0,173.69,0,5.163012974517138,1.6094379124341003,1.6094379124341003,False,True,False,False,False,True,0.6666666666666666,5.989310344827586
8.0,8.0,5,3,3,1,7.0,195.83,0,5.282340412024896,2.0794415416798357,1.791759469228055,False,False,False,False,True,False,1.25,21.75888888888889
14.0,19.0,4,5,4,0,8.0,169.48,0,5.1386179877903615,2.1972245773362196,1.6094379124341003,False,True,False,False,True,False,0.8,11.298666666666666
0.0,31.0,1,1,2,1,1.0,129.94,0,4.874739203012945,0.6931471805599453,0.6931471805599453,False,False,True,False,False,True,0.3333333333333333,129.94
11.0,8.0,3,5,4,0,7.0,168.93,0,5.135386587546014,2.0794415416798357,1.3862943611198906,False,True,False,False,True,False,0.6,14.0775
9.0,11.0,5,1,3,0,3.0,148.76,0,5.009034012729282,1.3862943611198906,1.791759469228055,False,False,True,False,True,False,1.25,14.876
4.0,13.0,3,5,2,0,12.0,143.06,0,4.9702298794612165,2.5649493574615367,1.3862943611198906,False,True,False,False,True,False,1.0,28.612000000000002
5.0,16.0,3,1,9,0,0.0,146.48,0,4.993692573365943,0.0,1.3862943611198906,False,True,False,False,False,True,0.3,24.41333333333333
9.0,6.0,4,4,2,1,2.0,121.74,1,4.810068296960951,1.0986122886681096,1.6094379124341003,False,False,True,False,False,True,1.3333333333333333,12.174
1.0,15.0,6,3,3,0,3.0,171.21,0,5.1487146623168085,1.3862943611198906,1.9459101490553132,False,False,True,False,True,False,1.5,85.605
9.0,13.0,6,1,3,0,9.0,191.46,0,5.2598883399282546,2.302585092994046,1.9459101490553132,False,True,False,False,False,True,1.5,19.146
17.0,17.0,5,3,3,0,1.0,177.57,0,5.1849806812090335,0.6931471805599453,1.791759469228055,False,True,False,False,True,False,1.25,9.865
9.0,14.0,4,4,2,0,0.0,112.61,1,4.732771530581813,0.0,1.6094379124341003,False,False,True,False,False,True,1.3333333333333333,11.261
8.0,14.0,1,4,1,0,3.0,124.26,0,4.8303915770972665,1.3862943611198906,0.6931471805599453,False,False,True,False,True,False,0.5,13.806666666666667
14.0,16.0,5,2,11,0,3.0,173.76,0,5.163413604083235,1.3862943611198906,1.791759469228055,False,True,False,False,False,False,0.4166666666666667,11.584
9.0,17.0,3,1,1,0,8.0,197.38,0,5.290184383317848,2.1972245773362196,1.3862943611198906,False,False,False,False,True,False,1.5,19.738
5.0,18.0,3,5,1,1,14.0,237.58,1,5.474704683853799,2.70805020110221,1.3862943611198906,True,False,False,False,False,True,1.5,39.59666666666667
22.0,24.0,4,3,2,1,9.0,295.02,0,5.690427019609043,2.302585092994046,1.6094379124341003,False,False,False,True,True,False,1.3333333333333333,12.82695652173913
15.0,17.0,4,2,9,0,11.0,187.3,0,5.238036435663107,2.4849066497880004,1.6094379124341003,False,True,False,False,False,True,0.4,11.70625
19.0,11.0,3,4,2,1,2.0,150.21,0,5.0186695991245776,1.0986122886681096,1.3862943611198906,False,True,False,False,True,False,1.0,7.5105
22.0,14.0,4,5,6,0,3.0,179.86,0,5.197723251312334,1.3862943611198906,1.6094379124341003,False,True,False,False,True,False,0.5714285714285714,7.82
2.0,8.0,6,1,2,0,6.0,191.74,0,5.261342130423142,1.9459101490553132,1.9459101490553132,False,True,False,False,True,False,2.0,63.913333333333334
23.0,34.0,3,5,5,1,2.0,268.8,0,5.597680943773655,1.0986122886681096,1.3862943611198906,True,False,False,False,False,False,0.5,11.200000000000001
9.0,9.0,3,4,4,1,1.0,192.78,0,5.266723494956858,0.6931471805599453,1.3862943611198906,False,True,False,False,False,True,0.6,19.278
11.0,13.0,4,2,1,0,5.0,140.28,0,4.9507437368556495,1.791759469228055,1.6094379124341003,False,True,False,False,False,True,2.0,11.69
1.0,16.0,4,5,2,1,4.0,207.24,1,5.33869126068631,1.6094379124341003,1.6094379124341003,False,True,False,False,False,True,1.3333333333333333,103.62
0.0,21.0,3,3,8,1,7.0,236.1,1,5.46848199307136,2.0794415416798357,1.3862943611198906,False,False,False,False,True,False,0.3333333333333333,236.1
7.0,7.0,3,1,10,0,1.0,154.84,0,5.048829839894225,0.6931471805599453,1.3862943611198906,False,True,False,False,True,False,0.2727272727272727,19.355
13.0,25.0,4,3,2,0,8.0,170.34,0,5.143649886535898,2.1972245773362196,1.6094379124341003,False,True,False,False,False,True,1.3333333333333333,12.167142857142858
26.0,26.0,4,1,2,0,3.0,167.58,0,5.127410414569336,1.3862943611198906,1.6094379124341003,False,False,True,False,True,False,1.3333333333333333,6.206666666666667
10.0,17.0,5,3,3,1,8.0,181.73,0,5.208009653516503,2.1972245773362196,1.791759469228055,False,True,False,False,True,False,1.25,16.52090909090909
7.0,34.0,4,3,2,0,7.0,167.12,0,5.124678010136916,2.0794415416798357,1.6094379124341003,False,True,False,False,True,False,1.3333333333333333,20.89
13.0,22.0,4,3,7,0,0.0,150.94,0,5.023485706075076,0.0,1.6094379124341003,False,True,False,False,False,True,0.5,10.781428571428572
7.0,12.0,4,2,8,0,47.0,224.98,0,5.4204464997811,3.8712010109078907,1.6094379124341003,False,True,False,False,False,False,0.4444444444444444,28.1225
3.0,6.0,5,3,4,0,2.0,138.33,0,4.936845220125501,1.0986122886681096,1.791759469228055,False,False,True,False,False,False,1.0,34.5825
23.0,6.0,3,2,4,0,6.0,295.17,0,5.69093361378729,1.9459101490553132,1.3862943611198906,False,False,False,True,True,False,0.6,12.29875
2.0,7.0,5,1,3,1,8.0,193.34,0,5.269609202411293,2.1972245773362196,1.791759469228055,False,True,False,False,True,False,1.25,64.44666666666667
15.0,32.0,3,5,4,1,0.0,231.91000000000005,0,5.450652112851317,0.0,1.3862943611198906,False,False,False,False,False,False,0.6,14.494375000000003
15.0,13.0,5,4,8,1,3.0,185.32,0,5.227465625576086,1.3862943611198906,1.791759469228055,False,True,False,False,False,True,0.5555555555555556,11.5825
0.0,31.0,3,1,2,1,1.0,127.95,1,4.859424732327354,0.6931471805599453,1.3862943611198906,False,False,True,False,False,True,1.0,127.95
0.0,14.0,3,5,2,0,0.0,125.52,0,4.840400398437448,0.0,1.3862943611198906,False,False,True,False,False,True,1.0,125.52
28.0,14.0,4,4,2,1,0.0,235.77,0,5.467089205794908,0.0,1.6094379124341003,True,False,False,False,True,False,1.3333333333333333,8.13
1.0,16.0,4,5,3,0,3.0,150.0,0,5.017279836814924,1.3862943611198906,1.6094379124341003,False,False,True,False,True,False,1.0,75.0
0.0,8.0,5,1,4,0,0.0,150.71,0,5.021970803760001,0.0,1.791759469228055,False,True,False,False,False,True,1.0,150.71
11.0,6.0,4,3,10,1,0.0,153.81,1,5.042198558552374,0.0,1.6094379124341003,False,False,False,False,False,True,0.36363636363636365,12.8175
15.0,18.0,3,4,9,0,4.0,127.66,0,4.857173265982854,1.6094379124341003,1.3862943611198906,False,False,True,False,True,False,0.3,7.97875
15.0,17.0,6,4,3,0,10.0,186.51,0,5.233832177321627,2.3978952727983707,1.9459101490553132,False,True,False,False,False,True,1.5,11.656875
3.0,16.0,2,3,8,0,1.0,149.51,0,5.014029527164271,0.6931471805599453,1.0986122886681096,False,False,True,False,True,False,0.2222222222222222,37.3775
12.0,21.0,3,5,1,0,10.0,233.41000000000005,0,5.457071718908897,2.3978952727983707,1.3862943611198906,True,False,False,False,False,True,1.5,17.954615384615387
16.0,16.0,5,1,10,0,2.0,321.13,0,5.774955190776784,1.0986122886681096,1.791759469228055,False,False,False,True,False,True,0.45454545454545453,18.89
0.0,14.0,3,3,2,0,0.0,123.77,1,4.82647204242293,0.0,1.3862943611198906,False,False,True,False,True,False,1.0,123.77
9.0,13.0,4,4,2,0,1.0,121.41,0,4.807376066087421,0.6931471805599453,1.6094379124341003,False,False,True,False,True,False,1.3333333333333333,12.141
4.0,16.0,3,1,3,1,4.0,165.83,0,5.116975329867582,1.6094379124341003,1.3862943611198906,False,True,False,False,True,False,0.75,33.166000000000004
9.0,19.0,3,4,5,0,4.0,121.43,0,4.807539438085824,1.6094379124341003,1.3862943611198906,False,False,True,False,True,False,0.5,12.143
7.0,14.0,3,5,4,0,0.0,151.21,0,5.025261146291576,0.0,1.3862943611198906,False,True,False,False,True,False,0.6,18.90125
9.0,13.0,3,1,3,0,1.0,146.78,0,4.995724681360501,0.6931471805599453,1.3862943611198906,False,False,True,False,False,True,0.75,14.678
12.0,30.0,5,3,2,0,47.0,220.26,0,5.399338480606764,3.8712010109078907,1.791759469228055,False,False,False,False,False,True,1.6666666666666667,16.943076923076923
17.0,16.0,4,3,5,1,8.0,181.79,0,5.208337952928512,2.1972245773362196,1.6094379124341003,False,True,False,False,True,False,0.6666666666666666,10.099444444444444
3.0,10.0,4,5,3,1,6.0,172.23,0,5.154620191290849,1.9459101490553132,1.6094379124341003,False,False,True,False,False,True,1.0,43.0575
1.0,15.0,5,3,3,1,3.0,164.89,1,5.1113249181041835,1.3862943611198906,1.791759469228055,False,False,True,False,False,True,1.25,82.445
2.0,14.0,4,2,2,1,2.0,150.56,0,5.0209815861504,1.0986122886681096,1.6094379124341003,False,True,False,False,False,False,1.3333333333333333,50.18666666666667
7.0,16.0,3,3,2,1,0.0,138.15,0,4.9355524879719,0.0,1.3862943611198906,False,False,True,False,True,False,1.0,17.26875
29.0,33.0,2,4,6,1,5.0,321.36,0,5.775668933456311,1.791759469228055,1.0986122886681096,False,False,False,True,True,False,0.2857142857142857,10.712
16.0,14.0,3,3,5,0,2.0,124.38,0,4.831349125845822,1.0986122886681096,1.3862943611198906,False,False,True,False,False,True,0.5,7.316470588235294
7.0,9.0,3,2,1,0,4.0,177.56,0,5.184924679192946,1.6094379124341003,1.3862943611198906,False,True,False,False,False,True,1.5,22.195
10.0,8.0,5,3,2,0,3.0,168.74,0,5.134267854541531,1.3862943611198906,1.791759469228055,False,True,False,False,True,False,1.6666666666666667,15.340000000000002
9.0,17.0,3,5,1,0,4.0,120.99,0,4.803939074160646,1.6094379124341003,1.3862943611198906,False,False,True,False,True,False,1.5,12.099
18.0,6.0,2,2,1,0,7.0,292.02,0,5.6802408660731665,2.0794415416798357,1.0986122886681096,False,False,False,True,False,False,1.0,15.369473684210526
9.0,35.0,2,3,3,0,9.0,159.07,0,5.075611219558606,2.302585092994046,1.0986122886681096,False,True,False,False,True,False,0.5,15.907
9.0,6.0,4,5,2,0,2.0,122.18,0,4.813646700258897,1.0986122886681096,1.6094379124341003,False,False,True,False,False,False,1.3333333333333333,12.218
18.0,7.0,4,1,6,1,3.0,182.43,0,5.21183312332626,1.3862943611198906,1.6094379124341003,False,True,False,False,True,False,0.5714285714285714,9.601578947368422
0.0,11.0,3,3,2,1,2.0,134.41,1,4.908307212994733,1.0986122886681096,1.3862943611198906,False,False,True,False,False,True,1.0,134.41
13.0,13.0,4,4,6,0,3.0,208.76,0,5.34596402001539,1.3862943611198906,1.6094379124341003,False,False,False,False,False,True,0.5714285714285714,14.911428571428571
4.0,23.0,4,3,10,0,3.0,178.01,0,5.1874416702021,1.3862943611198906,1.6094379124341003,False,True,False,False,False,False,0.36363636363636365,35.602
9.0,10.0,3,2,19,1,0.0,122.85,1,4.819071155935369,0.0,1.3862943611198906,False,False,True,False,False,True,0.15,12.285
0.0,14.0,3,4,3,1,2.0,123.73,1,4.826151401137618,1.0986122886681096,1.3862943611198906,False,False,True,False,True,False,0.75,123.73
3.0,17.0,4,4,3,0,3.0,147.97,0,5.003744943391502,1.3862943611198906,1.6094379124341003,False,False,True,False,True,False,1.0,36.9925
1.0,28.0,2,1,3,0,3.0,151.78,0,5.028998978113214,1.3862943611198906,1.0986122886681096,False,False,True,False,False,True,0.5,75.89
15.0,9.0,4,4,3,0,5.0,285.15,0,5.656516148855111,1.791759469228055,1.6094379124341003,True,False,False,False,False,True,1.0,17.821875
30.0,30.0,4,4,6,1,10.0,259.02,0,5.560758551134023,2.3978952727983707,1.6094379124341003,True,False,False,False,True,False,0.5714285714285714,8.355483870967742
21.0,23.0,2,3,3,1,8.0,175.67,0,5.174283585624589,2.1972245773362196,1.0986122886681096,False,True,False,False,True,False,0.5,7.984999999999999
1.0,7.0,6,4,9,1,8.0,147.16,1,4.998292770897869,2.1972245773362196,1.9459101490553132,False,False,True,False,False,True,0.6,73.58
25.0,10.0,4,4,5,0,1.0,262.34,0,5.573445972928197,0.6931471805599453,1.6094379124341003,True,False,False,False,False,True,0.6666666666666666,10.09
13.0,19.0,4,4,6,0,1.0,177.95,0,5.187106437212035,0.6931471805599453,1.6094379124341003,False,True,False,False,True,False,0.5714285714285714,12.710714285714285
10.0,11.0,3,2,8,0,4.0,163.47,0,5.102728182753178,1.6094379124341003,1.3862943611198906,False,True,False,False,True,False,0.3333333333333333,14.860909090909091
14.0,25.0,3,5,3,0,0.0,130.72,0,4.880678457508163,0.0,1.3862943611198906,False,True,False,False,True,False,0.75,8.714666666666666
14.0,14.0,3,4,6,0,4.0,143.93,0,4.976250867234425,1.6094379124341003,1.3862943611198906,False,True,False,False,True,False,0.42857142857142855,9.595333333333334
0.0,14.0,2,4,1,0,2.0,148.51,0,5.007363280225836,1.0986122886681096,1.0986122886681096,False,True,False,False,False,False,1.0,148.51
9.0,12.0,3,3,3,1,5.0,123.06,0,4.820765319544972,1.791759469228055,1.3862943611198906,False,True,False,False,False,False,0.75,12.306000000000001
1.0,10.0,4,5,7,1,5.0,151.57,1,5.027623507125111,1.791759469228055,1.6094379124341003,False,False,True,False,False,True,0.5,75.785
19.0,8.0,3,2,3,0,4.0,173.79,0,5.163585253346995,1.6094379124341003,1.3862943611198906,False,True,False,False,True,False,0.75,8.689499999999999
19.0,24.0,3,3,6,0,2.0,205.27,0,5.329185990210503,1.0986122886681096,1.3862943611198906,False,False,False,False,True,False,0.42857142857142855,10.2635
1.0,14.0,4,1,3,1,3.0,147.75,1,5.002267044425739,1.3862943611198906,1.6094379124341003,False,False,True,False,True,False,1.0,73.875
9.0,8.0,4,3,2,0,0.0,122.74,0,4.818182590102842,0.0,1.6094379124341003,False,False,True,False,False,True,1.3333333333333333,12.274
23.0,12.0,4,3,4,0,3.0,191.51,0,5.260148100430533,1.3862943611198906,1.6094379124341003,False,True,False,False,True,False,0.8,7.979583333333333
18.0,24.0,6,3,4,0,1.0,147.9,0,5.003274939689963,0.6931471805599453,1.9459101490553132,False,False,True,False,False,True,1.2,7.78421052631579
4.0,29.0,5,3,4,1,1.0,188.8,1,5.245970886175828,0.6931471805599453,1.791759469228055,False,True,False,False,True,False,1.0,37.760000000000005
18.0,26.0,5,5,3,1,7.0,208.51,0,5.3447714709199206,2.0794415416798357,1.791759469228055,False,False,False,False,True,False,1.25,10.974210526315789
16.0,25.0,4,5,8,1,3.0,179.1,0,5.19351225218191,1.3862943611198906,1.6094379124341003,False,True,False,False,True,False,0.4444444444444444,10.535294117647059
17.0,15.0,4,4,6,0,1.0,172.65,0,5.157041779190083,0.6931471805599453,1.6094379124341003,False,True,False,False,True,False,0.5714285714285714,9.591666666666667
1.0,7.0,4,4,3,0,2.0,145.96,0,4.9901604409068705,1.0986122886681096,1.6094379124341003,False,False,True,False,False,True,1.0,72.98
24.0,14.0,4,4,6,0,47.0,224.9,0,5.420092423473958,3.8712010109078907,1.6094379124341003,False,False,False,False,True,False,0.5714285714285714,8.996
19.0,8.0,3,1,4,0,7.0,185.78,0,5.229931453681572,2.0794415416798357,1.3862943611198906,False,False,False,False,True,False,0.6,9.289
1.0,27.0,4,3,5,0,47.0,223.24,1,5.412716906856533,3.8712010109078907,1.6094379124341003,False,False,False,False,True,False,0.6666666666666666,111.62
17.0,13.0,3,1,1,1,10.0,290.49,0,5.675005699884782,2.3978952727983707,1.3862943611198906,False,False,False,True,True,False,1.5,16.138333333333335
1.0,9.0,5,3,3,0,3.0,145.44,1,4.986615788252036,1.3862943611198906,1.791759469228055,False,False,True,False,False,True,1.25,72.72
25.0,5.0,3,4,8,0,0.0,204.45,0,5.325202695329419,0.0,1.3862943611198906,False,False,False,False,False,True,0.3333333333333333,7.863461538461538
8.0,14.0,3,3,2,0,4.0,143.23,0,4.971409247595418,1.6094379124341003,1.3862943611198906,False,False,True,False,False,True,1.0,15.914444444444444
12.0,27.0,4,1,4,1,4.0,161.2,0,5.088830141681313,1.6094379124341003,1.6094379124341003,False,True,False,False,True,False,0.8,12.399999999999999
19.0,13.0,4,5,6,1,1.0,257.45,0,5.554702251642048,0.6931471805599453,1.6094379124341003,False,False,False,False,True,False,0.5714285714285714,12.872499999999999
9.0,27.0,4,4,2,1,0.0,121.21,1,4.805740876449909,0.0,1.6094379124341003,False,False,True,False,False,True,1.3333333333333333,12.120999999999999
14.0,21.0,4,5,3,0,3.0,171.39,0,5.149759351906887,1.3862943611198906,1.6094379124341003,False,True,False,False,True,False,1.0,11.425999999999998
9.0,25.0,2,5,3,0,11.0,177.08,0,5.182232887527235,2.4849066497880004,1.0986122886681096,False,True,False,False,True,False,0.5,17.708000000000002
17.0,26.0,3,4,2,0,3.0,134.2,0,4.906755163608864,1.3862943611198906,1.3862943611198906,False,False,True,False,False,True,1.0,7.455555555555555
1.0,15.0,4,3,3,0,1.0,144.04,1,4.977009566446595,0.6931471805599453,1.6094379124341003,False,False,True,False,False,True,1.0,72.02
13.0,15.0,3,5,1,0,1.0,154.73,0,5.048123738507247,0.6931471805599453,1.3862943611198906,False,True,False,False,True,False,1.5,11.052142857142856
1.0,9.0,3,4,2,0,0.0,128.56,0,4.864144094303128,0.0,1.3862943611198906,False,False,True,False,True,False,1.0,64.28
12.0,22.0,5,1,2,1,10.0,240.1,0,5.485211785187126,2.3978952727983707,1.791759469228055,False,False,False,False,True,False,1.6666666666666667,18.46923076923077
21.0,13.0,3,5,5,0,2.0,154.86,0,5.048958168415415,1.0986122886681096,1.3862943611198906,False,True,False,False,True,False,0.5,7.03909090909091
7.0,10.0,4,4,5,1,4.0,147.77,0,5.002401489169152,1.6094379124341003,1.6094379124341003,False,False,True,False,True,False,0.6666666666666666,18.47125
6.0,9.0,4,3,6,1,8.0,174.98,0,5.1703703522174145,2.1972245773362196,1.6094379124341003,False,True,False,False,False,True,0.5714285714285714,24.997142857142855
5.0,7.0,4,5,3,0,4.0,166.48,0,5.120863941150943,1.6094379124341003,1.6094379124341003,False,True,False,False,False,False,1.0,27.746666666666666
5.0,7.0,4,2,10,1,6.0,184.93,1,5.225370258791972,1.9459101490553132,1.6094379124341003,False,True,False,False,False,True,0.36363636363636365,30.82166666666667
6.0,10.0,4,4,9,0,2.0,138.38,0,4.937204016010373,1.0986122886681096,1.6094379124341003,False,False,True,False,True,False,0.4,19.768571428571427
29.0,9.0,4,1,4,1,3.0,291.59,0,5.6787723116520334,1.3862943611198906,1.6094379124341003,True,False,False,False,False,True,0.8,9.719666666666665
8.0,14.0,4,2,2,0,2.0,123.76,0,4.826391891739602,1.0986122886681096,1.6094379124341003,False,False,True,False,False,False,1.3333333333333333,13.751111111111111
0.0,6.0,4,5,2,0,3.0,139.55,0,4.945563297352541,1.3862943611198906,1.6094379124341003,False,False,True,False,True,False,1.3333333333333333,139.55
12.0,17.0,4,1,3,0,10.0,178.43,0,5.189785159724575,2.3978952727983707,1.6094379124341003,False,True,False,False,True,False,1.0,13.725384615384616
19.0,14.0,4,5,9,1,7.0,146.15,0,4.991452474679482,2.0794415416798357,1.6094379124341003,False,True,False,False,True,False,0.4,7.3075
0.0,11.0,3,1,2,0,2.0,131.17,0,4.884088972769716,1.0986122886681096,1.3862943611198906,False,False,True,False,False,True,1.0,131.17
11.0,16.0,3,3,1,0,2.0,126.84,0,4.850779482017964,1.0986122886681096,1.3862943611198906,False,False,True,False,False,False,1.5,10.57
9.0,11.0,3,2,4,0,0.0,120.86,1,4.802872844820349,0.0,1.3862943611198906,False,True,False,False,False,False,0.6,12.086
0.0,18.0,3,1,4,1,7.0,145.81,1,4.989139233751369,2.0794415416798357,1.3862943611198906,False,True,False,False,False,True,0.6,145.81
10.0,8.0,4,1,6,0,0.0,151.63,0,5.02801669192703,0.0,1.6094379124341003,False,True,False,False,True,False,0.5714285714285714,13.784545454545453
13.0,13.0,2,3,4,0,7.0,207.37,0,5.339315345582109,2.0794415416798357,1.0986122886681096,False,False,False,False,True,False,0.4,14.812142857142858
1.0,25.0,4,2,3,0,1.0,151.93,1,5.029980300360032,0.6931471805599453,1.6094379124341003,False,False,True,False,False,True,1.0,75.965
2.0,9.0,3,5,2,1,5.0,147.23,0,4.998765121525769,1.791759469228055,1.3862943611198906,False,False,True,False,False,True,1.0,49.07666666666666
21.0,11.0,5,4,10,1,47.0,228.33,0,5.435162014275881,3.8712010109078907,1.791759469228055,False,False,False,False,True,False,0.45454545454545453,10.378636363636364
14.0,33.0,5,1,5,1,1.0,169.22,0,5.137091718048815,0.6931471805599453,1.791759469228055,False,True,False,False,True,False,0.8333333333333334,11.281333333333333
3.0,27.0,4,1,4,0,3.0,194.31,0,5.2745880398488,1.3862943611198906,1.6094379124341003,False,True,False,False,True,False,0.8,48.5775
19.0,15.0,4,1,11,0,9.0,161.97,0,5.093566134787897,2.302585092994046,1.6094379124341003,False,True,False,False,True,False,0.3333333333333333,8.0985
26.0,7.0,4,2,4,0,9.0,295.99,0,5.693698468202181,2.302585092994046,1.6094379124341003,True,False,False,False,False,False,0.8,10.962592592592593
19.0,14.0,4,5,9,1,7.0,146.15,0,4.991452474679482,2.0794415416798357,1.6094379124341003,False,True,False,False,True,False,0.4,7.3075
3.0,27.0,4,1,3,0,11.0,163.12,0,5.100597867573986,2.4849066497880004,1.6094379124341003,False,False,True,False,True,False,1.0,40.78
19.0,20.0,3,4,10,1,3.0,149.63,1,5.014826498714724,1.3862943611198906,1.3862943611198906,False,False,True,False,True,False,0.2727272727272727,7.4815
27.0,9.0,5,4,4,0,13.0,200.25,0,5.304547916298673,2.639057329615259,1.791759469228055,False,False,False,False,True,False,1.0,7.151785714285714
3.0,15.0,3,5,2,0,10.0,130.72,0,4.880678457508163,2.3978952727983707,1.3862943611198906,False,True,False,False,True,False,1.0,32.68
0.0,10.0,4,3,6,0,2.0,138.94,1,4.94121375931775,1.0986122886681096,1.6094379124341003,False,False,True,False,False,True,0.5714285714285714,138.94
22.0,11.0,3,3,3,0,2.0,166.51,0,5.1210430509755955,1.0986122886681096,1.3862943611198906,False,True,False,False,False,False,0.75,7.239565217391304
13.0,31.0,5,1,2,0,7.0,245.31,0,5.506590905195518,2.0794415416798357,1.791759469228055,True,False,False,False,True,False,1.6666666666666667,17.522142857142857
0.0,8.0,3,3,3,0,0.0,134.85,1,4.911551335872357,0.0,1.3862943611198906,False,False,True,False,False,True,0.75,134.85
15.0,8.0,3,3,6,0,14.0,288.8,0,5.669191029886582,2.70805020110221,1.3862943611198906,False,False,False,True,True,False,0.42857142857142855,18.05
20.0,20.0,3,4,9,0,7.0,154.67,0,5.047738382047758,2.0794415416798357,1.3862943611198906,False,True,False,False,True,False,0.3,7.3652380952380945
11.0,18.0,4,5,3,0,2.0,162.88,0,5.09913445267867,1.0986122886681096,1.6094379124341003,False,True,False,False,True,False,1.0,13.573333333333332
1.0,11.0,5,3,7,0,3.0,163.94,1,5.105581771405209,1.3862943611198906,1.791759469228055,False,False,True,False,False,True,0.625,81.97
1.0,9.0,4,5,9,0,8.0,152.07,1,5.030895333103616,2.1972245773362196,1.6094379124341003,False,False,True,False,False,False,0.4,76.035
1.0,11.0,5,1,3,1,4.0,169.87,0,5.140903033460182,1.6094379124341003,1.791759469228055,False,True,False,False,False,True,1.25,84.935
9.0,9.0,4,1,4,0,0.0,121.77,0,4.8103126861927485,0.0,1.6094379124341003,False,False,True,False,True,False,0.8,12.177
8.0,10.0,4,2,2,0,3.0,162.37,0,5.096017567038417,1.3862943611198906,1.6094379124341003,False,False,True,False,False,False,1.3333333333333333,18.04111111111111
19.0,24.0,3,3,6,0,2.0,205.27,0,5.329185990210503,1.0986122886681096,1.3862943611198906,False,False,False,False,False,False,0.42857142857142855,10.2635
1.0,24.0,5,1,7,0,4.0,148.67,1,5.008432870541055,1.6094379124341003,1.791759469228055,False,False,True,False,True,False,0.625,74.335
3.0,17.0,4,3,3,0,1.0,151.42,0,5.026639868237972,0.6931471805599453,1.6094379124341003,False,False,True,False,False,True,1.0,37.855
14.0,14.0,4,4,3,0,9.0,323.33,0,5.781761515972789,2.302585092994046,1.6094379124341003,False,False,False,True,False,True,1.0,21.555333333333333
7.0,17.0,5,1,5,0,2.0,171.82,0,5.152250590413253,1.0986122886681096,1.791759469228055,False,True,False,False,False,True,0.8333333333333334,21.4775
8.0,26.0,5,1,3,0,8.0,154.29,0,5.045294336581097,2.1972245773362196,1.791759469228055,False,False,True,False,True,False,1.25,17.14333333333333
14.0,11.0,5,1,9,0,12.0,233.55,0,5.457668784774467,2.5649493574615367,1.791759469228055,False,False,False,False,True,False,0.5,15.57
28.0,26.0,4,5,11,1,5.0,179.85,0,5.197667958398107,1.791759469228055,1.6094379124341003,False,True,False,False,True,False,0.3333333333333333,6.201724137931034
9.0,16.0,4,3,2,1,7.0,156.73,0,5.060884710499383,2.0794415416798357,1.6094379124341003,False,True,False,False,True,False,1.3333333333333333,15.672999999999998
1.0,13.0,3,5,1,0,3.0,148.98,0,5.010501951873243,1.3862943611198906,1.3862943611198906,False,True,False,False,False,True,1.5,74.49
10.0,10.0,5,1,2,0,5.0,201.44,0,5.310443546345877,1.791759469228055,1.791759469228055,False,False,False,False,True,False,1.6666666666666667,18.312727272727273
6.0,12.0,4,4,4,0,8.0,152.18,0,5.031613700481447,2.1972245773362196,1.6094379124341003,False,False,True,False,False,True,0.8,21.740000000000002
30.0,16.0,4,3,4,0,4.0,154.42,0,5.046131129781096,1.6094379124341003,1.6094379124341003,False,False,True,False,True,False,0.8,4.981290322580644
4.0,17.0,5,3,3,0,5.0,190.78,0,5.256348881725535,1.791759469228055,1.791759469228055,False,True,False,False,True,False,1.25,38.156
15.0,9.0,1,2,3,1,3.0,152.31,0,5.032462015322363,1.3862943611198906,0.6931471805599453,False,True,False,False,False,False,0.25,9.519375
28.0,8.0,3,1,3,1,2.0,266.59,0,5.589455958348054,1.0986122886681096,1.3862943611198906,True,False,False,False,False,True,0.75,9.192758620689654
1.0,13.0,6,3,2,0,1.0,148.51,1,5.007363280225836,0.6931471805599453,1.9459101490553132,False,False,True,False,True,False,2.0,74.255
9.0,15.0,5,2,6,1,47.0,228.77,0,5.437078808589612,3.8712010109078907,1.791759469228055,False,False,False,False,False,False,0.7142857142857143,22.877000000000002
9.0,14.0,4,3,5,0,47.0,227.21,0,5.43026625767732,3.8712010109078907,1.6094379124341003,False,False,False,False,False,True,0.6666666666666666,22.721
9.0,8.0,1,2,2,0,7.0,120.11,0,4.7966992235329595,2.0794415416798357,0.6931471805599453,False,False,True,False,False,False,0.3333333333333333,12.011
6.0,14.0,3,1,5,0,0.0,124.96,0,4.835964396232824,0.0,1.3862943611198906,False,False,True,False,False,True,0.5,17.85142857142857
16.0,14.0,3,3,5,0,2.0,124.38,0,4.831349125845822,1.0986122886681096,1.3862943611198906,False,False,True,False,False,True,0.5,7.316470588235294
9.0,19.0,3,4,4,0,4.0,121.43,0,4.807539438085824,1.6094379124341003,1.3862943611198906,False,False,True,False,False,False,0.6,12.143
15.0,19.0,1,5,6,0,0.0,155.38,0,5.052288942696368,0.0,0.6931471805599453,False,True,False,False,True,False,0.14285714285714285,9.71125
1.0,9.0,4,3,4,0,1.0,159.85,1,5.080472253685035,0.6931471805599453,1.6094379124341003,False,False,True,False,False,True,0.8,79.925
1.0,7.0,4,3,2,0,6.0,145.58,1,4.987571354497704,1.9459101490553132,1.6094379124341003,False,False,True,False,False,True,1.3333333333333333,72.79
9.0,25.0,4,3,3,0,1.0,171.01,0,5.1475526146582995,0.6931471805599453,1.6094379124341003,False,True,False,False,True,False,1.0,17.101
7.0,35.0,4,3,3,1,8.0,177.07,0,5.182176731413223,2.1972245773362196,1.6094379124341003,False,True,False,False,True,False,1.0,22.13375
9.0,9.0,4,4,7,0,3.0,169.25,0,5.137267945029622,1.3862943611198906,1.6094379124341003,False,True,False,False,False,True,0.5,16.925
7.0,10.0,3,3,10,0,2.0,165.38,0,5.114274328855742,1.0986122886681096,1.3862943611198906,False,True,False,False,False,False,0.2727272727272727,20.6725
0.0,8.0,1,3,2,0,7.0,152.06,0,5.030830001381775,2.0794415416798357,0.6931471805599453,False,True,False,False,True,False,0.3333333333333333,152.06
20.0,7.0,5,5,4,1,6.0,231.73,0,5.449878983356574,1.9459101490553132,1.791759469228055,False,False,False,False,True,False,1.0,11.034761904761904
3.0,13.0,4,2,3,0,9.0,156.31,0,5.058218380834413,2.302585092994046,1.6094379124341003,False,False,True,False,False,False,1.0,39.0775
1.0,8.0,4,3,5,0,3.0,154.09,1,5.044005593571361,1.3862943611198906,1.6094379124341003,False,False,True,False,True,False,0.6666666666666666,77.045
1.0,10.0,4,1,3,0,1.0,145.61,0,4.987775999950173,0.6931471805599453,1.6094379124341003,False,False,True,False,True,False,1.0,72.805
9.0,12.0,3,3,9,0,2.0,122.67,0,4.817616727753966,1.0986122886681096,1.3862943611198906,False,False,True,False,False,False,0.3,12.267
24.0,27.0,4,3,4,1,14.0,237.45,0,5.474159644744233,2.70805020110221,1.6094379124341003,True,False,False,False,True,False,0.8,9.498
11.0,12.0,2,3,2,0,4.0,160.0,0,5.081404364984463,1.6094379124341003,1.0986122886681096,False,False,True,False,False,True,0.6666666666666666,13.333333333333334
1.0,27.0,4,3,5,0,47.0,223.24,1,5.412716906856533,3.8712010109078907,1.6094379124341003,False,False,False,False,False,False,0.6666666666666666,111.62
20.0,9.0,4,1,9,1,3.0,318.28,0,5.766068460740478,1.3862943611198906,1.6094379124341003,False,False,False,True,True,False,0.4,15.156190476190474
25.0,35.0,3,1,3,0,0.0,134.82,0,4.911330479685645,0.0,1.3862943611198906,False,False,True,False,True,False,0.75,5.185384615384615
0.0,10.0,4,5,2,0,3.0,142.56,0,4.966753066279407,1.3862943611198906,1.6094379124341003,False,True,False,False,True,False,1.3333333333333333,142.56
14.0,10.0,5,4,7,0,2.0,164.3,0,5.107762004826979,1.0986122886681096,1.791759469228055,False,True,False,False,True,False,0.625,10.953333333333335
1.0,15.0,2,3,9,0,3.0,160.17,0,5.082459708534627,1.3862943611198906,1.0986122886681096,False,False,True,False,True,False,0.2,80.085
19.0,9.0,4,1,6,0,4.0,176.6,1,5.17953383055807,1.6094379124341003,1.6094379124341003,False,True,False,False,False,True,0.5714285714285714,8.83
31.0,23.0,4,5,10,0,3.0,179.05,0,5.193234590094884,1.3862943611198906,1.6094379124341003,False,True,False,False,False,True,0.36363636363636365,5.5953125
8.0,9.0,4,3,8,0,3.0,147.31,0,4.999304677753871,1.3862943611198906,1.6094379124341003,False,False,True,False,True,False,0.4444444444444444,16.36777777777778
7.0,6.0,1,2,1,0,9.0,197.25,0,5.289528860514958,2.302585092994046,0.6931471805599453,False,True,False,False,True,False,0.5,24.65625
1.0,11.0,3,5,4,0,3.0,153.19,0,5.038185608183261,1.3862943611198906,1.3862943611198906,False,False,True,False,False,False,0.6,76.595
8.0,6.0,4,3,2,0,4.0,128.59,0,4.864375620447323,1.6094379124341003,1.6094379124341003,False,False,True,False,False,True,1.3333333333333333,14.287777777777778
6.0,15.0,4,1,3,0,47.0,214.98,0,5.375185810804614,3.8712010109078907,1.6094379124341003,False,False,False,False,False,True,1.0,30.71142857142857
4.0,26.0,1,2,1,0,2.0,127.91,0,4.859114486455013,1.0986122886681096,0.6931471805599453,False,False,True,False,False,False,0.5,25.582
4.0,7.0,6,3,5,0,3.0,163.33,0,5.101876601193199,1.3862943611198906,1.9459101490553132,False,False,True,False,True,False,1.0,32.666000000000004
9.0,7.0,5,2,2,0,1.0,178.63,0,5.190899179780744,0.6931471805599453,1.791759469228055,False,True,False,False,False,False,1.6666666666666667,17.863
2.0,8.0,3,3,2,0,2.0,146.49,0,4.993760376871411,1.0986122886681096,1.3862943611198906,False,True,False,False,True,False,1.0,48.830000000000005
30.0,7.0,5,1,4,0,0.0,208.83,0,5.346297679066604,0.0,1.791759469228055,False,False,False,False,True,False,1.0,6.736451612903227
1.0,23.0,4,3,4,0,1.0,206.61,1,5.335661319688458,0.6931471805599453,1.6094379124341003,False,False,False,False,True,False,0.8,103.305
30.0,14.0,3,3,2,0,2.0,123.72,0,4.826071224749521,1.0986122886681096,1.3862943611198906,False,False,True,False,True,False,1.0,3.9909677419354836
23.0,18.0,3,1,5,0,1.0,192.08,0,5.2631046107922925,0.6931471805599453,1.3862943611198906,False,False,False,False,False,True,0.5,8.003333333333334
9.0,6.0,3,1,2,0,3.0,120.44,0,4.79942031364732,1.3862943611198906,1.3862943611198906,False,False,True,False,True,False,1.0,12.044
9.0,13.0,3,1,2,1,2.0,122.75,1,4.8182634014487995,1.0986122886681096,1.3862943611198906,False,False,True,False,True,False,1.0,12.275
2.0,7.0,4,1,3,0,3.0,152.06,0,5.030830001381775,1.3862943611198906,1.6094379124341003,False,False,True,False,True,False,1.0,50.68666666666667
18.0,35.0,3,1,5,1,2.0,193.8,0,5.271973391208435,1.0986122886681096,1.3862943611198906,False,False,False,False,False,False,0.5,10.200000000000001
17.0,11.0,3,4,8,0,10.0,282.13,0,5.645906156125512,2.3978952727983707,1.3862943611198906,False,False,False,True,True,False,0.3333333333333333,15.67388888888889
19.0,16.0,4,4,10,0,16.0,148.48,0,5.0071626046172835,2.833213344056216,1.6094379124341003,False,True,False,False,True,False,0.36363636363636365,7.4239999999999995
5.0,8.0,3,4,1,0,6.0,154.7,0,5.0479310788399525,1.9459101490553132,1.3862943611198906,False,True,False,False,True,False,1.5,25.78333333333333
10.0,9.0,5,1,3,0,9.0,163.86,0,5.105096628885081,2.302585092994046,1.791759469228055,False,True,False,False,False,True,1.25,14.896363636363638
0.0,32.0,3,2,2,0,4.0,161.8,0,5.09252245356844,1.6094379124341003,1.3862943611198906,False,True,False,False,False,True,1.0,161.8
26.0,36.0,4,1,4,0,1.0,159.82,0,5.080285727120003,0.6931471805599453,1.6094379124341003,False,False,True,False,True,False,0.8,5.919259259259259
0.0,14.0,5,5,2,0,1.0,124.51,0,4.832385436672355,0.6931471805599453,1.791759469228055,False,False,True,False,False,False,1.6666666666666667,124.51
10.0,15.0,4,4,2,0,3.0,141.89,0,4.9620751034808785,1.3862943611198906,1.6094379124341003,False,True,False,False,True,False,1.3333333333333333,12.899090909090908
8.0,14.0,4,3,2,1,8.0,148.08,0,5.004483074611057,2.1972245773362196,1.6094379124341003,False,False,True,False,True,False,1.3333333333333333,16.453333333333333
24.0,18.0,4,4,5,0,5.0,324.26,0,5.784624862500301,1.791759469228055,1.6094379124341003,False,False,False,True,False,True,0.6666666666666666,12.9704
1.0,13.0,6,3,6,1,8.0,186.72,1,5.234951490926217,2.1972245773362196,1.9459101490553132,False,True,False,False,False,False,0.8571428571428571,93.36
10.0,15.0,3,5,11,0,6.0,242.13,0,5.493596279713942,1.9459101490553132,1.3862943611198906,False,False,False,False,False,False,0.25,22.01181818181818
9.0,15.0,3,2,2,0,4.0,120.7,0,4.801558999993482,1.6094379124341003,1.3862943611198906,False,False,True,False,False,False,1.0,12.07
14.0,13.0,4,3,9,0,14.0,257.37,0,5.554392666097221,2.70805020110221,1.6094379124341003,True,False,False,False,False,True,0.4,17.158
31.0,23.0,4,5,10,0,3.0,179.05,0,5.193234590094884,1.3862943611198906,1.6094379124341003,False,True,False,False,False,True,0.36363636363636365,5.5953125
9.0,13.0,3,4,3,0,3.0,120.13,0,4.796864349028711,1.3862943611198906,1.3862943611198906,False,False,True,False,False,True,0.75,12.013
8.0,14.0,4,1,3,0,1.0,154.72,0,5.048059522742255,0.6931471805599453,1.6094379124341003,False,False,True,False,False,True,1.0,17.191111111111113
9.0,33.0,3,3,7,0,7.0,152.37,0,5.032853302662689,2.0794415416798357,1.3862943611198906,False,True,False,False,True,False,0.375,15.237
4.0,14.0,4,4,2,0,3.0,154.83,0,5.048765669457524,1.3862943611198906,1.6094379124341003,False,False,True,False,False,True,1.3333333333333333,30.966
9.0,9.0,3,1,2,0,0.0,120.61,0,4.800819202992908,0.0,1.3862943611198906,False,False,True,False,True,False,1.0,12.061
2.0,12.0,4,2,3,0,3.0,174.08,0,5.165243012322694,1.3862943611198906,1.6094379124341003,False,True,False,False,False,True,1.0,58.02666666666667
17.0,34.0,1,1,4,1,11.0,233.2,0,5.456175451163617,2.4849066497880004,0.6931471805599453,True,False,False,False,True,False,0.2,12.955555555555556
5.0,13.0,2,1,6,0,8.0,179.6,0,5.196284640982885,2.1972245773362196,1.0986122886681096,False,True,False,False,True,False,0.2857142857142857,29.933333333333334
14.0,16.0,4,3,5,0,8.0,164.75,0,5.110480629065972,2.1972245773362196,1.6094379124341003,False,True,False,False,True,False,0.6666666666666666,10.983333333333333
0.0,14.0,3,3,2,0,0.0,123.77,1,4.82647204242293,0.0,1.3862943611198906,False,False,True,False,True,False,1.0,123.77
1.0,27.0,4,4,2,1,5.0,146.48,1,4.993692573365943,1.791759469228055,1.6094379124341003,False,False,True,False,True,False,1.3333333333333333,73.24
5.0,11.0,4,4,3,0,47.0,218.55,1,5.391579997007726,3.8712010109078907,1.6094379124341003,False,True,False,False,False,True,1.0,36.425000000000004
3.0,15.0,5,2,3,1,3.0,175.56,0,5.173660761948481,1.3862943611198906,1.791759469228055,False,True,False,False,False,False,1.25,43.89
24.0,6.0,3,1,2,0,0.0,127.23,0,4.853825526471025,0.0,1.3862943611198906,False,False,True,False,True,False,1.0,5.0892
1.0,17.0,5,3,3,0,1.0,137.0,0,4.927253685157205,0.6931471805599453,1.791759469228055,False,False,True,False,False,True,1.25,68.5
12.0,14.0,3,5,3,1,8.0,181.05,0,5.204281374621442,2.1972245773362196,1.3862943611198906,False,True,False,False,True,False,0.75,13.926923076923078
1.0,33.0,4,1,3,1,9.0,181.17,1,5.2049403170427375,2.302585092994046,1.6094379124341003,False,True,False,False,True,False,1.0,90.585
20.0,6.0,3,4,1,0,47.0,219.57,0,5.396215104824496,3.8712010109078907,1.3862943611198906,False,False,False,False,True,False,1.5,10.455714285714285
0.0,14.0,5,1,2,1,0.0,123.4,1,4.823502180305079,0.0,1.791759469228055,False,False,True,False,False,True,1.6666666666666667,123.4
20.0,9.0,4,3,8,0,2.0,303.61,0,5.719032269863077,1.0986122886681096,1.6094379124341003,True,False,False,False,True,False,0.4444444444444444,14.457619047619048
18.0,12.0,5,3,5,0,4.0,156.62,0,5.060187072925504,1.6094379124341003,1.791759469228055,False,False,True,False,False,True,0.8333333333333334,8.243157894736843
10.0,16.0,2,4,3,0,3.0,153.1,0,5.03760174232607,1.3862943611198906,1.0986122886681096,False,False,True,False,True,False,0.5,13.918181818181818
12.0,9.0,4,4,7,0,9.0,150.92,0,5.02335406650403,2.302585092994046,1.6094379124341003,False,False,True,False,True,False,0.5,11.609230769230768
15.0,14.0,3,2,2,0,9.0,284.3,0,5.653541258219454,2.302585092994046,1.3862943611198906,False,False,False,True,True,False,1.0,17.76875
28.0,8.0,3,2,3,1,2.0,266.59,0,5.589455958348054,1.0986122886681096,1.3862943611198906,True,False,False,False,False,True,0.75,9.192758620689654
10.0,10.0,4,4,6,0,8.0,169.85,0,5.140785978561301,2.1972245773362196,1.6094379124341003,False,True,False,False,False,True,0.5714285714285714,15.44090909090909
27.0,25.0,3,5,10,1,4.0,154.85,0,5.048894006213346,1.6094379124341003,1.3862943611198906,False,True,False,False,True,False,0.2727272727272727,5.5303571428571425
20.0,8.0,3,2,6,0,4.0,150.7,0,5.021904886354487,1.6094379124341003,1.3862943611198906,False,True,False,False,True,False,0.42857142857142855,7.176190476190476
0.0,33.0,3,1,2,1,7.0,158.13,1,5.0697214782220925,2.0794415416798357,1.3862943611198906,False,True,False,False,False,True,1.0,158.13
6.0,17.0,4,3,8,0,4.0,159.33,0,5.077234191200746,1.6094379124341003,1.6094379124341003,False,False,True,False,True,False,0.4444444444444444,22.761428571428574
13.0,6.0,3,3,4,1,0.0,147.28,1,4.999102378282531,0.0,1.3862943611198906,False,True,False,False,False,True,0.6,10.52
0.0,33.0,3,1,2,0,9.0,176.39,1,5.178350698500848,2.302585092994046,1.3862943611198906,False,False,False,False,True,False,1.0,176.39
9.0,8.0,3,3,3,0,2.0,120.01,0,4.7958731868099616,1.0986122886681096,1.3862943611198906,False,False,True,False,True,False,0.75,12.001000000000001
7.0,7.0,4,5,1,0,9.0,153.43,0,5.03974091923491,2.302585092994046,1.6094379124341003,False,True,False,False,False,True,2.0,19.17875
10.0,16.0,4,1,6,0,47.0,225.96,1,5.424773790500596,3.8712010109078907,1.6094379124341003,False,False,False,False,True,False,0.5714285714285714,20.541818181818183
8.0,34.0,4,4,4,0,3.0,148.11,0,5.0046842886028164,1.3862943611198906,1.6094379124341003,False,False,True,False,False,True,0.8,16.456666666666667
1.0,7.0,6,5,2,0,1.0,148.25,1,5.0056227522727115,0.6931471805599453,1.9459101490553132,False,False,True,False,False,True,2.0,74.125
14.0,14.0,3,3,5,0,8.0,124.51,0,4.832385436672355,2.1972245773362196,1.3862943611198906,False,False,True,False,True,False,0.5,8.300666666666666
1.0,9.0,2,3,2,0,8.0,190.0,0,5.25227342804663,2.1972245773362196,1.0986122886681096,False,True,False,False,False,True,0.6666666666666666,95.0
1.0,35.0,3,5,8,1,0.0,166.73,1,5.1223555437066635,0.0,1.3862943611198906,False,True,False,False,True,False,0.3333333333333333,83.365
4.0,6.0,5,5,2,0,7.0,150.03,0,5.01747849257825,2.0794415416798357,1.791759469228055,False,True,False,False,True,False,1.6666666666666667,30.006
14.0,9.0,4,2,3,0,9.0,171.61,0,5.151034714398598,2.302585092994046,1.6094379124341003,False,True,False,False,False,True,1.0,11.440666666666667
6.0,11.0,3,2,7,0,2.0,199.98,0,5.303205400620812,1.0986122886681096,1.3862943611198906,False,True,False,False,False,False,0.375,28.568571428571428
19.0,32.0,5,1,2,0,9.0,184.06,0,5.220680096820884,2.302585092994046,1.791759469228055,False,True,False,False,True,False,1.6666666666666667,9.203
18.0,34.0,4,4,2,0,6.0,267.04,0,5.59113622310497,1.9459101490553132,1.6094379124341003,True,False,False,False,False,True,1.3333333333333333,14.054736842105264
0.0,14.0,3,4,2,1,2.0,124.78,0,4.834534349115358,1.0986122886681096,1.3862943611198906,False,False,True,False,False,True,1.0,124.78
19.0,9.0,4,3,6,0,8.0,176.54,0,5.179195935640173,2.1972245773362196,1.6094379124341003,False,True,False,False,True,False,0.5714285714285714,8.827
11.0,21.0,4,5,3,0,18.0,155.34,0,5.052033122792184,2.9444389791664403,1.6094379124341003,False,False,True,False,True,False,1.0,12.945
1.0,21.0,4,2,7,1,5.0,149.36,1,5.013032418695977,1.791759469228055,1.6094379124341003,False,False,True,False,False,False,0.5,74.68
15.0,19.0,4,2,5,1,1.0,172.66,0,5.157099364632499,0.6931471805599453,1.6094379124341003,False,False,True,False,False,False,0.6666666666666666,10.79125
13.0,19.0,4,4,6,0,1.0,177.95,0,5.187106437212035,0.6931471805599453,1.6094379124341003,False,True,False,False,True,False,0.5714285714285714,12.710714285714285
1.0,26.0,2,1,10,1,5.0,178.04,1,5.187609244563615,1.791759469228055,1.0986122886681096,False,True,False,False,False,True,0.18181818181818182,89.02
13.0,15.0,4,3,3,0,8.0,162.55,0,5.097118753984393,2.1972245773362196,1.6094379124341003,False,False,True,False,True,False,1.0,11.610714285714286
21.0,10.0,4,1,3,0,2.0,252.02,0,5.533468536986524,1.0986122886681096,1.6094379124341003,True,False,False,False,True,False,1.0,11.455454545454545
0.0,11.0,1,5,2,0,5.0,140.0,0,4.948759890378168,1.791759469228055,0.6931471805599453,False,True,False,False,True,False,0.3333333333333333,140.0
6.0,11.0,5,3,3,0,9.0,186.62,0,5.234418640697805,2.302585092994046,1.791759469228055,False,True,False,False,True,False,1.25,26.66
15.0,8.0,3,1,3,1,9.0,201.24,0,5.309455110958493,2.302585092994046,1.3862943611198906,False,False,False,False,True,False,0.75,12.5775
4.0,35.0,4,2,3,0,10.0,182.75,0,5.213576138092946,2.3978952727983707,1.6094379124341003,False,True,False,False,False,False,1.0,36.55
12.0,9.0,4,2,3,1,1.0,142.02,0,4.96298448062025,0.6931471805599453,1.6094379124341003,False,False,True,False,False,False,1.0,10.924615384615386
4.0,8.0,3,2,1,1,2.0,126.95,0,4.851639562605798,1.0986122886681096,1.3862943611198906,False,False,True,False,True,False,1.5,25.39
0.0,19.0,3,4,6,0,0.0,157.65,1,5.066700518029204,0.0,1.3862943611198906,False,True,False,False,False,True,0.42857142857142855,157.65
24.0,20.0,3,2,5,0,7.0,149.36,0,5.013032418695977,2.0794415416798357,1.3862943611198906,False,True,False,False,False,False,0.5,5.9744
12.0,30.0,4,1,11,0,3.0,182.45,0,5.211942150801291,1.3862943611198906,1.6094379124341003,False,True,False,False,True,False,0.3333333333333333,14.034615384615384
0.0,19.0,3,5,3,0,2.0,142.33,1,4.965149663935124,1.0986122886681096,1.3862943611198906,False,True,False,False,True,False,0.75,142.33
14.0,6.0,2,5,2,0,7.0,183.92,0,5.219923299120024,2.0794415416798357,1.0986122886681096,False,False,False,False,False,False,0.6666666666666666,12.261333333333333
8.0,15.0,4,4,10,0,0.0,165.4,0,5.114394528387108,0.0,1.6094379124341003,False,True,False,False,False,True,0.36363636363636365,18.37777777777778
17.0,15.0,4,3,6,1,3.0,170.22,0,5.142949279314339,1.3862943611198906,1.6094379124341003,False,True,False,False,True,False,0.5714285714285714,9.456666666666667
9.0,9.0,3,1,6,0,0.0,128.35,0,4.862521908632038,0.0,1.3862943611198906,False,False,True,False,True,False,0.42857142857142855,12.834999999999999
14.0,23.0,4,3,11,0,1.0,160.44,0,5.084133556605299,0.6931471805599453,1.6094379124341003,False,False,True,False,True,False,0.3333333333333333,10.696
5.0,14.0,1,1,2,0,8.0,162.09,0,5.094302195668827,2.1972245773362196,0.6931471805599453,False,True,False,False,True,False,0.3333333333333333,27.015
11.0,8.0,1,5,7,1,12.0,159.8,0,5.080161356744866,2.5649493574615367,0.6931471805599453,False,True,False,False,False,True,0.125,13.316666666666668
21.0,12.0,4,3,3,0,2.0,142.4,0,4.96563792816552,1.0986122886681096,1.6094379124341003,False,True,False,False,False,True,1.0,6.472727272727273
10.0,9.0,4,3,6,0,3.0,150.43,0,5.020123471968565,1.3862943611198906,1.6094379124341003,False,False,True,False,True,False,0.5714285714285714,13.675454545454546
19.0,8.0,3,5,4,0,1.0,289.47,0,5.671500300735477,0.6931471805599453,1.3862943611198906,False,False,False,True,False,True,0.6,14.473500000000001
0.0,7.0,4,3,2,1,0.0,129.33,0,4.870069695542629,0.0,1.6094379124341003,False,False,True,False,True,False,1.3333333333333333,129.33
0.0,23.0,3,3,1,1,0.0,127.41,1,4.855228269843183,0.0,1.3862943611198906,False,False,True,False,True,False,1.5,127.41
16.0,33.0,4,4,7,0,9.0,260.25,0,5.565477803279021,2.302585092994046,1.6094379124341003,True,False,False,False,False,False,0.5,15.308823529411764
7.0,14.0,1,3,1,0,0.0,125.85,0,4.843005286045291,0.0,0.6931471805599453,False,False,True,False,False,False,0.5,15.73125
6.0,13.0,4,3,3,0,8.0,175.1,0,5.171052015502161,2.1972245773362196,1.6094379124341003,False,True,False,False,False,True,1.0,25.014285714285712
18.0,16.0,4,5,3,1,2.0,150.59,0,5.021179507971927,1.0986122886681096,1.6094379124341003,False,False,True,False,True,False,1.0,7.925789473684211
6.0,9.0,4,4,3,0,8.0,148.7,0,5.008633291425583,2.1972245773362196,1.6094379124341003,False,False,True,False,False,False,1.0,21.24285714285714
17.0,10.0,3,4,10,0,3.0,159.33,0,5.077234191200746,1.3862943611198906,1.3862943611198906,False,True,False,False,False,True,0.2727272727272727,8.851666666666667
17.0,22.0,5,2,5,0,3.0,193.04,0,5.268064323377016,1.3862943611198906,1.791759469228055,False,True,False,False,False,False,0.8333333333333334,10.724444444444444
2.0,8.0,5,3,3,0,1.0,140.63,0,4.953218023226305,0.6931471805599453,1.791759469228055,False,False,True,False,True,False,1.25,46.876666666666665
31.0,12.0,5,4,4,1,47.0,230.52,0,5.444666262883174,3.8712010109078907,1.791759469228055,False,False,False,False,True,False,1.0,7.20375
17.0,8.0,1,1,2,1,7.0,178.79,0,5.191789503138203,2.0794415416798357,0.6931471805599453,False,False,False,False,True,False,0.3333333333333333,9.932777777777778
4.0,7.0,4,3,2,0,4.0,145.64,0,4.987980603531449,1.6094379124341003,1.6094379124341003,False,False,True,False,True,False,1.3333333333333333,29.127999999999997
0.0,29.0,4,3,2,0,8.0,135.4,0,4.915591745409362,2.1972245773362196,1.6094379124341003,False,True,False,False,True,False,1.3333333333333333,135.4
7.0,16.0,4,3,2,0,7.0,150.63,0,5.021443342812848,2.0794415416798357,1.6094379124341003,False,True,False,False,True,False,1.3333333333333333,18.82875
8.0,16.0,3,3,4,1,4.0,161.42,0,5.090185572854264,1.6094379124341003,1.3862943611198906,False,True,False,False,False,True,0.6,17.935555555555553
19.0,9.0,4,3,6,0,8.0,176.54,0,5.179195935640173,2.1972245773362196,1.6094379124341003,False,True,False,False,True,False,0.5714285714285714,8.827
5.0,16.0,3,1,3,0,47.0,212.44,0,5.363355762727259,3.8712010109078907,1.3862943611198906,False,False,False,False,False,True,0.75,35.406666666666666
10.0,9.0,3,3,2,0,8.0,194.34,0,5.274741630019331,2.1972245773362196,1.3862943611198906,False,False,False,False,True,False,1.0,17.667272727272728
19.0,6.0,3,1,10,0,2.0,296.27,0,5.694640816738918,1.0986122886681096,1.3862943611198906,False,False,False,True,True,False,0.2727272727272727,14.8135
7.0,28.0,4,1,2,1,11.0,157.47,0,5.065565300954717,2.4849066497880004,1.6094379124341003,False,True,False,False,True,False,1.3333333333333333,19.68375
14.0,15.0,4,1,5,1,3.0,165.69,0,5.116135799954996,1.3862943611198906,1.6094379124341003,False,True,False,False,True,False,0.6666666666666666,11.046
8.0,8.0,4,1,1,1,4.0,149.3,0,5.012633296758929,1.6094379124341003,1.6094379124341003,False,False,True,False,False,True,2.0,16.58888888888889
16.0,9.0,2,5,9,0,4.0,187.72,0,5.240264435099419,1.6094379124341003,1.0986122886681096,False,True,False,False,True,False,0.2,11.042352941176471
7.0,28.0,2,4,3,0,14.0,145.28,0,4.98552259328118,2.70805020110221,1.0986122886681096,False,False,True,False,True,False,0.5,18.16
0.0,31.0,1,2,2,1,1.0,129.94,0,4.874739203012945,0.6931471805599453,0.6931471805599453,False,False,True,False,False,True,0.3333333333333333,129.94
1.0,16.0,4,1,3,0,8.0,166.05,0,5.118293168802766,2.1972245773362196,1.6094379124341003,False,True,False,False,False,True,1.0,83.025
20.0,10.0,2,5,4,0,9.0,257.25,0,5.553928107999748,2.302585092994046,1.0986122886681096,True,False,False,False,True,False,0.4,12.25
8.0,31.0,4,4,4,0,8.0,209.03,0,5.347250377657216,2.1972245773362196,1.6094379124341003,False,False,False,False,False,False,0.8,23.225555555555555
5.0,9.0,4,1,6,1,6.0,190.82,0,5.256557432299805,1.9459101490553132,1.6094379124341003,False,True,False,False,False,True,0.5714285714285714,31.80333333333333
11.0,26.0,4,3,5,0,3.0,182.68,0,5.213195113131202,1.3862943611198906,1.6094379124341003,False,True,False,False,True,False,0.6666666666666666,15.223333333333334
4.0,8.0,3,3,2,0,3.0,134.77,0,4.91096227761219,1.3862943611198906,1.3862943611198906,False,False,True,False,True,False,1.0,26.954
1.0,32.0,4,2,3,1,2.0,152.95,1,5.0366278743705095,1.0986122886681096,1.6094379124341003,False,False,True,False,False,True,1.0,76.475
12.0,25.0,3,1,9,0,2.0,139.02,0,4.941785269549052,1.0986122886681096,1.3862943611198906,False,True,False,False,True,False,0.3,10.693846153846154
7.0,11.0,4,1,2,0,13.0,139.86,0,4.947766489317265,2.639057329615259,1.6094379124341003,False,True,False,False,True,False,1.3333333333333333,17.4825
18.0,11.0,5,5,2,1,4.0,157.69,0,5.066952613574751,1.6094379124341003,1.791759469228055,False,True,False,False,False,True,1.6666666666666667,8.299473684210525
4.0,13.0,3,1,4,0,7.0,159.15,0,5.076110876055167,2.0794415416798357,1.3862943611198906,False,True,False,False,True,False,0.6,31.830000000000002
0.0,25.0,1,1,9,1,4.0,153.04,1,5.0372123089467085,1.6094379124341003,0.6931471805599453,False,True,False,False,False,True,0.1,153.04
1.0,8.0,5,3,3,0,3.0,171.17,0,5.148482360788381,1.3862943611198906,1.791759469228055,False,True,False,False,False,True,1.25,85.585
1.0,13.0,4,2,3,1,3.0,151.59,0,5.0277545859036445,1.3862943611198906,1.6094379124341003,False,False,True,False,False,False,1.0,75.795
1.0,12.0,4,4,2,0,3.0,149.22,1,5.0121008862578655,1.3862943611198906,1.6094379124341003,False,False,True,False,False,True,1.3333333333333333,74.61
8.0,11.0,3,4,1,0,13.0,180.95,0,5.203731924058169,2.639057329615259,1.3862943611198906,False,False,False,False,False,True,1.5,20.105555555555554
0.0,19.0,3,3,4,1,2.0,198.54,1,5.296014717485361,1.0986122886681096,1.3862943611198906,False,True,False,False,False,True,0.6,198.54
13.0,28.0,6,3,8,0,3.0,182.36,0,5.211451433526375,1.3862943611198906,1.9459101490553132,False,True,False,False,True,False,0.6666666666666666,13.025714285714287
1.0,9.0,4,5,2,0,3.0,155.41,1,5.05248076468615,1.3862943611198906,1.6094379124341003,False,False,True,False,True,False,1.3333333333333333,77.705
28.0,6.0,3,5,1,1,13.0,290.45,0,5.674868464491559,2.639057329615259,1.3862943611198906,False,False,False,True,False,True,1.5,10.01551724137931
13.0,9.0,4,3,2,1,2.0,126.83,1,4.8507012561799305,1.0986122886681096,1.6094379124341003,False,False,True,False,False,False,1.3333333333333333,9.059285714285714
16.0,21.0,4,1,4,0,2.0,168.04,0,5.130135373307802,1.0986122886681096,1.6094379124341003,False,True,False,False,True,False,0.8,9.884705882352941
4.0,7.0,4,4,3,0,8.0,162.48,0,5.096690658696076,2.1972245773362196,1.6094379124341003,False,False,True,False,True,False,1.0,32.495999999999995
20.0,8.0,4,2,2,1,2.0,132.94,0,4.8973919384819045,1.0986122886681096,1.6094379124341003,False,False,True,False,False,True,1.3333333333333333,6.33047619047619
0.0,33.0,3,2,2,0,9.0,176.39,1,5.178350698500848,2.302585092994046,1.3862943611198906,False,False,False,False,False,False,1.0,176.39
9.0,14.0,4,5,1,0,3.0,123.42,0,4.823662939086874,1.3862943611198906,1.6094379124341003,False,False,True,False,True,False,2.0,12.342
3.0,35.0,3,5,9,0,3.0,141.15,0,4.956882838097009,1.3862943611198906,1.3862943611198906,False,True,False,False,True,False,0.3,35.2875
3.0,30.0,2,3,3,0,8.0,152.0,0,5.030437921392435,2.1972245773362196,1.0986122886681096,False,False,True,False,True,False,0.5,38.0
14.0,13.0,4,1,3,1,8.0,289.37,0,5.671155971829107,2.1972245773362196,1.6094379124341003,True,False,False,False,False,True,1.0,19.291333333333334
19.0,19.0,3,4,7,0,9.0,155.62,0,5.053822489322791,2.302585092994046,1.3862943611198906,False,True,False,False,False,True,0.375,7.781000000000001
9.0,29.0,3,4,5,0,2.0,120.42,0,4.799255609702288,1.0986122886681096,1.3862943611198906,False,True,False,False,True,False,0.5,12.042
9.0,9.0,3,3,2,0,0.0,120.83,0,4.802626630366316,0.0,1.3862943611198906,False,False,True,False,True,False,1.0,12.083
9.0,14.0,3,3,5,0,9.0,125.19,0,4.837788707664819,2.302585092994046,1.3862943611198906,False,False,True,False,False,True,0.5,12.519
0.0,13.0,4,2,10,0,47.0,215.57,0,5.377913820819179,3.8712010109078907,1.6094379124341003,False,False,False,False,True,False,0.36363636363636365,215.57
4.0,12.0,2,2,5,0,7.0,154.6,0,5.047288611744291,2.0794415416798357,1.0986122886681096,False,True,False,False,True,False,0.3333333333333333,30.919999999999998
31.0,7.0,5,3,9,0,4.0,179.73,0,5.1970042048475475,1.6094379124341003,1.791759469228055,False,True,False,False,False,True,0.5,5.6165625
25.0,25.0,3,1,1,0,2.0,142.58,0,4.966892371148337,1.0986122886681096,1.3862943611198906,False,False,True,False,True,False,1.5,5.483846153846154
8.0,13.0,3,3,4,0,6.0,202.21,0,5.314239927091852,1.9459101490553132,1.3862943611198906,False,False,False,False,False,True,0.6,22.46777777777778
0.0,24.0,1,5,1,0,0.0,129.56,1,4.871832891215797,0.0,0.6931471805599453,False,False,True,False,True,False,0.5,129.56
0.0,15.0,4,3,1,1,0.0,133.88,1,4.904385494253545,0.0,1.6094379124341003,False,False,True,False,False,False,2.0,133.88
9.0,15.0,4,3,3,0,10.0,166.48,0,5.120863941150943,2.3978952727983707,1.6094379124341003,False,True,False,False,True,False,1.0,16.648
9.0,25.0,4,5,2,0,5.0,25.0,0,3.258096538021482,1.791759469228055,1.6094379124341003,False,True,False,False,True,False,1.3333333333333333,2.5
11.0,14.0,4,3,6,0,3.0,261.64,0,5.570784273193337,1.3862943611198906,1.6094379124341003,False,False,False,False,False,True,0.5714285714285714,21.80333333333333
9.0,26.0,3,3,1,0,2.0,122.72,0,4.818020947816869,1.0986122886681096,1.3862943611198906,False,True,False,False,False,True,1.5,12.272
1.0,17.0,4,5,3,0,9.0,167.13,1,5.124737489690837,2.302585092994046,1.6094379124341003,False,True,False,False,False,True,1.0,83.565
0.0,14.0,3,3,2,1,7.0,123.94,1,4.827833622065424,2.0794415416798357,1.3862943611198906,False,False,True,False,False,True,1.0,123.94
2.0,8.0,4,4,3,0,0.0,166.44,0,5.120625078137744,0.0,1.6094379124341003,False,True,False,False,True,False,1.0,55.48
5.0,8.0,3,3,5,1,7.0,149.98,0,5.017147377711479,2.0794415416798357,1.3862943611198906,False,True,False,False,False,True,0.5,24.996666666666666
9.0,6.0,5,5,3,1,7.0,202.52,0,5.3157642801517575,2.0794415416798357,1.791759469228055,False,False,False,False,True,False,1.25,20.252000000000002
2.0,11.0,4,4,2,1,9.0,141.87,0,4.9619351258770665,2.302585092994046,1.6094379124341003,False,True,False,False,True,False,1.3333333333333333,47.29
14.0,12.0,3,2,4,1,0.0,235.91000000000005,0,5.4676803221776,0.0,1.3862943611198906,False,False,False,False,False,True,0.6,15.727333333333338
19.0,6.0,3,5,8,0,3.0,193.96,0,5.272794409316951,1.3862943611198906,1.3862943611198906,False,False,False,False,True,False,0.3333333333333333,9.698
1.0,14.0,4,3,5,1,8.0,158.39,1,5.071354029130961,2.1972245773362196,1.6094379124341003,False,False,True,False,True,False,0.6666666666666666,79.195
16.0,35.0,5,2,2,0,5.0,170.23,0,5.14300768200088,1.791759469228055,1.791759469228055,False,True,False,False,False,False,1.6666666666666667,10.013529411764706
11.0,7.0,4,1,6,0,3.0,199.91,0,5.302857046590068,1.3862943611198906,1.6094379124341003,False,False,False,False,False,True,0.5714285714285714,16.659166666666668
1.0,13.0,2,5,3,1,1.0,141.01,1,4.955897477656921,0.6931471805599453,1.0986122886681096,False,False,True,False,False,False,0.5,70.505
7.0,9.0,5,5,4,0,12.0,147.59,0,5.001190835268256,2.5649493574615367,1.791759469228055,False,True,False,False,False,True,1.0,18.44875
6.0,31.0,4,4,2,0,2.0,143.2,0,4.971201224850849,1.0986122886681096,1.6094379124341003,False,True,False,False,False,True,1.3333333333333333,20.457142857142856
12.0,9.0,5,4,6,0,6.0,149.68,0,5.015158382823841,1.9459101490553132,1.791759469228055,False,False,True,False,True,False,0.7142857142857143,11.513846153846155
1.0,12.0,4,4,3,1,1.0,143.78,1,4.975215348864995,0.6931471805599453,1.6094379124341003,False,False,True,False,False,True,1.0,71.89
1.0,29.0,4,3,3,0,3.0,159.47,0,5.078107009211268,1.3862943611198906,1.6094379124341003,False,False,True,False,False,True,1.0,79.735
26.0,19.0,2,5,2,0,3.0,144.5,0,4.980176086611547,1.3862943611198906,1.0986122886681096,False,True,False,False,True,False,0.6666666666666666,5.351851851851852
16.0,7.0,5,1,11,1,3.0,185.62,0,5.229074463805876,1.3862943611198906,1.791759469228055,False,True,False,False,True,False,0.4166666666666667,10.918823529411766
0.0,14.0,4,5,7,0,2.0,153.26,1,5.038639490505853,1.0986122886681096,1.6094379124341003,False,True,False,False,False,True,0.5,153.26
17.0,14.0,1,1,3,1,2.0,128.18,0,4.861206780604327,1.0986122886681096,0.6931471805599453,False,False,True,False,True,False,0.25,7.121111111111111
31.0,8.0,6,1,5,0,1.0,233.83,0,5.458861848105724,0.6931471805599453,1.9459101490553132,False,False,False,False,True,False,1.0,7.3071875
0.0,10.0,4,3,6,0,2.0,138.94,1,4.94121375931775,1.0986122886681096,1.6094379124341003,False,False,True,False,False,True,0.5714285714285714,138.94
5.0,14.0,4,2,6,0,8.0,200.47,0,5.305640486927818,2.1972245773362196,1.6094379124341003,False,True,False,False,True,False,0.5714285714285714,33.41166666666667
19.0,9.0,5,3,3,0,1.0,147.74,0,5.002199815275154,0.6931471805599453,1.791759469228055,False,False,True,False,False,True,1.25,7.3870000000000005
8.0,9.0,5,3,5,0,8.0,152.68,0,5.034872518460301,2.1972245773362196,1.791759469228055,False,False,True,False,True,False,0.8333333333333334,16.964444444444446
9.0,7.0,4,3,3,0,4.0,173.59,0,5.162440367996683,1.6094379124341003,1.6094379124341003,False,True,False,False,False,True,1.0,17.359
31.0,7.0,4,1,5,1,5.0,244.04,0,5.50142146252452,1.791759469228055,1.6094379124341003,False,False,False,False,True,False,0.6666666666666666,7.62625
9.0,13.0,3,5,4,0,2.0,120.62,0,4.800901429691963,1.0986122886681096,1.3862943611198906,False,False,True,False,False,True,0.6,12.062000000000001
6.0,16.0,4,1,4,0,1.0,146.82,0,4.995995317356741,0.6931471805599453,1.6094379124341003,False,True,False,False,False,True,0.8,20.974285714285713
10.0,9.0,4,1,5,1,3.0,151.44,0,5.02677107600566,1.3862943611198906,1.6094379124341003,False,False,True,False,False,True,0.6666666666666666,13.767272727272728
1.0,15.0,4,3,2,1,5.0,174.07,0,5.165185893944841,1.791759469228055,1.6094379124341003,False,True,False,False,True,False,1.3333333333333333,87.035
4.0,14.0,4,5,5,1,4.0,146.66,1,4.994912333631019,1.6094379124341003,1.6094379124341003,False,False,True,False,False,True,0.6666666666666666,29.332
18.0,8.0,5,3,1,0,1.0,166.32,0,5.119908146573998,0.6931471805599453,1.791759469228055,False,True,False,False,False,True,2.5,8.753684210526316
18.0,32.0,4,5,2,0,5.0,143.85,0,4.975698724215359,1.791759469228055,1.6094379124341003,False,True,False,False,True,False,1.3333333333333333,7.571052631578947
5.0,10.0,4,3,11,0,3.0,261.75,0,5.571203009757061,1.3862943611198906,1.6094379124341003,False,False,False,False,True,False,0.3333333333333333,43.625
3.0,8.0,4,2,6,1,0.0,168.77,0,5.134444579822542,0.0,1.6094379124341003,False,True,False,False,False,True,0.5714285714285714,42.1925
3.0,13.0,4,1,3,0,9.0,156.31,0,5.058218380834413,2.302585092994046,1.6094379124341003,False,False,True,False,True,False,1.0,39.0775
27.0,31.0,2,1,5,0,3.0,195.05,0,5.27836972873834,1.3862943611198906,1.0986122886681096,False,False,False,False,True,False,0.3333333333333333,6.966071428571429
13.0,13.0,3,4,2,0,8.0,298.33,0,5.701546643714625,2.1972245773362196,1.3862943611198906,False,False,False,True,False,True,1.0,21.309285714285714
9.0,6.0,4,3,7,0,7.0,122.58,0,4.816888719632834,2.0794415416798357,1.6094379124341003,False,False,True,False,False,False,0.5,12.258
8.0,31.0,3,3,2,1,1.0,203.88,0,5.32242444189127,0.6931471805599453,1.3862943611198906,False,False,False,False,True,False,1.0,22.653333333333332
23.0,6.0,4,3,3,0,2.0,136.9,0,4.926528784799256,1.0986122886681096,1.6094379124341003,False,False,True,False,True,False,1.0,5.704166666666667
16.0,30.0,3,5,7,1,2.0,204.48,1,5.325348705599067,1.0986122886681096,1.3862943611198906,False,False,False,False,False,True,0.375,12.028235294117646
12.0,21.0,4,4,2,0,47.0,224.24,0,5.417166500386418,3.8712010109078907,1.6094379124341003,False,True,False,False,True,False,1.3333333333333333,17.24923076923077
0.0,14.0,4,5,1,1,2.0,123.21,1,4.821973681556102,1.0986122886681096,1.6094379124341003,False,False,True,False,False,True,2.0,123.21
19.0,7.0,2,1,2,0,8.0,317.02,0,5.762114273884251,2.1972245773362196,1.0986122886681096,False,False,False,True,True,False,0.6666666666666666,15.850999999999999
15.0,14.0,3,4,1,0,2.0,168.25,0,5.131376911792384,1.0986122886681096,1.3862943611198906,False,True,False,False,True,False,1.5,10.515625
15.0,8.0,4,5,2,0,8.0,166.03,0,5.118173437001857,2.1972245773362196,1.6094379124341003,False,True,False,False,True,False,1.3333333333333333,10.376875
8.0,13.0,4,1,2,0,1.0,126.9,0,4.851248708584797,0.6931471805599453,1.6094379124341003,False,False,True,False,True,False,1.3333333333333333,14.100000000000001
16.0,33.0,4,4,7,0,9.0,260.25,0,5.565477803279021,2.302585092994046,1.6094379124341003,True,False,False,False,True,False,0.5,15.308823529411764
9.0,8.0,3,4,5,0,2.0,121.87,0,4.81112688587948,1.0986122886681096,1.3862943611198906,False,False,True,False,True,False,0.5,12.187000000000001
14.0,9.0,4,5,6,0,3.0,158.77,0,5.073735281039481,1.3862943611198906,1.6094379124341003,False,False,True,False,True,False,0.5714285714285714,10.584666666666667
1.0,9.0,5,4,9,1,47.0,224.07,1,5.416411464930505,3.8712010109078907,1.791759469228055,False,True,False,False,False,True,0.5,112.035
0.0,10.0,2,5,3,0,2.0,128.19,0,4.86128418897221,1.0986122886681096,1.0986122886681096,False,False,True,False,False,False,0.5,128.19
26.0,18.0,4,3,10,0,5.0,156.49,0,5.05936196418649,1.791759469228055,1.6094379124341003,False,True,False,False,False,False,0.36363636363636365,5.795925925925927
7.0,17.0,4,4,5,0,8.0,144.9,0,4.98292145552874,2.1972245773362196,1.6094379124341003,False,True,False,False,True,False,0.6666666666666666,18.1125
3.0,17.0,5,4,3,1,8.0,207.68,0,5.340801978154192,2.1972245773362196,1.791759469228055,False,True,False,False,True,False,1.25,51.92
7.0,11.0,5,4,8,0,2.0,151.22,0,5.025326842839245,1.0986122886681096,1.791759469228055,False,False,True,False,False,False,0.5555555555555556,18.9025
6.0,16.0,3,3,2,0,9.0,154.87,0,5.0490223265009595,2.302585092994046,1.3862943611198906,False,True,False,False,False,True,1.0,22.124285714285715
5.0,7.0,5,5,3,0,3.0,147.18,0,4.998427750988511,1.3862943611198906,1.791759469228055,False,False,True,False,False,False,1.25,24.53
23.0,6.0,4,3,3,0,2.0,136.9,0,4.926528784799256,1.0986122886681096,1.6094379124341003,False,False,True,False,False,False,1.0,5.704166666666667
0.0,9.0,4,2,2,1,7.0,203.25,1,5.319344733740112,2.0794415416798357,1.6094379124341003,False,False,False,False,False,False,1.3333333333333333,203.25
14.0,16.0,4,5,2,0,2.0,179.73,0,5.1970042048475475,1.0986122886681096,1.6094379124341003,False,True,False,False,True,False,1.3333333333333333,11.982
1.0,7.0,6,5,2,0,1.0,148.25,1,5.0056227522727115,0.6931471805599453,1.9459101490553132,False,False,True,False,False,True,2.0,74.125
20.0,15.0,5,5,10,1,8.0,171.15,0,5.148366189784533,2.1972245773362196,1.791759469228055,False,True,False,False,True,False,0.45454545454545453,8.15
21.0,33.0,4,3,5,0,1.0,321.58,0,5.776351167489036,0.6931471805599453,1.6094379124341003,False,False,False,True,True,False,0.6666666666666666,14.617272727272727
9.0,23.0,4,4,2,0,10.0,205.2,0,5.32884657158286,2.3978952727983707,1.6094379124341003,False,False,False,False,True,False,1.3333333333333333,20.52
27.0,16.0,3,5,7,1,4.0,144.4,0,4.979488565099419,1.6094379124341003,1.3862943611198906,False,True,False,False,False,True,0.375,5.1571428571428575
8.0,6.0,3,4,2,0,6.0,172.95,0,5.158767901597951,1.9459101490553132,1.3862943611198906,False,False,False,False,False,False,1.0,19.216666666666665
29.0,15.0,5,4,3,1,1.0,260.77,0,5.567466255618654,0.6931471805599453,1.791759469228055,True,False,False,False,True,False,1.25,8.692333333333332
2.0,14.0,1,3,7,0,0.0,124.51,0,4.832385436672355,0.0,0.6931471805599453,False,False,True,False,True,False,0.125,41.50333333333334
29.0,15.0,3,1,8,0,47.0,211.03,0,5.356727774094459,3.8712010109078907,1.3862943611198906,True,False,False,False,True,False,0.3333333333333333,7.0343333333333335
22.0,17.0,5,4,6,0,10.0,321.65,0,5.776568144381849,2.3978952727983707,1.791759469228055,False,False,False,True,True,False,0.7142857142857143,13.984782608695651
12.0,9.0,4,4,7,0,9.0,150.92,0,5.02335406650403,2.302585092994046,1.6094379124341003,False,False,True,False,True,False,0.5,11.609230769230768
11.0,12.0,4,3,3,0,7.0,153.21,0,5.038315309869565,2.0794415416798357,1.6094379124341003,False,True,False,False,True,False,1.0,12.7675
1.0,14.0,5,5,10,0,8.0,193.11,0,5.268425008683,2.1972245773362196,1.791759469228055,False,True,False,False,False,True,0.45454545454545453,96.555
9.0,27.0,3,4,5,0,7.0,189.26,1,5.2483915577783105,2.0794415416798357,1.3862943611198906,False,True,False,False,True,False,0.5,18.926
17.0,13.0,5,2,6,1,1.0,291.27,0,5.677678032570093,0.6931471805599453,1.791759469228055,True,False,False,False,True,False,0.7142857142857143,16.181666666666665
11.0,24.0,5,1,4,1,0.0,158.11,0,5.069595786919765,0.0,1.791759469228055,False,True,False,False,True,False,1.0,13.175833333333335
15.0,6.0,3,3,2,0,6.0,149.07,0,5.011101851907898,1.9459101490553132,1.3862943611198906,False,True,False,False,True,False,1.0,9.316875
0.0,14.0,3,2,2,1,0.0,125.15,1,4.837471675087067,0.0,1.3862943611198906,False,False,True,False,False,False,1.0,125.15
14.0,6.0,1,5,2,0,7.0,183.92,0,5.219923299120024,2.0794415416798357,0.6931471805599453,False,False,False,False,True,False,0.3333333333333333,12.261333333333333
8.0,24.0,1,5,2,0,10.0,152.08,0,5.0309606605575015,2.3978952727983707,0.6931471805599453,False,True,False,False,True,False,0.3333333333333333,16.89777777777778
9.0,13.0,3,3,1,1,7.0,123.08,0,4.8209265188682835,2.0794415416798357,1.3862943611198906,False,False,True,False,True,False,1.5,12.308
1.0,11.0,4,2,3,1,3.0,153.75,0,5.041810911564705,1.3862943611198906,1.6094379124341003,False,False,True,False,False,True,1.0,76.875
9.0,6.0,3,2,4,0,2.0,122.7,0,4.8178592793984425,1.0986122886681096,1.3862943611198906,False,False,True,False,True,False,0.6,12.27
8.0,16.0,5,4,3,0,47.0,211.21,0,5.357576350422958,3.8712010109078907,1.791759469228055,False,False,False,False,False,True,1.25,23.46777777777778
6.0,12.0,3,1,4,0,7.0,177.25,0,5.183187059294405,2.0794415416798357,1.3862943611198906,False,True,False,False,True,False,0.6,25.321428571428573
0.0,26.0,5,3,4,1,2.0,145.59,1,4.98763957430194,1.0986122886681096,1.791759469228055,False,True,False,False,True,False,1.0,145.59
23.0,9.0,4,1,5,0,4.0,316.61,0,5.760824215023398,1.6094379124341003,1.6094379124341003,False,False,False,True,True,False,0.6666666666666666,13.192083333333334
19.0,8.0,4,3,6,0,4.0,178.99,0,5.192901293791388,1.6094379124341003,1.6094379124341003,False,True,False,False,False,True,0.5714285714285714,8.9495
15.0,13.0,4,3,3,0,47.0,217.41,0,5.386374030368319,3.8712010109078907,1.6094379124341003,False,False,False,False,False,True,1.0,13.588125
10.0,17.0,5,3,3,1,8.0,181.73,0,5.208009653516503,2.1972245773362196,1.791759469228055,False,True,False,False,True,False,1.25,16.52090909090909
19.0,12.0,6,5,3,1,5.0,182.69,0,5.213249554157973,1.791759469228055,1.9459101490553132,False,True,False,False,False,True,1.5,9.1345
7.0,9.0,4,4,10,0,8.0,176.47,0,5.178801580546473,2.1972245773362196,1.6094379124341003,False,True,False,False,False,True,0.36363636363636365,22.05875
10.0,7.0,5,1,2,0,3.0,195.25,0,5.279389356662517,1.3862943611198906,1.791759469228055,False,True,False,False,True,False,1.6666666666666667,17.75
0.0,8.0,4,2,8,0,0.0,127.85,1,4.858648937098374,0.0,1.6094379124341003,False,False,True,False,False,True,0.4444444444444444,127.85
2.0,14.0,4,5,2,0,4.0,173.98,0,5.164671681678119,1.6094379124341003,1.6094379124341003,False,True,False,False,False,True,1.3333333333333333,57.99333333333333
17.0,8.0,1,1,2,1,7.0,178.79,0,5.191789503138203,2.0794415416798357,0.6931471805599453,False,False,False,False,True,False,0.3333333333333333,9.932777777777778
2.0,16.0,3,4,1,0,1.0,132.91,0,4.897167932507474,0.6931471805599453,1.3862943611198906,False,False,True,False,True,False,1.5,44.303333333333335
27.0,11.0,3,5,5,0,2.0,294.06,0,5.687178725489421,1.0986122886681096,1.3862943611198906,False,False,False,True,True,False,0.5,10.502142857142857
22.0,10.0,4,3,3,0,0.0,287.11,0,5.663342351658178,0.0,1.6094379124341003,False,False,False,True,False,False,1.0,12.48304347826087
1.0,32.0,4,5,2,0,4.0,147.24,0,4.998832581977104,1.6094379124341003,1.6094379124341003,False,True,False,False,False,False,1.3333333333333333,73.62
0.0,29.0,3,5,10,1,2.0,199.5,1,5.300814246746624,1.0986122886681096,1.3862943611198906,False,False,False,False,True,False,0.2727272727272727,199.5
12.0,36.0,4,1,3,0,10.0,149.06,0,5.011035214117583,2.3978952727983707,1.6094379124341003,False,True,False,False,False,True,1.0,11.466153846153846
1.0,7.0,4,4,3,1,5.0,157.02,1,5.062721607294587,1.791759469228055,1.6094379124341003,False,False,True,False,False,True,1.0,78.51
1.0,6.0,5,2,1,0,5.0,166.74,0,5.122415161556265,1.791759469228055,1.791759469228055,False,True,False,False,False,False,2.5,83.37
17.0,14.0,4,5,10,0,47.0,224.85,0,5.419871062100613,3.8712010109078907,1.6094379124341003,False,False,False,False,False,False,0.36363636363636365,12.491666666666667
20.0,21.0,4,4,11,1,4.0,174.63,1,5.168379509433644,1.6094379124341003,1.6094379124341003,False,False,True,False,True,False,0.3333333333333333,8.315714285714286
9.0,30.0,3,4,8,0,8.0,156.74,0,5.060948107969845,2.1972245773362196,1.3862943611198906,False,True,False,False,True,False,0.3333333333333333,15.674000000000001
11.0,26.0,4,4,3,1,10.0,201.42,0,5.310344746760755,2.3978952727983707,1.6094379124341003,False,False,False,False,False,True,1.0,16.785
5.0,17.0,4,1,4,1,5.0,190.83,0,5.256609563148246,1.791759469228055,1.6094379124341003,False,True,False,False,True,False,0.8,31.805000000000003
8.0,14.0,3,2,2,0,2.0,125.72,0,4.841979928066116,1.0986122886681096,1.3862943611198906,False,False,True,False,False,False,1.0,13.96888888888889
0.0,8.0,4,2,2,0,0.0,111.02,1,4.718677426781686,0.0,1.6094379124341003,False,False,True,False,False,True,1.3333333333333333,111.02
8.0,6.0,3,3,2,0,3.0,148.59,0,5.007898218386369,1.3862943611198906,1.3862943611198906,False,True,False,False,False,True,1.0,16.51
15.0,9.0,4,4,3,0,5.0,285.15,0,5.656516148855111,1.791759469228055,1.6094379124341003,True,False,False,False,False,True,1.0,17.821875
0.0,12.0,5,3,5,1,7.0,161.72,1,5.09203093230025,2.0794415416798357,1.791759469228055,False,True,False,False,False,False,0.8333333333333334,161.72
1.0,29.0,4,3,3,1,8.0,186.79,1,5.235324317220115,2.1972245773362196,1.6094379124341003,False,True,False,False,True,False,1.0,93.395
3.0,20.0,5,4,6,1,4.0,165.25,0,5.113492679535963,1.6094379124341003,1.791759469228055,False,True,False,False,True,False,0.7142857142857143,41.3125
7.0,11.0,5,4,10,0,3.0,163.38,0,5.102180820720354,1.3862943611198906,1.791759469228055,False,False,True,False,False,False,0.45454545454545453,20.4225
5.0,14.0,4,4,2,1,9.0,152.28,0,5.03226631422255,2.302585092994046,1.6094379124341003,False,True,False,False,False,False,1.3333333333333333,25.38
0.0,15.0,3,1,2,0,0.0,110.81,1,4.716801002159277,0.0,1.3862943611198906,False,False,True,False,False,True,1.0,110.81
1.0,30.0,5,3,3,0,9.0,160.4,0,5.083885755835849,2.302585092994046,1.791759469228055,False,True,False,False,True,False,1.25,80.2
10.0,6.0,5,1,2,0,3.0,195.25,0,5.279389356662517,1.3862943611198906,1.791759469228055,False,True,False,False,True,False,1.6666666666666667,17.75
22.0,14.0,4,4,2,0,7.0,151.3,0,5.025852259901116,2.0794415416798357,1.6094379124341003,False,True,False,False,True,False,1.3333333333333333,6.578260869565218
7.0,10.0,3,1,3,1,0.0,197.13,0,5.2889233809061675,0.0,1.3862943611198906,False,False,False,False,True,False,0.75,24.64125
13.0,14.0,3,4,4,0,3.0,123.87,0,4.827273196127054,1.3862943611198906,1.3862943611198906,False,False,True,False,True,False,0.6,8.847857142857142
14.0,12.0,3,5,3,1,17.0,147.21,0,4.998630186968824,2.8903717578961645,1.3862943611198906,False,False,True,False,False,True,0.75,9.814
6.0,9.0,4,4,3,0,8.0,148.7,0,5.008633291425583,2.1972245773362196,1.6094379124341003,False,False,True,False,True,False,1.0,21.24285714285714
0.0,21.0,3,1,2,0,0.0,128.71,0,4.865301189352582,0.0,1.3862943611198906,False,False,True,False,False,True,1.0,128.71
27.0,14.0,4,3,5,0,8.0,311.06,0,5.743195477013036,2.1972245773362196,1.6094379124341003,False,False,False,True,True,False,0.6666666666666666,11.109285714285715
4.0,18.0,3,2,9,1,2.0,139.29,0,4.943711708730681,1.0986122886681096,1.3862943611198906,False,False,True,False,False,False,0.3,27.857999999999997
6.0,9.0,4,4,2,1,3.0,165.78,0,5.116675578658839,1.3862943611198906,1.6094379124341003,False,True,False,False,False,False,1.3333333333333333,23.68285714285714
14.0,9.0,4,4,9,0,4.0,182.15,0,5.210305489224823,1.6094379124341003,1.6094379124341003,False,True,False,False,True,False,0.4,12.143333333333334
0.0,16.0,4,1,2,1,4.0,157.69,0,5.066952613574751,1.6094379124341003,1.6094379124341003,False,True,False,False,True,False,1.3333333333333333,157.69
13.0,6.0,5,2,3,0,4.0,317.72,0,5.764312974396233,1.6094379124341003,1.791759469228055,False,False,False,True,False,False,1.25,22.694285714285716
0.0,15.0,4,5,4,0,2.0,144.0,1,4.976733742420574,1.0986122886681096,1.6094379124341003,False,False,True,False,True,False,0.8,144.0
1.0,18.0,4,5,2,0,5.0,145.99,0,4.990364557253896,1.791759469228055,1.6094379124341003,False,False,True,False,False,False,1.3333333333333333,72.995
6.0,14.0,1,5,7,0,6.0,131.43,0,4.8860542039388735,1.9459101490553132,0.6931471805599453,False,False,True,False,True,False,0.125,18.775714285714287
1.0,35.0,5,3,4,0,47.0,211.39,0,5.358424207280155,3.8712010109078907,1.791759469228055,False,True,False,False,True,False,1.0,105.695
16.0,30.0,5,3,3,0,8.0,168.32,0,5.1317904156527225,2.1972245773362196,1.791759469228055,False,True,False,False,False,True,1.25,9.901176470588235
9.0,25.0,4,1,4,0,47.0,218.62,0,5.3918987801695675,3.8712010109078907,1.6094379124341003,False,False,False,False,False,True,0.8,21.862000000000002
23.0,6.0,3,3,1,0,13.0,163.47,0,5.102728182753178,2.639057329615259,1.3862943611198906,False,True,False,False,True,False,1.5,6.81125
30.0,13.0,3,5,6,0,10.0,295.66,0,5.692586701895467,2.3978952727983707,1.3862943611198906,False,False,False,True,True,False,0.42857142857142855,9.537419354838711
24.0,16.0,4,3,6,1,1.0,318.31,0,5.766162417739561,0.6931471805599453,1.6094379124341003,False,False,False,True,True,False,0.5714285714285714,12.7324
1.0,16.0,4,4,8,0,3.0,145.24,0,4.98524910770584,1.3862943611198906,1.6094379124341003,False,False,True,False,True,False,0.4444444444444444,72.62
20.0,25.0,4,3,4,0,9.0,173.1,0,5.159629846774143,2.302585092994046,1.6094379124341003,False,True,False,False,True,False,0.8,8.242857142857142
16.0,18.0,4,4,2,0,9.0,243.36,0,5.498642547781566,2.302585092994046,1.6094379124341003,True,False,False,False,True,False,1.3333333333333333,14.31529411764706
10.0,6.0,3,1,5,0,2.0,174.91,0,5.169972500610814,1.0986122886681096,1.3862943611198906,False,False,False,False,False,True,0.5,15.90090909090909
16.0,10.0,4,1,4,0,17.0,202.31,0,5.314731907816132,2.8903717578961645,1.6094379124341003,False,False,False,False,False,True,0.8,11.900588235294117
18.0,15.0,3,5,5,1,2.0,207.61,0,5.340466480056195,1.0986122886681096,1.3862943611198906,False,False,False,False,True,False,0.5,10.926842105263159
6.0,23.0,3,3,2,0,0.0,274.44,0,5.618369819030268,0.0,1.3862943611198906,True,False,False,False,False,True,1.0,39.205714285714286
8.0,26.0,4,4,6,0,11.0,169.44,0,5.138383328631711,2.4849066497880004,1.6094379124341003,False,True,False,False,True,False,0.5714285714285714,18.826666666666668
7.0,14.0,4,3,3,0,9.0,184.68,0,5.224024761966182,2.302585092994046,1.6094379124341003,False,True,False,False,True,False,1.0,23.085
9.0,12.0,4,3,1,0,3.0,121.87,0,4.81112688587948,1.3862943611198906,1.6094379124341003,False,False,True,False,True,False,2.0,12.187000000000001
10.0,7.0,4,4,2,0,6.0,177.28,0,5.183355348078355,1.9459101490553132,1.6094379124341003,False,True,False,False,False,False,1.3333333333333333,16.116363636363637
26.0,7.0,5,3,2,0,10.0,324.99,0,5.786866706049599,2.3978952727983707,1.791759469228055,False,False,False,True,True,False,1.6666666666666667,12.036666666666667
27.0,23.0,3,3,9,0,8.0,207.39,0,5.339411324082998,2.1972245773362196,1.3862943611198906,False,False,False,False,False,False,0.3,7.406785714285713
29.0,21.0,3,4,10,0,16.0,312.22,0,5.746905819038288,2.833213344056216,1.3862943611198906,False,False,False,True,False,True,0.2727272727272727,10.407333333333334
0.0,9.0,3,5,1,0,4.0,131.02,1,4.882953426260625,1.6094379124341003,1.3862943611198906,False,False,True,False,False,True,1.5,131.02
1.0,12.0,4,3,3,1,1.0,153.51,1,5.040258819162327,0.6931471805599453,1.6094379124341003,False,False,True,False,False,True,1.0,76.755
3.0,11.0,5,5,3,0,1.0,146.09,0,4.991044644331252,0.6931471805599453,1.791759469228055,False,False,True,False,True,False,1.25,36.5225
13.0,20.0,4,3,2,0,9.0,296.26,0,5.694607176720749,2.302585092994046,1.6094379124341003,False,False,False,True,False,True,1.3333333333333333,21.16142857142857
6.0,12.0,2,1,5,0,3.0,158.12,0,5.069658634545717,1.3862943611198906,1.0986122886681096,False,False,True,False,True,False,0.3333333333333333,22.58857142857143
2.0,26.0,3,1,3,0,2.0,169.31,0,5.137620305850745,1.0986122886681096,1.3862943611198906,False,True,False,False,True,False,0.75,56.43666666666667
6.0,9.0,3,2,9,0,8.0,175.55,0,5.173604122374395,2.1972245773362196,1.3862943611198906,False,True,False,False,False,True,0.3,25.07857142857143
9.0,6.0,3,4,1,0,5.0,152.28,0,5.03226631422255,1.791759469228055,1.3862943611198906,False,True,False,False,False,False,1.5,15.228
9.0,10.0,3,4,8,0,2.0,151.31,0,5.025917917627413,1.0986122886681096,1.3862943611198906,False,True,False,False,True,False,0.3333333333333333,15.131
22.0,11.0,4,2,3,0,9.0,203.98,0,5.322912413403417,2.302585092994046,1.6094379124341003,False,False,False,False,False,True,1.0,8.868695652173912
11.0,12.0,4,3,2,0,4.0,137.02,0,4.927398602192456,1.6094379124341003,1.6094379124341003,False,False,True,False,True,False,1.3333333333333333,11.418333333333335
11.0,21.0,4,1,1,1,47.0,215.1,0,5.3757412635128405,3.8712010109078907,1.6094379124341003,False,False,False,False,True,False,2.0,17.925
10.0,10.0,3,3,8,1,3.0,129.96,0,4.874891933062879,1.3862943611198906,1.3862943611198906,False,False,True,False,True,False,0.3333333333333333,11.814545454545454
9.0,8.0,4,1,2,0,8.0,138.86,0,4.940641922275721,2.1972245773362196,1.6094379124341003,False,True,False,False,False,True,1.3333333333333333,13.886000000000001
1.0,9.0,5,2,3,0,1.0,150.64,1,5.021509290648134,0.6931471805599453,1.791759469228055,False,False,True,False,False,True,1.25,75.32
4.0,14.0,4,4,1,1,2.0,126.57,0,4.848665233550198,1.0986122886681096,1.6094379124341003,False,False,True,False,False,True,2.0,25.314
21.0,12.0,4,3,3,0,2.0,142.4,0,4.96563792816552,1.0986122886681096,1.6094379124341003,False,True,False,False,False,True,1.0,6.472727272727273
1.0,23.0,4,4,11,0,3.0,153.11,0,5.037666633147286,1.3862943611198906,1.6094379124341003,False,False,True,False,True,False,0.3333333333333333,76.555
9.0,7.0,5,3,8,0,8.0,147.58,0,5.001123533723661,2.1972245773362196,1.791759469228055,False,False,True,False,False,False,0.5555555555555556,14.758000000000001
8.0,11.0,4,3,11,0,3.0,190.38,0,5.254260980351117,1.3862943611198906,1.6094379124341003,False,True,False,False,True,False,0.3333333333333333,21.153333333333332
9.0,16.0,4,3,3,0,9.0,175.98,0,5.176036731839204,2.302585092994046,1.6094379124341003,False,True,False,False,False,True,1.0,17.598
24.0,9.0,4,3,7,0,4.0,301.39,0,5.711717574975525,1.6094379124341003,1.6094379124341003,True,False,False,False,False,False,0.5,12.0556
0.0,14.0,4,4,2,0,0.0,125.96,1,4.843872076218154,0.0,1.6094379124341003,False,False,True,False,True,False,1.3333333333333333,125.96
9.0,23.0,5,3,2,0,2.0,123.05,0,4.82068471013781,1.0986122886681096,1.791759469228055,False,False,True,False,True,False,1.6666666666666667,12.305
18.0,12.0,5,3,5,0,4.0,156.62,0,5.060187072925504,1.6094379124341003,1.791759469228055,False,False,True,False,False,True,0.8333333333333334,8.243157894736843
1.0,10.0,4,3,3,0,8.0,165.84,1,5.117035269328745,2.1972245773362196,1.6094379124341003,False,False,True,False,False,True,1.0,82.92
9.0,35.0,5,3,2,0,3.0,149.3,0,5.012633296758929,1.3862943611198906,1.791759469228055,False,False,True,False,True,False,1.6666666666666667,14.930000000000001
7.0,25.0,3,4,5,0,10.0,144.44,0,4.979763630429169,2.3978952727983707,1.3862943611198906,False,True,False,False,True,False,0.5,18.055
1.0,26.0,4,1,5,0,3.0,161.69,0,5.091846549521079,1.3862943611198906,1.6094379124341003,False,False,True,False,True,False,0.6666666666666666,80.845
11.0,15.0,4,4,4,0,8.0,165.71,0,5.11625577595994,2.1972245773362196,1.6094379124341003,False,True,False,False,True,False,0.8,13.809166666666668
7.0,15.0,4,3,2,0,3.0,196.04,0,5.283406753812282,1.3862943611198906,1.6094379124341003,False,True,False,False,True,False,1.3333333333333333,24.505
5.0,14.0,4,4,7,0,2.0,123.32,0,4.822858886619337,1.0986122886681096,1.6094379124341003,False,False,True,False,False,False,0.5,20.55333333333333
9.0,25.0,4,3,3,0,1.0,171.01,0,5.1475526146582995,0.6931471805599453,1.6094379124341003,False,True,False,False,False,False,1.0,17.101
3.0,14.0,4,5,5,0,3.0,145.62,0,4.98784420579544,1.3862943611198906,1.6094379124341003,False,False,True,False,False,True,0.6666666666666666,36.405
14.0,9.0,5,2,2,1,4.0,148.42,0,5.0067611325476555,1.6094379124341003,1.791759469228055,False,False,True,False,False,True,1.6666666666666667,9.894666666666666
1.0,12.0,4,5,3,1,3.0,148.8,0,5.009301071083119,1.3862943611198906,1.6094379124341003,False,False,True,False,False,True,1.0,74.4
0.0,29.0,3,5,10,1,2.0,199.5,1,5.300814246746624,1.0986122886681096,1.3862943611198906,False,False,False,False,True,False,0.2727272727272727,199.5
0.0,35.0,4,4,1,0,4.0,134.79,1,4.911109574710704,1.6094379124341003,1.6094379124341003,False,False,True,False,False,True,2.0,134.79
13.0,31.0,4,1,9,0,8.0,166.08,0,5.118472739628975,2.1972245773362196,1.6094379124341003,False,True,False,False,False,True,0.4,11.862857142857143
17.0,6.0,3,3,8,0,0.0,147.68,0,5.001796345429051,0.0,1.3862943611198906,False,True,False,False,False,False,0.3333333333333333,8.204444444444444
0.0,29.0,4,5,2,0,10.0,173.36,1,5.1611221273701915,2.3978952727983707,1.6094379124341003,False,False,False,False,True,False,1.3333333333333333,173.36
19.0,35.0,5,4,3,0,7.0,292.04,0,5.680309118470559,2.0794415416798357,1.791759469228055,True,False,False,False,False,True,1.25,14.602
18.0,8.0,4,1,2,0,9.0,157.7,0,5.0670156275323635,2.302585092994046,1.6094379124341003,False,True,False,False,True,False,1.3333333333333333,8.299999999999999
13.0,18.0,4,2,3,0,8.0,201.54,1,5.310937397904139,2.1972245773362196,1.6094379124341003,False,False,False,False,False,False,1.0,14.395714285714286
12.0,7.0,4,5,5,0,1.0,151.19,0,5.025129740246708,0.6931471805599453,1.6094379124341003,False,False,True,False,False,True,0.6666666666666666,11.629999999999999
0.0,11.0,3,2,2,0,0.0,110.51,0,4.7141142729772705,0.0,1.3862943611198906,False,False,True,False,False,True,1.0,110.51
13.0,18.0,4,1,3,0,8.0,201.54,1,5.310937397904139,2.1972245773362196,1.6094379124341003,False,False,False,False,True,False,1.0,14.395714285714286
14.0,10.0,5,4,7,0,2.0,164.3,0,5.107762004826979,1.0986122886681096,1.791759469228055,False,True,False,False,True,False,0.625,10.953333333333335
8.0,7.0,2,2,2,0,47.0,222.25,0,5.408292219756609,3.8712010109078907,1.0986122886681096,False,True,False,False,True,False,0.6666666666666666,24.694444444444443
16.0,7.0,4,3,3,0,7.0,174.07,0,5.165185893944841,2.0794415416798357,1.6094379124341003,False,True,False,False,True,False,1.0,10.239411764705881
7.0,8.0,4,5,7,0,9.0,159.57,0,5.078729984561593,2.302585092994046,1.6094379124341003,False,True,False,False,True,False,0.5,19.94625
0.0,29.0,4,3,4,1,1.0,159.16,1,5.07617331556691,0.6931471805599453,1.6094379124341003,False,True,False,False,False,False,0.8,159.16
8.0,8.0,4,1,3,0,47.0,223.88,0,5.415566926598276,3.8712010109078907,1.6094379124341003,False,False,False,False,False,True,1.0,24.875555555555554
2.0,8.0,3,2,2,0,9.0,145.54,0,4.987298428731818,2.302585092994046,1.3862943611198906,False,True,False,False,False,True,1.0,48.51333333333333
20.0,14.0,4,1,10,1,0.0,123.8,1,4.826712455935327,0.0,1.6094379124341003,False,False,True,False,True,False,0.36363636363636365,5.895238095238095
2.0,24.0,4,5,3,0,9.0,170.58,0,5.145049630144819,2.302585092994046,1.6094379124341003,False,True,False,False,True,False,1.0,56.86000000000001
0.0,14.0,4,3,2,1,7.0,123.66,1,4.825590031380704,2.0794415416798357,1.6094379124341003,False,False,True,False,True,False,1.3333333333333333,123.66
8.0,15.0,4,3,2,1,15.0,206.85,0,5.336816665698646,2.772588722239781,1.6094379124341003,False,False,False,False,True,False,1.3333333333333333,22.983333333333334
4.0,32.0,4,3,9,1,3.0,172.36,0,5.1553703572281036,1.3862943611198906,1.6094379124341003,False,True,False,False,False,False,0.4,34.472
21.0,23.0,2,3,3,1,8.0,175.67,0,5.174283585624589,2.1972245773362196,1.0986122886681096,False,True,False,False,True,False,0.5,7.984999999999999
15.0,8.0,4,1,5,0,1.0,152.82,0,5.035783087628908,0.6931471805599453,1.6094379124341003,False,False,True,False,True,False,0.6666666666666666,9.55125
13.0,16.0,4,4,22,0,4.0,192.82,0,5.266929893306404,1.6094379124341003,1.6094379124341003,False,True,False,False,False,True,0.17391304347826086,13.772857142857143
10.0,24.0,5,4,4,0,4.0,180.07,0,5.198883696832551,1.6094379124341003,1.791759469228055,False,True,False,False,True,False,1.0,16.37
4.0,13.0,1,1,5,0,7.0,169.29,0,5.137502866038513,2.0794415416798357,0.6931471805599453,False,True,False,False,True,False,0.16666666666666666,33.858
1.0,9.0,4,4,11,0,3.0,159.68,0,5.079414809491081,1.3862943611198906,1.6094379124341003,False,False,True,False,True,False,0.3333333333333333,79.84
0.0,17.0,2,3,9,0,2.0,147.07,1,4.997685134920627,1.0986122886681096,1.0986122886681096,False,True,False,False,False,False,0.2,147.07
3.0,30.0,3,3,2,0,0.0,126.93,0,4.851483239328943,0.0,1.3862943611198906,False,False,True,False,True,False,1.0,31.7325
10.0,9.0,4,3,6,0,10.0,150.19,0,5.01853732399211,2.3978952727983707,1.6094379124341003,False,False,True,False,False,True,0.5714285714285714,13.653636363636364
24.0,9.0,4,3,7,0,4.0,301.39,0,5.711717574975525,1.6094379124341003,1.6094379124341003,True,False,False,False,True,False,0.5,12.0556
7.0,8.0,3,2,2,0,4.0,162.74,0,5.098279803948302,1.6094379124341003,1.3862943611198906,False,True,False,False,False,True,1.0,20.3425
8.0,7.0,2,1,4,0,4.0,157.8,0,5.067645548813036,1.6094379124341003,1.0986122886681096,False,False,True,False,False,True,0.4,17.533333333333335
7.0,7.0,2,4,3,1,3.0,179.88,0,5.197833827969714,1.3862943611198906,1.0986122886681096,False,True,False,False,True,False,0.5,22.485
0.0,9.0,4,1,1,1,0.0,128.53,1,4.8639125145421644,0.0,1.6094379124341003,False,False,True,False,True,False,2.0,128.53
16.0,9.0,4,3,2,1,1.0,151.96,0,5.030176449303092,0.6931471805599453,1.6094379124341003,False,False,True,False,True,False,1.3333333333333333,8.938823529411765
9.0,9.0,3,4,5,0,7.0,144.85,0,4.98257869631373,2.0794415416798357,1.3862943611198906,False,True,False,False,False,True,0.5,14.485
28.0,18.0,4,1,5,0,13.0,285.32,0,5.65711006645777,2.639057329615259,1.6094379124341003,True,False,False,False,True,False,0.6666666666666666,9.838620689655173
0.0,6.0,4,2,7,0,2.0,147.75,0,5.002267044425739,1.0986122886681096,1.6094379124341003,False,True,False,False,False,False,0.5,147.75
1.0,22.0,4,3,9,1,8.0,261.1,1,5.568726110329361,2.1972245773362196,1.6094379124341003,False,False,False,False,True,False,0.4,130.55
9.0,9.0,3,4,2,0,7.0,136.92,0,4.926673806915383,2.0794415416798357,1.3862943611198906,False,False,True,False,True,False,1.0,13.691999999999998
29.0,27.0,4,1,5,1,9.0,179.15,0,5.193789837194102,2.302585092994046,1.6094379124341003,False,True,False,False,True,False,0.6666666666666666,5.971666666666667
0.0,13.0,5,3,2,1,6.0,160.74,1,5.085990107667676,1.9459101490553132,1.791759469228055,False,True,False,False,False,True,1.6666666666666667,160.74
9.0,17.0,4,3,5,1,5.0,186.42,0,5.233352087695677,1.791759469228055,1.6094379124341003,False,True,False,False,False,True,0.6666666666666666,18.642
8.0,17.0,4,3,3,1,8.0,165.01,0,5.112048027505985,2.1972245773362196,1.6094379124341003,False,True,False,False,True,False,1.0,18.334444444444443
2.0,13.0,3,1,2,1,0.0,166.23,0,5.119370110393032,0.0,1.3862943611198906,False,True,False,False,True,False,1.0,55.41
29.0,9.0,5,5,9,0,3.0,292.56,0,5.682082047676862,1.3862943611198906,1.791759469228055,True,False,False,False,False,True,0.5,9.752
7.0,24.0,4,3,3,0,1.0,299.44,0,5.705248066817811,0.6931471805599453,1.6094379124341003,True,False,False,False,False,True,1.0,37.43
20.0,10.0,4,3,5,0,10.0,299.65,0,5.705946797485578,2.3978952727983707,1.6094379124341003,True,False,False,False,False,False,0.6666666666666666,14.269047619047617
6.0,36.0,4,3,11,0,8.0,165.25,0,5.113492679535963,2.1972245773362196,1.6094379124341003,False,False,True,False,False,True,0.3333333333333333,23.607142857142858
27.0,8.0,4,3,7,0,0.0,206.86,0,5.336864776160276,0.0,1.6094379124341003,False,False,False,False,False,False,0.5,7.387857142857143
3.0,7.0,4,5,2,0,3.0,178.73,0,5.1914557247639435,1.3862943611198906,1.6094379124341003,False,True,False,False,True,False,1.3333333333333333,44.6825
31.0,14.0,2,2,2,1,10.0,177.2,0,5.182906515036709,2.3978952727983707,1.0986122886681096,False,True,False,False,True,False,0.6666666666666666,5.5375
9.0,12.0,1,5,2,1,0.0,116.01,1,4.7622594012308666,0.0,0.6931471805599453,False,False,True,False,True,False,0.3333333333333333,11.601
30.0,9.0,4,2,6,0,5.0,151.71,0,5.028540697965091,1.791759469228055,1.6094379124341003,False,True,False,False,False,True,0.5714285714285714,4.893870967741936
9.0,9.0,3,4,5,0,2.0,120.88,0,4.803036954117508,1.0986122886681096,1.3862943611198906,False,False,True,False,False,True,0.5,12.088
1.0,23.0,4,5,7,0,3.0,178.24,1,5.188725689917942,1.3862943611198906,1.6094379124341003,False,True,False,False,False,True,0.5,89.12
15.0,21.0,4,3,6,0,9.0,149.51,0,5.014029527164271,2.302585092994046,1.6094379124341003,False,False,True,False,True,False,0.5714285714285714,9.344375
18.0,36.0,4,1,3,0,18.0,170.41,0,5.144058347518966,2.9444389791664403,1.6094379124341003,False,True,False,False,False,True,1.0,8.968947368421052
15.0,14.0,3,1,2,0,9.0,284.3,0,5.653541258219454,2.302585092994046,1.3862943611198906,False,False,False,True,True,False,1.0,17.76875
20.0,9.0,4,1,5,0,47.0,210.78,0,5.355548000002308,3.8712010109078907,1.6094379124341003,False,False,False,False,True,False,0.6666666666666666,10.037142857142857
4.0,32.0,4,3,9,1,3.0,172.36,0,5.1553703572281036,1.3862943611198906,1.6094379124341003,False,True,False,False,True,False,0.4,34.472
9.0,9.0,4,5,4,0,1.0,175.93,0,5.175754174124911,0.6931471805599453,1.6094379124341003,False,True,False,False,True,False,0.8,17.593
2.0,12.0,4,4,2,0,0.0,128.04,0,4.8601224338169535,0.0,1.6094379124341003,False,False,True,False,True,False,1.3333333333333333,42.68
0.0,15.0,3,5,8,0,4.0,142.0,1,4.962844630259907,1.6094379124341003,1.3862943611198906,False,False,True,False,False,True,0.3333333333333333,142.0
9.0,10.0,5,3,3,0,1.0,137.81,0,4.9331060915870175,0.6931471805599453,1.791759469228055,False,False,True,False,True,False,1.25,13.781
1.0,21.0,4,5,3,1,9.0,147.35,0,4.99957434673683,2.302585092994046,1.6094379124341003,False,False,True,False,True,False,1.0,73.675
6.0,16.0,6,1,2,0,8.0,171.68,0,5.151440170687277,2.1972245773362196,1.9459101490553132,False,True,False,False,True,False,2.0,24.525714285714287
1.0,31.0,6,2,3,1,1.0,136.18,1,4.921293932071175,0.6931471805599453,1.9459101490553132,False,False,True,False,False,True,1.5,68.09
20.0,8.0,3,1,6,0,4.0,150.7,0,5.021904886354487,1.6094379124341003,1.3862943611198906,False,True,False,False,True,False,0.42857142857142855,7.176190476190476
12.0,30.0,3,1,8,0,7.0,141.08,0,4.95639027924386,2.0794415416798357,1.3862943611198906,False,True,False,False,False,True,0.3333333333333333,10.852307692307694
31.0,13.0,4,3,10,0,3.0,147.67,0,5.001729084625259,1.3862943611198906,1.6094379124341003,False,False,True,False,True,False,0.36363636363636365,4.6146875
1.0,21.0,4,1,7,1,5.0,149.36,1,5.013032418695977,1.791759469228055,1.6094379124341003,False,False,True,False,True,False,0.5,74.68
1.0,7.0,4,3,2,0,3.0,173.98,0,5.164671681678119,1.3862943611198906,1.6094379124341003,False,True,False,False,False,False,1.3333333333333333,86.99
10.0,31.0,3,3,4,1,7.0,144.49,0,4.980107355727298,2.0794415416798357,1.3862943611198906,False,True,False,False,True,False,0.6,13.135454545454547
3.0,10.0,5,3,3,0,8.0,244.35,0,5.502685762535912,2.1972245773362196,1.791759469228055,False,False,False,False,False,False,1.25,61.0875
4.0,10.0,1,3,9,0,2.0,139.78,0,4.947198388179985,1.0986122886681096,0.6931471805599453,False,False,True,False,True,False,0.1,27.956
4.0,11.0,3,4,2,0,2.0,127.89,0,4.858959327416688,1.0986122886681096,1.3862943611198906,False,False,True,False,True,False,1.0,25.578
4.0,7.0,4,4,2,1,8.0,160.79,0,5.086299198017246,2.1972245773362196,1.6094379124341003,False,False,True,False,False,False,1.3333333333333333,32.158
5.0,9.0,6,1,3,1,1.0,136.29,0,4.922095476909513,0.6931471805599453,1.9459101490553132,False,False,True,False,True,False,1.5,22.715
6.0,17.0,4,1,4,0,1.0,237.44,0,5.474117706351726,0.6931471805599453,1.6094379124341003,False,False,False,False,False,True,0.8,33.92
0.0,14.0,3,1,3,0,2.0,125.8,0,4.842611042003125,1.0986122886681096,1.3862943611198906,False,False,True,False,False,True,0.75,125.8
28.0,8.0,4,1,9,0,4.0,126.62,0,4.849057098440201,1.6094379124341003,1.6094379124341003,False,False,True,False,True,False,0.4,4.3662068965517244
22.0,8.0,3,1,4,0,3.0,291.61,0,5.678840664351991,1.3862943611198906,1.3862943611198906,False,False,False,True,True,False,0.6,12.678695652173914
5.0,16.0,5,4,2,1,3.0,151.57,0,5.027623507125111,1.3862943611198906,1.791759469228055,False,False,True,False,False,True,1.6666666666666667,25.261666666666667
19.0,6.0,1,5,2,0,12.0,275.67,0,5.622825460242726,2.5649493574615367,0.6931471805599453,True,False,False,False,False,True,0.3333333333333333,13.7835
7.0,21.0,3,5,8,0,9.0,270.07,0,5.602377090108358,2.302585092994046,1.3862943611198906,True,False,False,False,True,False,0.3333333333333333,33.75875
2.0,8.0,3,1,2,0,9.0,145.54,0,4.987298428731818,2.302585092994046,1.3862943611198906,False,True,False,False,False,True,1.0,48.51333333333333
28.0,32.0,4,1,2,0,13.0,295.86,0,5.6932606471966185,2.639057329615259,1.6094379124341003,False,False,False,True,True,False,1.3333333333333333,10.202068965517242
1.0,22.0,6,1,8,1,3.0,179.4,1,5.1951766076285235,1.3862943611198906,1.9459101490553132,False,True,False,False,True,False,0.6666666666666666,89.7
1.0,10.0,4,5,2,0,5.0,156.02,1,5.056373185770109,1.791759469228055,1.6094379124341003,False,False,True,False,False,True,1.3333333333333333,78.01
13.0,22.0,3,3,10,0,0.0,135.44,0,4.915884957550445,0.0,1.3862943611198906,False,False,True,False,True,False,0.2727272727272727,9.674285714285714
17.0,17.0,4,2,2,0,8.0,149.55,0,5.014295254927743,2.1972245773362196,1.6094379124341003,False,False,True,False,False,True,1.3333333333333333,8.308333333333334
16.0,12.0,4,3,8,0,14.0,293.92,0,5.68670413312145,2.70805020110221,1.6094379124341003,False,False,False,True,True,False,0.4444444444444444,17.289411764705882
7.0,19.0,3,3,2,0,1.0,186.28,0,5.232604823182656,0.6931471805599453,1.3862943611198906,False,False,False,False,True,False,1.0,23.285
8.0,15.0,2,3,4,0,3.0,169.04,0,5.13603370349059,1.3862943611198906,1.0986122886681096,False,True,False,False,True,False,0.4,18.78222222222222
0.0,7.0,3,1,5,0,2.0,132.29,0,4.892527205615926,1.0986122886681096,1.3862943611198906,False,False,True,False,True,False,0.5,132.29
9.0,6.0,5,4,8,1,7.0,122.16,1,4.8134843230563,2.0794415416798357,1.791759469228055,False,False,True,False,False,True,0.5555555555555556,12.216
15.0,23.0,2,5,4,1,2.0,165.45,0,5.114694964021034,1.0986122886681096,1.0986122886681096,False,True,False,False,False,True,0.4,10.340625
1.0,23.0,4,3,4,0,1.0,206.61,1,5.335661319688458,0.6931471805599453,1.6094379124341003,False,False,False,False,True,False,0.8,103.305
7.0,9.0,3,4,2,0,9.0,154.33,0,5.045551885999816,2.302585092994046,1.3862943611198906,False,True,False,False,True,False,1.0,19.29125
16.0,13.0,4,5,11,0,8.0,258.48,0,5.558679628344855,2.1972245773362196,1.6094379124341003,False,False,False,False,True,False,0.3333333333333333,15.204705882352942
16.0,22.0,3,2,6,1,9.0,260.64,0,5.566969513093012,2.302585092994046,1.3862943611198906,True,False,False,False,False,False,0.42857142857142855,15.331764705882351
4.0,9.0,3,5,2,1,3.0,130.65,0,4.8801468859423185,1.3862943611198906,1.3862943611198906,False,False,True,False,True,False,1.0,26.130000000000003
0.0,35.0,3,5,2,0,2.0,139.07,0,4.942142297650955,1.0986122886681096,1.3862943611198906,False,False,True,False,True,False,1.0,139.07
2.0,36.0,4,5,9,1,1.0,191.73,1,5.26129024571096,0.6931471805599453,1.6094379124341003,False,True,False,False,False,False,0.4,63.91
8.0,14.0,3,1,2,0,2.0,125.72,0,4.841979928066116,1.0986122886681096,1.3862943611198906,False,False,True,False,True,False,1.0,13.96888888888889
1.0,7.0,4,2,3,0,1.0,141.11,0,4.95660140560377,0.6931471805599453,1.6094379124341003,False,False,True,False,False,True,1.0,70.555
1.0,18.0,4,4,3,0,3.0,147.44,0,5.0001808361923965,1.3862943611198906,1.6094379124341003,False,False,True,False,True,False,1.0,73.72
1.0,14.0,6,3,3,1,7.0,185.74,1,5.22971727505578,2.0794415416798357,1.9459101490553132,False,True,False,False,False,True,1.5,92.87
8.0,8.0,3,4,6,0,2.0,144.25,0,4.978456395732021,1.0986122886681096,1.3862943611198906,False,True,False,False,False,True,0.42857142857142855,16.02777777777778
6.0,10.0,4,5,3,0,4.0,192.25,0,5.263984687467532,1.6094379124341003,1.6094379124341003,False,True,False,False,False,False,1.0,27.464285714285715
10.0,19.0,3,1,2,0,7.0,142.85,0,4.968771089997557,2.0794415416798357,1.3862943611198906,False,True,False,False,True,False,1.0,12.986363636363636
11.0,36.0,4,4,3,1,10.0,243.49,1,5.4991744082830065,2.3978952727983707,1.6094379124341003,False,False,False,False,True,False,1.0,20.290833333333335
19.0,14.0,3,1,2,0,0.0,125.87,1,4.843162940152507,0.0,1.3862943611198906,False,False,True,False,False,True,1.0,6.2935
6.0,8.0,4,1,3,0,47.0,229.22,0,5.439035373486916,3.8712010109078907,1.6094379124341003,False,False,False,False,True,False,1.0,32.745714285714286
19.0,30.0,4,5,3,1,9.0,161.33,0,5.089631300322754,2.302585092994046,1.6094379124341003,False,True,False,False,False,False,1.0,8.066500000000001
1.0,17.0,4,5,3,0,9.0,167.13,1,5.124737489690837,2.302585092994046,1.6094379124341003,False,True,False,False,False,True,1.0,83.565
6.0,23.0,3,3,2,0,0.0,274.44,0,5.618369819030268,0.0,1.3862943611198906,True,False,False,False,False,True,1.0,39.205714285714286
31.0,31.0,3,2,5,1,47.0,219.39,0,5.3953987041986,3.8712010109078907,1.3862943611198906,False,False,False,False,True,False,0.5,6.8559375
5.0,15.0,3,1,2,1,5.0,163.22,0,5.101206992280643,1.791759469228055,1.3862943611198906,False,True,False,False,True,False,1.0,27.203333333333333
1.0,12.0,2,3,5,1,4.0,149.32,1,5.01276635510521,1.6094379124341003,1.0986122886681096,False,False,True,False,False,True,0.3333333333333333,74.66
8.0,17.0,2,1,3,0,3.0,172.24,0,5.154677916346426,1.3862943611198906,1.0986122886681096,False,True,False,False,True,False,0.5,19.137777777777778
8.0,9.0,4,1,3,0,5.0,187.74,0,5.240370406593187,1.791759469228055,1.6094379124341003,False,True,False,False,False,True,1.0,20.86
27.0,10.0,4,3,5,1,4.0,300.84,0,5.7098970756560545,1.6094379124341003,1.6094379124341003,True,False,False,False,False,False,0.6666666666666666,10.744285714285713
21.0,9.0,5,2,3,1,3.0,157.94,0,5.068526772512033,1.3862943611198906,1.791759469228055,False,False,True,False,False,True,1.25,7.179090909090909
4.0,14.0,4,5,9,0,3.0,172.79,0,5.157847673776643,1.3862943611198906,1.6094379124341003,False,True,False,False,True,False,0.4,34.558
5.0,35.0,4,4,2,0,1.0,128.37,0,4.86267651592981,0.6931471805599453,1.6094379124341003,False,False,True,False,False,True,1.3333333333333333,21.395
28.0,8.0,3,4,4,0,47.0,209.76,0,5.350720045341085,3.8712010109078907,1.3862943611198906,False,False,False,False,True,False,0.6,7.233103448275862
5.0,18.0,4,2,5,1,3.0,148.56,0,5.007697650108913,1.3862943611198906,1.6094379124341003,False,False,True,False,False,False,0.6666666666666666,24.76
10.0,11.0,3,1,8,0,4.0,163.47,0,5.102728182753178,1.6094379124341003,1.3862943611198906,False,True,False,False,True,False,0.3333333333333333,14.860909090909091
0.0,22.0,3,5,6,0,2.0,153.24,1,5.038509830862235,1.0986122886681096,1.3862943611198906,False,True,False,False,False,True,0.42857142857142855,153.24
1.0,7.0,5,3,3,0,4.0,145.07,0,4.984085958862719,1.6094379124341003,1.791759469228055,False,False,True,False,True,False,1.25,72.535
16.0,17.0,4,3,5,0,4.0,154.36,0,5.045745004543015,1.6094379124341003,1.6094379124341003,False,False,True,False,True,False,0.6666666666666666,9.08
4.0,9.0,4,1,2,0,8.0,150.64,0,5.021509290648134,2.1972245773362196,1.6094379124341003,False,False,True,False,False,True,1.3333333333333333,30.127999999999997
9.0,13.0,4,4,2,0,1.0,121.41,0,4.807376066087421,0.6931471805599453,1.6094379124341003,False,False,True,False,True,False,1.3333333333333333,12.141
5.0,21.0,3,1,6,0,2.0,166.67,0,5.121997761949716,1.0986122886681096,1.3862943611198906,False,True,False,False,True,False,0.42857142857142855,27.778333333333332
1.0,19.0,4,1,5,1,8.0,170.81,1,5.146389215073875,2.1972245773362196,1.6094379124341003,False,True,False,False,False,True,0.6666666666666666,85.405
11.0,8.0,4,3,4,1,2.0,177.56,0,5.184924679192946,1.0986122886681096,1.6094379124341003,False,False,False,False,True,False,0.8,14.796666666666667
8.0,7.0,4,5,7,0,4.0,154.96,0,5.049599564114397,1.6094379124341003,1.6094379124341003,False,False,True,False,True,False,0.5,17.21777777777778
1.0,17.0,4,2,2,0,2.0,174.5,0,5.167639042905921,1.0986122886681096,1.6094379124341003,False,True,False,False,False,True,1.3333333333333333,87.25
10.0,15.0,5,5,3,0,10.0,200.87,0,5.307623925868336,2.3978952727983707,1.791759469228055,False,False,False,False,False,True,1.25,18.26090909090909
1.0,19.0,3,4,3,0,1.0,152.16,1,5.031483126609094,0.6931471805599453,1.3862943611198906,False,False,True,False,False,True,0.75,76.08
14.0,10.0,5,3,3,1,3.0,151.83,1,5.029326192539745,1.3862943611198906,1.791759469228055,False,False,True,False,True,False,1.25,10.122000000000002
1.0,9.0,4,3,8,0,2.0,168.82,1,5.134739052571217,1.0986122886681096,1.6094379124341003,False,False,True,False,False,True,0.4444444444444444,84.41
1.0,12.0,5,3,2,0,1.0,154.66,0,5.0476741415312425,0.6931471805599453,1.791759469228055,False,False,True,False,False,True,1.6666666666666667,77.33
9.0,16.0,4,4,2,1,0.0,118.59,1,4.7840692259807165,0.0,1.6094379124341003,False,False,True,False,False,True,1.3333333333333333,11.859
9.0,14.0,1,1,2,0,1.0,122.69,0,4.817778435386918,0.6931471805599453,0.6931471805599453,False,False,True,False,True,False,0.3333333333333333,12.269
12.0,9.0,4,3,1,0,7.0,130.69,0,4.880450675722129,2.0794415416798357,1.6094379124341003,False,True,False,False,True,False,2.0,10.053076923076922
7.0,8.0,3,1,2,0,11.0,166.87,0,5.123189870334323,2.4849066497880004,1.3862943611198906,False,True,False,False,False,True,1.0,20.85875
6.0,9.0,3,3,2,1,0.0,129.09,0,4.868226518613468,0.0,1.3862943611198906,False,False,True,False,True,False,1.0,18.44142857142857
9.0,8.0,6,1,3,0,2.0,154.77,0,5.048380560338515,1.0986122886681096,1.9459101490553132,False,False,True,False,True,False,1.5,15.477
21.0,7.0,4,1,7,0,0.0,282.65,0,5.647741083772576,0.0,1.6094379124341003,False,False,False,True,False,True,0.5,12.84772727272727
9.0,9.0,4,1,1,0,1.0,120.45,0,4.799502655448181,0.6931471805599453,1.6094379124341003,False,False,True,False,False,True,2.0,12.045
10.0,9.0,4,4,11,1,13.0,179.1,0,5.19351225218191,2.639057329615259,1.6094379124341003,False,True,False,False,False,True,0.3333333333333333,16.28181818181818
8.0,15.0,4,3,5,0,4.0,186.42,0,5.233352087695677,1.6094379124341003,1.6094379124341003,False,True,False,False,False,True,0.6666666666666666,20.71333333333333
3.0,11.0,3,1,3,0,4.0,194.19,0,5.2739734431585195,1.6094379124341003,1.3862943611198906,False,False,False,False,True,False,0.75,48.5475
10.0,16.0,3,5,7,0,3.0,134.52,0,4.909119230903745,1.3862943611198906,1.3862943611198906,False,False,True,False,True,False,0.375,12.22909090909091
1.0,9.0,5,3,8,1,1.0,145.9,1,4.989752083179832,0.6931471805599453,1.791759469228055,False,False,True,False,False,True,0.5555555555555556,72.95
0.0,13.0,3,3,2,1,2.0,128.86,1,4.866456947080341,1.0986122886681096,1.3862943611198906,False,False,True,False,False,False,1.0,128.86
25.0,21.0,4,2,6,0,8.0,174.36,0,5.166841003759651,2.1972245773362196,1.6094379124341003,False,True,False,False,False,False,0.5714285714285714,6.706153846153847
14.0,9.0,2,3,7,0,9.0,188.77,0,5.245812812565887,2.302585092994046,1.0986122886681096,False,True,False,False,True,False,0.25,12.584666666666667
1.0,25.0,4,5,2,0,3.0,131.96,0,4.890048331107138,1.3862943611198906,1.6094379124341003,False,False,True,False,True,False,1.3333333333333333,65.98
1.0,16.0,4,1,3,0,3.0,151.1,0,5.024538199265248,1.3862943611198906,1.6094379124341003,False,False,True,False,False,True,1.0,75.55
11.0,8.0,3,3,10,0,0.0,165.53,0,5.115175473370179,0.0,1.3862943611198906,False,True,False,False,True,False,0.2727272727272727,13.794166666666667
17.0,9.0,5,1,2,0,47.0,226.69,1,5.427985054670073,3.8712010109078907,1.791759469228055,False,False,False,False,True,False,1.6666666666666667,12.59388888888889
10.0,17.0,3,3,5,0,2.0,136.29,0,4.922095476909513,1.0986122886681096,1.3862943611198906,False,False,True,False,False,True,0.5,12.389999999999999
19.0,32.0,5,1,2,0,9.0,184.06,0,5.220680096820884,2.302585092994046,1.791759469228055,False,True,False,False,True,False,1.6666666666666667,9.203
9.0,11.0,4,5,7,0,0.0,121.07,1,4.804594650681708,0.0,1.6094379124341003,False,False,True,False,True,False,0.5,12.107
7.0,8.0,1,1,1,1,2.0,129.32,0,4.86999296429379,1.0986122886681096,0.6931471805599453,False,False,True,False,True,False,0.5,16.165
9.0,7.0,3,4,2,1,2.0,123.02,1,4.820442842921732,1.0986122886681096,1.3862943611198906,False,False,True,False,False,True,1.0,12.302
3.0,15.0,6,5,5,0,47.0,222.15,0,5.407844191075279,3.8712010109078907,1.9459101490553132,False,True,False,False,True,False,1.0,55.5375
4.0,12.0,5,3,3,0,3.0,186.18,0,5.23207072072911,1.3862943611198906,1.791759469228055,False,True,False,False,True,False,1.25,37.236000000000004
30.0,6.0,3,5,4,1,5.0,297.01,0,5.697127042989359,1.791759469228055,1.3862943611198906,False,False,False,True,False,False,0.6,9.580967741935483
1.0,17.0,4,3,3,1,2.0,135.09,1,4.913316431572226,1.0986122886681096,1.6094379124341003,False,False,True,False,False,True,1.0,67.545
9.0,9.0,3,2,2,0,0.0,117.06,0,4.771192969812543,0.0,1.3862943611198906,False,False,True,False,False,False,1.0,11.706
10.0,34.0,4,3,8,0,8.0,177.37,0,5.183860044570212,2.1972245773362196,1.6094379124341003,False,True,False,False,True,False,0.4444444444444444,16.124545454545455
1.0,8.0,6,3,3,0,1.0,138.59,1,4.938709554524667,0.6931471805599453,1.9459101490553132,False,False,True,False,False,True,1.5,69.295
5.0,19.0,4,3,3,0,9.0,320.45,1,5.772842010587696,2.302585092994046,1.6094379124341003,False,False,False,True,True,False,1.0,53.40833333333333
10.0,6.0,3,2,5,0,2.0,174.91,0,5.169972500610814,1.0986122886681096,1.3862943611198906,False,False,False,False,False,True,0.5,15.90090909090909
7.0,16.0,3,3,2,1,7.0,140.01,0,4.948830809849139,2.0794415416798357,1.3862943611198906,False,True,False,False,True,False,1.0,17.50125
15.0,11.0,3,4,10,1,7.0,184.46,1,5.22283922537208,2.0794415416798357,1.3862943611198906,False,False,False,False,False,True,0.2727272727272727,11.52875
17.0,10.0,3,4,10,0,3.0,159.33,0,5.077234191200746,1.3862943611198906,1.3862943611198906,False,True,False,False,False,True,0.2727272727272727,8.851666666666667
6.0,11.0,4,2,5,0,2.0,171.19,0,5.148598518298094,1.0986122886681096,1.6094379124341003,False,False,False,False,True,False,0.6666666666666666,24.455714285714286
1.0,9.0,4,1,8,1,3.0,162.22,1,5.095098984041097,1.3862943611198906,1.6094379124341003,False,False,True,False,True,False,0.4444444444444444,81.11
28.0,24.0,3,4,4,1,7.0,163.85,0,5.10503596951774,2.0794415416798357,1.3862943611198906,False,True,False,False,True,False,0.6,5.6499999999999995
7.0,13.0,3,1,2,0,0.0,129.72,0,4.873057631111693,0.0,1.3862943611198906,False,False,True,False,False,True,1.0,16.215
16.0,16.0,5,1,10,0,2.0,321.13,0,5.774955190776784,1.0986122886681096,1.791759469228055,False,False,False,True,False,True,0.45454545454545453,18.89
18.0,8.0,3,4,1,0,7.0,148.05,0,5.00428182012408,2.0794415416798357,1.3862943611198906,False,True,False,False,False,False,1.5,7.792105263157896
19.0,30.0,4,5,3,1,9.0,161.33,0,5.089631300322754,2.302585092994046,1.6094379124341003,False,True,False,False,True,False,1.0,8.066500000000001
0.0,8.0,3,3,3,0,0.0,134.85,1,4.911551335872357,0.0,1.3862943611198906,False,False,True,False,False,True,0.75,134.85
1.0,30.0,5,1,9,1,1.0,166.57,0,5.121401174412632,0.6931471805599453,1.791759469228055,False,True,False,False,True,False,0.5,83.285
19.0,8.0,3,1,8,1,2.0,293.28,0,5.684531695064064,1.0986122886681096,1.3862943611198906,False,False,False,True,True,False,0.3333333333333333,14.663999999999998
15.0,26.0,4,5,4,0,1.0,155.72,0,5.054460773636285,0.6931471805599453,1.6094379124341003,False,True,False,False,True,False,0.8,9.7325
30.0,30.0,4,4,6,1,10.0,259.02,0,5.560758551134023,2.3978952727983707,1.6094379124341003,True,False,False,False,False,False,0.5714285714285714,8.355483870967742
22.0,13.0,4,3,9,0,0.0,145.0,0,4.983606621708336,0.0,1.6094379124341003,False,False,False,False,False,True,0.4,6.304347826086956
10.0,15.0,3,4,2,0,7.0,188.34,0,5.243544340700745,2.0794415416798357,1.3862943611198906,False,False,False,False,True,False,1.0,17.12181818181818
1.0,9.0,4,5,5,0,1.0,148.22,0,5.005421727043368,0.6931471805599453,1.6094379124341003,False,False,True,False,True,False,0.6666666666666666,74.11
3.0,12.0,4,2,5,0,1.0,145.86,1,4.989479752023464,0.6931471805599453,1.6094379124341003,False,True,False,False,False,False,0.6666666666666666,36.465
5.0,15.0,4,2,3,0,10.0,232.93,0,5.455021925305676,2.3978952727983707,1.6094379124341003,False,False,False,False,True,False,1.0,38.821666666666665
1.0,10.0,5,3,3,0,3.0,155.33,0,5.051969157589233,1.3862943611198906,1.791759469228055,False,False,True,False,False,True,1.25,77.665
11.0,18.0,4,1,3,1,8.0,246.85,0,5.512823724466583,2.1972245773362196,1.6094379124341003,False,False,False,False,True,False,1.0,20.570833333333333
13.0,14.0,3,3,3,0,2.0,123.45,0,4.823904028813601,1.0986122886681096,1.3862943611198906,False,False,True,False,True,False,0.75,8.817857142857143
7.0,8.0,3,5,1,1,2.0,145.38,0,4.986205980173081,1.0986122886681096,1.3862943611198906,False,True,False,False,False,True,1.5,18.1725
2.0,8.0,3,1,2,0,3.0,188.53,0,5.2445473233382085,1.3862943611198906,1.3862943611198906,False,True,False,False,True,False,1.0,62.843333333333334
23.0,7.0,4,3,6,0,1.0,278.79,0,5.634039321778546,0.6931471805599453,1.6094379124341003,True,False,False,False,False,True,0.5714285714285714,11.61625
9.0,7.0,3,1,2,0,3.0,120.44,0,4.79942031364732,1.3862943611198906,1.3862943611198906,False,False,True,False,True,False,1.0,12.044
10.0,33.0,1,3,5,1,3.0,163.97,1,5.105763639187833,1.3862943611198906,0.6931471805599453,False,True,False,False,False,True,0.16666666666666666,14.906363636363636
1.0,29.0,4,3,3,1,1.0,141.75,1,4.96109484853612,0.6931471805599453,1.6094379124341003,False,False,True,False,False,True,1.0,70.875
13.0,14.0,3,1,9,0,0.0,124.06,0,4.828793622139152,0.0,1.3862943611198906,False,False,True,False,True,False,0.3,8.861428571428572
8.0,33.0,5,3,3,0,1.0,145.29,0,4.985590952989995,0.6931471805599453,1.791759469228055,False,False,True,False,True,False,1.25,16.14333333333333
1.0,11.0,4,3,3,0,1.0,148.18,0,5.005153630527017,0.6931471805599453,1.6094379124341003,False,False,True,False,False,True,1.0,74.09
9.0,9.0,4,1,1,0,4.0,176.44,0,5.178632523602057,1.6094379124341003,1.6094379124341003,False,False,False,False,True,False,2.0,17.644
0.0,10.0,3,4,2,0,2.0,132.95,0,4.897466595990617,1.0986122886681096,1.3862943611198906,False,False,True,False,False,True,1.0,132.95
4.0,8.0,3,5,8,0,3.0,153.32,0,5.0390283685974735,1.3862943611198906,1.3862943611198906,False,True,False,False,False,True,0.3333333333333333,30.663999999999998
1.0,11.0,3,5,1,0,3.0,184.63,0,5.223755445221132,1.3862943611198906,1.3862943611198906,False,True,False,False,False,True,1.5,92.315
1.0,9.0,4,3,3,1,5.0,169.78,0,5.14037617847946,1.791759469228055,1.6094379124341003,False,True,False,False,False,True,1.0,84.89
10.0,7.0,4,4,2,0,6.0,177.28,0,5.183355348078355,1.9459101490553132,1.6094379124341003,False,True,False,False,True,False,1.3333333333333333,16.116363636363637
1.0,17.0,4,5,3,0,47.0,212.93,0,5.365648858708322,3.8712010109078907,1.6094379124341003,False,False,False,False,True,False,1.0,106.465
11.0,6.0,4,2,5,0,1.0,186.86,0,5.2356970045663696,0.6931471805599453,1.6094379124341003,False,True,False,False,False,True,0.6666666666666666,15.571666666666667
13.0,13.0,2,3,4,0,7.0,207.37,0,5.339315345582109,2.0794415416798357,1.0986122886681096,False,False,False,False,True,False,0.4,14.812142857142858
9.0,14.0,4,3,5,0,47.0,227.21,0,5.43026625767732,3.8712010109078907,1.6094379124341003,False,False,False,False,False,True,0.6666666666666666,22.721
3.0,14.0,4,1,3,1,1.0,191.23,0,5.258692571764769,0.6931471805599453,1.6094379124341003,False,True,False,False,True,False,1.0,47.8075
4.0,36.0,4,5,10,0,4.0,166.15,0,5.118891612866108,1.6094379124341003,1.6094379124341003,False,True,False,False,True,False,0.36363636363636365,33.230000000000004
14.0,13.0,1,3,2,0,8.0,133.76,0,4.903495418538352,2.1972245773362196,0.6931471805599453,False,False,True,False,True,False,0.3333333333333333,8.917333333333334
1.0,21.0,4,3,3,0,1.0,140.14,0,4.949752305572684,0.6931471805599453,1.6094379124341003,False,False,True,False,False,True,1.0,70.07
9.0,27.0,3,2,8,0,2.0,122.58,0,4.816888719632834,1.0986122886681096,1.3862943611198906,False,False,True,False,False,False,0.3333333333333333,12.258
2.0,6.0,3,3,2,0,9.0,143.19,0,4.971131874318556,2.302585092994046,1.3862943611198906,False,True,False,False,True,False,1.0,47.73
1.0,28.0,5,5,2,0,1.0,147.96,0,5.003677813528757,0.6931471805599453,1.791759469228055,False,False,True,False,True,False,1.6666666666666667,73.98
9.0,31.0,3,4,2,1,8.0,120.22,1,4.797607076523139,2.1972245773362196,1.3862943611198906,False,False,True,False,True,False,1.0,12.022
5.0,10.0,4,3,2,0,8.0,161.62,0,5.091416190779691,2.1972245773362196,1.6094379124341003,False,True,False,False,False,False,1.3333333333333333,26.936666666666667
2.0,14.0,4,2,7,0,3.0,125.32,0,4.838818369947386,1.3862943611198906,1.6094379124341003,False,False,True,False,True,False,0.5,41.77333333333333
1.0,9.0,4,1,2,0,3.0,167.27,0,5.125569832188355,1.3862943611198906,1.6094379124341003,False,True,False,False,True,False,1.3333333333333333,83.635
14.0,9.0,4,4,3,0,4.0,189.38,0,5.249022074823159,1.6094379124341003,1.6094379124341003,False,True,False,False,True,False,1.0,12.625333333333334
9.0,10.0,4,2,2,0,8.0,158.1,0,5.069532935343741,2.1972245773362196,1.6094379124341003,False,True,False,False,False,True,1.3333333333333333,15.809999999999999
8.0,34.0,4,4,4,0,3.0,148.11,0,5.0046842886028164,1.3862943611198906,1.6094379124341003,False,False,True,False,False,True,0.8,16.456666666666667
9.0,30.0,4,5,5,1,3.0,165.14,0,5.112830806410925,1.3862943611198906,1.6094379124341003,False,False,True,False,True,False,0.6666666666666666,16.514
27.0,11.0,3,5,5,0,2.0,294.06,0,5.687178725489421,1.0986122886681096,1.3862943611198906,False,False,False,True,False,False,0.5,10.502142857142857
11.0,10.0,4,4,5,0,2.0,166.07,0,5.118412886269687,1.0986122886681096,1.6094379124341003,False,True,False,False,False,True,0.6666666666666666,13.839166666666666
9.0,6.0,3,2,5,0,0.0,166.53,0,5.121162439705441,0.0,1.3862943611198906,False,True,False,False,False,True,0.5,16.653
9.0,8.0,3,4,5,0,2.0,121.87,0,4.81112688587948,1.0986122886681096,1.3862943611198906,False,False,True,False,True,False,0.5,12.187000000000001
0.0,28.0,3,3,2,1,7.0,161.79,1,5.092461026620419,2.0794415416798357,1.3862943611198906,False,True,False,False,True,False,1.0,161.79
1.0,13.0,2,1,2,0,8.0,150.44,0,5.020189506901067,2.1972245773362196,1.0986122886681096,False,False,True,False,True,False,0.6666666666666666,75.22
20.0,10.0,3,1,2,1,7.0,141.63,0,4.960253864535331,2.0794415416798357,1.3862943611198906,False,True,False,False,False,True,1.0,6.744285714285714
31.0,7.0,4,3,4,0,3.0,192.55,0,5.265535877023657,1.3862943611198906,1.6094379124341003,False,True,False,False,True,False,0.8,6.0171875
19.0,24.0,3,3,3,0,8.0,148.1,0,5.004617221770693,2.1972245773362196,1.3862943611198906,False,True,False,False,True,False,0.75,7.404999999999999
13.0,15.0,4,3,3,0,8.0,162.55,0,5.097118753984393,2.1972245773362196,1.6094379124341003,False,False,True,False,False,False,1.0,11.610714285714286
26.0,13.0,3,3,4,0,7.0,286.06,0,5.659691253143234,2.0794415416798357,1.3862943611198906,False,False,False,True,True,False,0.6,10.594814814814814
6.0,14.0,3,4,3,0,4.0,152.94,0,5.036562916106171,1.6094379124341003,1.3862943611198906,False,False,True,False,False,False,0.75,21.84857142857143
5.0,6.0,3,2,1,0,2.0,123.14,0,4.821409960985506,1.0986122886681096,1.3862943611198906,False,False,True,False,True,False,1.5,20.523333333333333
13.0,17.0,4,5,4,0,8.0,178.77,0,5.191678256058324,2.1972245773362196,1.6094379124341003,False,True,False,False,True,False,0.8,12.769285714285715
5.0,14.0,1,2,2,0,8.0,162.09,0,5.094302195668827,2.1972245773362196,0.6931471805599453,False,True,False,False,False,False,0.3333333333333333,27.015
8.0,8.0,5,4,7,0,3.0,157.94,0,5.068526772512033,1.3862943611198906,1.791759469228055,False,False,True,False,True,False,0.625,17.54888888888889
3.0,10.0,4,3,6,1,1.0,177.38,1,5.183916106238061,0.6931471805599453,1.6094379124341003,False,True,False,False,True,False,0.5714285714285714,44.345
0.0,10.0,4,1,1,0,4.0,131.62,0,4.887487895940722,1.6094379124341003,1.6094379124341003,False,False,True,False,True,False,2.0,131.62
16.0,21.0,4,3,2,0,11.0,276.03,0,5.6241258035720625,2.4849066497880004,1.6094379124341003,True,False,False,False,True,False,1.3333333333333333,16.23705882352941
18.0,14.0,3,1,10,0,8.0,136.97,0,4.927036270219942,2.1972245773362196,1.3862943611198906,False,True,False,False,True,False,0.2727272727272727,7.208947368421053
2.0,29.0,3,5,1,0,3.0,139.04,1,4.941928096086465,1.3862943611198906,1.3862943611198906,False,False,True,False,False,True,1.5,46.346666666666664
7.0,14.0,3,5,5,0,2.0,123.62,1,4.825269107116076,1.0986122886681096,1.3862943611198906,False,False,True,False,False,False,0.5,15.4525
7.0,7.0,2,5,3,0,9.0,165.37,0,5.1142142236716515,2.302585092994046,1.0986122886681096,False,True,False,False,True,False,0.5,20.67125
6.0,15.0,2,2,3,0,9.0,187.09,0,5.236920571682713,2.302585092994046,1.0986122886681096,False,True,False,False,False,False,0.5,26.72714285714286
13.0,26.0,4,1,10,0,3.0,164.02,0,5.106066678676197,1.3862943611198906,1.6094379124341003,False,True,False,False,True,False,0.36363636363636365,11.715714285714286
2.0,23.0,2,5,2,0,8.0,181.61,0,5.207352731173943,2.1972245773362196,1.0986122886681096,False,True,False,False,False,True,0.6666666666666666,60.53666666666667
1.0,23.0,3,5,2,0,8.0,145.58,0,4.987571354497704,2.1972245773362196,1.3862943611198906,False,True,False,False,True,False,1.0,72.79
6.0,14.0,3,3,1,0,2.0,171.04,0,5.1477270079155355,1.0986122886681096,1.3862943611198906,False,True,False,False,True,False,1.5,24.434285714285714
25.0,16.0,4,1,5,0,4.0,145.75,0,4.988730458708206,1.6094379124341003,1.6094379124341003,False,False,True,False,True,False,0.6666666666666666,5.605769230769231
9.0,16.0,5,3,3,1,16.0,231.85,0,5.450394469428386,2.833213344056216,1.791759469228055,False,False,False,False,False,False,1.25,23.185
14.0,9.0,4,3,4,0,3.0,148.45,0,5.006961888729947,1.3862943611198906,1.6094379124341003,False,False,True,False,True,False,0.8,9.896666666666667
7.0,14.0,3,5,5,0,2.0,123.62,1,4.825269107116076,1.0986122886681096,1.3862943611198906,False,False,True,False,True,False,0.5,15.4525
13.0,10.0,3,4,11,0,7.0,188.89,0,5.246444957137325,2.0794415416798357,1.3862943611198906,False,True,False,False,False,False,0.25,13.492142857142856
0.0,30.0,4,4,1,1,10.0,145.99,1,4.990364557253896,2.3978952727983707,1.6094379124341003,False,True,False,False,False,True,2.0,145.99
25.0,14.0,3,5,10,0,4.0,129.5,0,4.871373226762748,1.6094379124341003,1.3862943611198906,False,False,True,False,False,False,0.2727272727272727,4.980769230769231
6.0,14.0,3,3,3,1,0.0,163.88,0,5.1052179365822035,0.0,1.3862943611198906,False,True,False,False,False,True,0.75,23.41142857142857
5.0,15.0,4,1,3,0,9.0,169.24,0,5.13720920615328,2.302585092994046,1.6094379124341003,False,True,False,False,False,True,1.0,28.206666666666667
4.0,14.0,4,3,3,0,10.0,159.91,0,5.080845202471059,2.3978952727983707,1.6094379124341003,False,True,False,False,True,False,1.0,31.982
11.0,7.0,6,1,3,0,47.0,220.25,0,5.3992932838880385,3.8712010109078907,1.9459101490553132,False,True,False,False,True,False,1.5,18.354166666666668
12.0,21.0,4,4,2,0,47.0,224.24,0,5.417166500386418,3.8712010109078907,1.6094379124341003,False,True,False,False,True,False,1.3333333333333333,17.24923076923077
15.0,7.0,3,5,3,0,8.0,208.92,0,5.346726505755724,2.1972245773362196,1.3862943611198906,False,False,False,False,False,False,0.75,13.0575
4.0,14.0,4,5,9,0,3.0,172.79,0,5.157847673776643,1.3862943611198906,1.6094379124341003,False,True,False,False,True,False,0.4,34.558
14.0,6.0,4,3,2,0,10.0,291.89,0,5.67979711190569,2.3978952727983707,1.6094379124341003,False,False,False,True,True,False,1.3333333333333333,19.459333333333333
1.0,11.0,4,5,2,1,47.0,220.82,1,5.401866242176595,3.8712010109078907,1.6094379124341003,False,False,False,False,False,True,1.3333333333333333,110.41
8.0,15.0,2,3,3,0,9.0,192.99,0,5.267806611343015,2.302585092994046,1.0986122886681096,False,True,False,False,True,False,0.5,21.443333333333335
1.0,33.0,5,3,3,1,4.0,153.14,0,5.037861280349847,1.6094379124341003,1.791759469228055,False,False,True,False,True,False,1.25,76.57
0.0,14.0,5,5,2,0,1.0,124.51,0,4.832385436672355,0.6931471805599453,1.791759469228055,False,False,True,False,True,False,1.6666666666666667,124.51
9.0,9.0,3,4,5,0,7.0,144.85,0,4.98257869631373,2.0794415416798357,1.3862943611198906,False,True,False,False,False,True,0.5,14.485
11.0,18.0,4,2,3,1,8.0,246.85,0,5.512823724466583,2.1972245773362196,1.6094379124341003,False,False,False,False,True,False,1.0,20.570833333333333
23.0,25.0,4,2,3,1,8.0,193.04,0,5.268064323377016,2.1972245773362196,1.6094379124341003,False,True,False,False,True,False,1.0,8.043333333333333
1.0,27.0,4,3,3,0,47.0,224.81,0,5.41969393771455,3.8712010109078907,1.6094379124341003,False,True,False,False,False,True,1.0,112.405
5.0,12.0,4,5,2,0,47.0,224.36,0,5.417699123568117,3.8712010109078907,1.6094379124341003,False,True,False,False,False,True,1.3333333333333333,37.39333333333334
17.0,7.0,1,5,3,0,2.0,150.33,0,5.019462882698935,1.0986122886681096,0.6931471805599453,False,True,False,False,True,False,0.25,8.351666666666667
16.0,15.0,4,2,3,0,10.0,309.3,0,5.7375395714543345,2.3978952727983707,1.6094379124341003,False,False,False,True,True,False,1.0,18.194117647058825
1.0,7.0,5,5,7,0,1.0,167.98,0,5.129780364724699,0.6931471805599453,1.791759469228055,False,True,False,False,False,False,0.625,83.99
8.0,17.0,4,3,3,1,1.0,147.2,0,4.998562712861986,0.6931471805599453,1.6094379124341003,False,False,True,False,True,False,1.0,16.355555555555554
16.0,9.0,6,1,3,0,10.0,323.45,1,5.782131441067177,2.3978952727983707,1.9459101490553132,False,False,False,True,True,False,1.5,19.026470588235295
9.0,9.0,3,3,2,0,0.0,114.2,1,4.746669748261791,0.0,1.3862943611198906,False,False,True,False,False,True,1.0,11.42
7.0,15.0,5,1,2,0,3.0,148.42,0,5.0067611325476555,1.3862943611198906,1.791759469228055,False,False,True,False,False,True,1.6666666666666667,18.5525
18.0,10.0,5,3,5,0,3.0,197.56,0,5.291091321456297,1.3862943611198906,1.791759469228055,False,False,False,False,True,False,0.8333333333333334,10.397894736842105
23.0,13.0,5,3,4,1,13.0,264.66,0,5.582217295704357,2.639057329615259,1.791759469228055,True,False,False,False,True,False,1.0,11.027500000000002
4.0,23.0,2,3,5,0,8.0,177.94,0,5.18705055411945,2.1972245773362196,1.0986122886681096,False,True,False,False,True,False,0.3333333333333333,35.588
23.0,6.0,3,1,4,0,6.0,295.17,0,5.69093361378729,1.9459101490553132,1.3862943611198906,False,False,False,True,True,False,0.6,12.29875
23.0,14.0,4,4,5,0,47.0,229.66,0,5.440944764797793,3.8712010109078907,1.6094379124341003,False,False,False,False,True,False,0.6666666666666666,9.569166666666666
1.0,17.0,2,3,4,0,3.0,145.73,0,4.988594163219376,1.3862943611198906,1.0986122886681096,False,False,True,False,True,False,0.4,72.865
23.0,29.0,4,4,5,0,3.0,289.13,0,5.670329098396982,1.3862943611198906,1.6094379124341003,True,False,False,False,True,False,0.6666666666666666,12.047083333333333
4.0,15.0,3,4,2,0,8.0,206.48,0,5.335034949483199,2.1972245773362196,1.3862943611198906,False,False,False,False,True,False,1.0,41.296
0.0,19.0,3,5,3,0,2.0,142.33,1,4.965149663935124,1.0986122886681096,1.3862943611198906,False,True,False,False,True,False,0.75,142.33
6.0,9.0,4,5,3,0,1.0,153.27,0,5.038704314023848,0.6931471805599453,1.6094379124341003,False,False,True,False,True,False,1.0,21.895714285714288
21.0,22.0,3,3,9,0,7.0,164.39,0,5.108306321269702,2.0794415416798357,1.3862943611198906,False,True,False,False,True,False,0.3,7.472272727272727
6.0,7.0,5,4,8,0,3.0,148.32,0,5.006091654046383,1.3862943611198906,1.791759469228055,False,False,True,False,True,False,0.5555555555555556,21.18857142857143
9.0,31.0,3,4,2,1,8.0,120.22,1,4.797607076523139,2.1972245773362196,1.3862943611198906,False,False,True,False,True,False,1.0,12.022
19.0,6.0,3,5,7,0,7.0,134.23,0,4.906977032485268,2.0794415416798357,1.3862943611198906,False,False,True,False,False,True,0.375,6.711499999999999
20.0,9.0,4,5,5,0,2.0,314.47,0,5.754063590296964,1.0986122886681096,1.6094379124341003,False,False,False,True,False,True,0.6666666666666666,14.974761904761905
4.0,15.0,3,4,2,0,8.0,206.48,0,5.335034949483199,2.1972245773362196,1.3862943611198906,False,False,False,False,True,False,1.0,41.296
1.0,12.0,3,4,3,1,3.0,148.28,0,5.005823737099034,1.3862943611198906,1.3862943611198906,False,False,True,False,True,False,0.75,74.14
7.0,22.0,4,1,2,1,2.0,37.0,0,3.6375861597263857,1.0986122886681096,1.6094379124341003,False,True,False,False,True,False,1.3333333333333333,4.625
0.0,8.0,3,5,8,0,7.0,127.07,1,4.85257698943798,2.0794415416798357,1.3862943611198906,False,False,True,False,False,False,0.3333333333333333,127.07
18.0,8.0,4,1,10,0,8.0,267.92,0,5.594413937600836,2.1972245773362196,1.6094379124341003,True,False,False,False,True,False,0.36363636363636365,14.101052631578948
1.0,11.0,5,3,7,0,3.0,163.94,1,5.105581771405209,1.3862943611198906,1.791759469228055,False,False,True,False,False,True,0.625,81.97
15.0,34.0,4,1,1,0,4.0,145.23,0,4.985180724623787,1.6094379124341003,1.6094379124341003,False,True,False,False,True,False,2.0,9.076875
26.0,9.0,5,1,9,0,3.0,157.12,0,5.063354238428484,1.3862943611198906,1.791759469228055,False,False,True,False,False,True,0.5,5.819259259259259
5.0,14.0,5,3,3,0,47.0,214.43,0,5.372636030790336,3.8712010109078907,1.791759469228055,False,False,False,False,False,False,1.25,35.73833333333334
14.0,26.0,4,1,10,1,8.0,152.41,0,5.033114075856682,2.1972245773362196,1.6094379124341003,False,True,False,False,True,False,0.36363636363636365,10.160666666666666
9.0,13.0,1,1,5,0,2.0,120.89,0,4.803118998667745,1.0986122886681096,0.6931471805599453,False,False,True,False,True,False,0.16666666666666666,12.089
6.0,34.0,3,3,2,1,7.0,152.07,0,5.030895333103616,2.0794415416798357,1.3862943611198906,False,True,False,False,True,False,1.0,21.724285714285713
17.0,9.0,4,1,3,1,9.0,203.47,0,5.3204212654549625,2.302585092994046,1.6094379124341003,False,True,False,False,True,False,1.0,11.303888888888888
0.0,14.0,4,5,5,1,0.0,123.35,1,4.823100170249414,0.0,1.6094379124341003,False,False,True,False,True,False,0.6666666666666666,123.35
1.0,30.0,2,1,3,1,5.0,152.25,0,5.032070574816321,1.791759469228055,1.0986122886681096,False,False,True,False,True,False,0.5,76.125
14.0,19.0,4,5,4,0,8.0,169.48,0,5.1386179877903615,2.1972245773362196,1.6094379124341003,False,True,False,False,True,False,0.8,11.298666666666666
13.0,12.0,3,1,2,1,7.0,264.37,0,5.581125078583557,2.0794415416798357,1.3862943611198906,True,False,False,False,False,True,1.0,18.88357142857143
14.0,21.0,5,3,3,0,10.0,321.26,0,5.775358673145423,2.3978952727983707,1.791759469228055,False,False,False,True,False,True,1.25,21.417333333333332
13.0,8.0,3,4,8,0,3.0,157.15,0,5.063543949751658,1.3862943611198906,1.3862943611198906,False,True,False,False,True,False,0.3333333333333333,11.225
0.0,8.0,5,2,6,1,2.0,134.64,1,4.910004317257438,1.0986122886681096,1.791759469228055,False,False,True,False,False,False,0.7142857142857143,134.64
19.0,7.0,3,5,7,0,7.0,134.23,0,4.906977032485268,2.0794415416798357,1.3862943611198906,False,False,True,False,False,True,0.375,6.711499999999999
8.0,8.0,4,4,3,0,4.0,202.74,0,5.31684467116192,1.6094379124341003,1.6094379124341003,False,False,False,False,True,False,1.0,22.526666666666667
17.0,35.0,3,1,2,0,17.0,145.41,0,4.986410905205391,2.8903717578961645,1.3862943611198906,False,True,False,False,False,True,1.0,8.078333333333333
4.0,23.0,4,1,3,0,9.0,153.62,0,5.0409704938923285,2.302585092994046,1.6094379124341003,False,False,True,False,True,False,1.0,30.724
1.0,19.0,4,1,5,1,8.0,170.81,1,5.146389215073875,2.1972245773362196,1.6094379124341003,False,True,False,False,False,True,0.6666666666666666,85.405
8.0,9.0,4,5,2,1,3.0,170.38,0,5.1438833132409725,1.3862943611198906,1.6094379124341003,False,True,False,False,False,True,1.3333333333333333,18.93111111111111
1.0,16.0,5,4,3,0,1.0,151.94,0,5.030045687616079,0.6931471805599453,1.791759469228055,False,False,True,False,True,False,1.25,75.97
14.0,23.0,4,1,8,1,4.0,204.45,0,5.325202695329419,1.6094379124341003,1.6094379124341003,False,False,False,False,False,True,0.4444444444444444,13.629999999999999
23.0,23.0,4,5,6,1,3.0,150.87,0,5.023024891742178,1.3862943611198906,1.6094379124341003,False,False,True,False,True,False,0.5714285714285714,6.28625
6.0,6.0,4,5,4,1,2.0,127.99,0,4.859734881977045,1.0986122886681096,1.6094379124341003,False,False,True,False,False,True,0.8,18.284285714285712
1.0,29.0,4,3,6,1,2.0,146.32,1,4.992607091576865,1.0986122886681096,1.6094379124341003,False,False,True,False,True,False,0.5714285714285714,73.16
26.0,14.0,3,2,3,0,2.0,124.5,0,4.832305758571839,1.0986122886681096,1.3862943611198906,False,True,False,False,False,True,0.75,4.611111111111111
5.0,14.0,4,5,3,0,13.0,168.06,0,5.130253681500782,2.639057329615259,1.6094379124341003,False,True,False,False,False,False,1.0,28.01
19.0,9.0,4,5,7,1,5.0,323.59,1,5.782562847458682,1.791759469228055,1.6094379124341003,False,False,False,True,False,False,0.5,16.179499999999997
9.0,15.0,3,1,2,0,4.0,120.7,0,4.801558999993482,1.6094379124341003,1.3862943611198906,False,False,True,False,True,False,1.0,12.07
15.0,10.0,3,2,2,0,15.0,292.32,0,5.681264163225599,2.772588722239781,1.3862943611198906,False,False,False,True,False,False,1.0,18.27
4.0,16.0,4,1,2,1,8.0,188.47,0,5.2442307006442705,2.1972245773362196,1.6094379124341003,False,True,False,False,True,False,1.3333333333333333,37.694
21.0,28.0,3,1,4,0,7.0,271.74,0,5.608518960429688,2.0794415416798357,1.3862943611198906,True,False,False,False,True,False,0.6,12.351818181818182
13.0,22.0,3,1,7,1,3.0,179.45,0,5.195453731088797,1.3862943611198906,1.3862943611198906,False,False,False,False,False,True,0.375,12.817857142857141
23.0,23.0,4,5,6,0,11.0,232.69,0,5.4539954507277155,2.4849066497880004,1.6094379124341003,False,False,False,False,True,False,0.5714285714285714,9.695416666666667
7.0,14.0,4,4,2,0,3.0,168.02,0,5.1300170511163365,1.3862943611198906,1.6094379124341003,False,True,False,False,True,False,1.3333333333333333,21.0025
0.0,14.0,4,5,8,0,0.0,125.61,1,4.841111495532162,0.0,1.6094379124341003,False,False,True,False,False,True,0.4444444444444444,125.61
14.0,17.0,5,4,9,0,4.0,193.52,0,5.270534985535585,1.6094379124341003,1.791759469228055,False,True,False,False,True,False,0.5,12.901333333333334
0.0,10.0,4,5,2,0,3.0,142.56,0,4.966753066279407,1.3862943611198906,1.6094379124341003,False,True,False,False,False,False,1.3333333333333333,142.56
0.0,16.0,3,3,2,1,3.0,142.6,0,4.9670316566141235,1.3862943611198906,1.3862943611198906,False,True,False,False,True,False,1.0,142.6
1.0,10.0,5,1,2,0,2.0,145.45,0,4.986684073273742,1.0986122886681096,1.791759469228055,False,False,True,False,False,True,1.6666666666666667,72.725
23.0,9.0,3,4,2,0,7.0,282.0,0,5.645446897643238,2.0794415416798357,1.3862943611198906,False,False,False,True,True,False,1.0,11.75
1.0,14.0,4,1,3,0,8.0,150.7,0,5.021904886354487,2.1972245773362196,1.6094379124341003,False,False,True,False,False,True,1.0,75.35
0.0,14.0,4,1,2,1,0.0,124.39,1,4.831428880202447,0.0,1.6094379124341003,False,False,True,False,False,True,1.3333333333333333,124.39
5.0,15.0,4,4,5,0,1.0,289.22,0,5.670639256062947,0.6931471805599453,1.6094379124341003,True,False,False,False,False,True,0.6666666666666666,48.20333333333334
6.0,20.0,4,1,4,0,4.0,169.03,0,5.135974892069394,1.6094379124341003,1.6094379124341003,False,True,False,False,True,False,0.8,24.147142857142857
6.0,6.0,1,5,2,0,8.0,140.37,0,4.9513805668789415,2.1972245773362196,0.6931471805599453,False,True,False,False,True,False,0.3333333333333333,20.052857142857142
0.0,11.0,4,3,1,0,0.0,129.66,0,4.872598529412604,0.0,1.6094379124341003,False,False,True,False,False,True,2.0,129.66
4.0,23.0,4,3,10,0,3.0,178.01,0,5.1874416702021,1.3862943611198906,1.6094379124341003,False,True,False,False,True,False,0.36363636363636365,35.602
3.0,14.0,3,2,1,0,7.0,125.64,0,4.841348415572757,2.0794415416798357,1.3862943611198906,False,False,True,False,False,True,1.5,31.41
14.0,27.0,4,1,6,0,47.0,228.22,0,5.434682241068553,3.8712010109078907,1.6094379124341003,False,False,False,False,True,False,0.5714285714285714,15.214666666666666
9.0,26.0,3,4,1,1,4.0,121.48,1,4.807947751349428,1.6094379124341003,1.3862943611198906,False,False,True,False,True,False,1.5,12.148
0.0,21.0,3,3,8,1,7.0,236.1,1,5.46848199307136,2.0794415416798357,1.3862943611198906,False,False,False,False,False,False,0.3333333333333333,236.1
9.0,15.0,3,5,2,0,0.0,117.9,1,4.778282803696737,0.0,1.3862943611198906,False,False,True,False,True,False,1.0,11.790000000000001
9.0,21.0,5,1,2,0,11.0,154.06,0,5.043812138790813,2.4849066497880004,1.791759469228055,False,True,False,False,True,False,1.6666666666666667,15.406
10.0,11.0,5,2,3,0,9.0,183.1,0,5.215479088239032,2.302585092994046,1.791759469228055,False,True,False,False,False,True,1.25,16.645454545454545
7.0,28.0,2,4,3,0,14.0,145.28,0,4.98552259328118,2.70805020110221,1.0986122886681096,False,False,True,False,True,False,0.5,18.16
20.0,14.0,4,3,10,0,9.0,148.39,1,5.006560336054226,2.302585092994046,1.6094379124341003,False,False,True,False,True,False,0.36363636363636365,7.066190476190475
25.0,18.0,5,4,5,0,4.0,256.42,0,5.550708992221232,1.6094379124341003,1.791759469228055,True,False,False,False,False,True,0.8333333333333334,9.862307692307693
21.0,21.0,4,4,10,0,8.0,179.67,0,5.196672162785836,2.1972245773362196,1.6094379124341003,False,True,False,False,True,False,0.36363636363636365,8.166818181818181
12.0,7.0,2,3,3,0,1.0,153.44,0,5.039805671396036,0.6931471805599453,1.0986122886681096,False,False,True,False,True,False,0.5,11.803076923076922
13.0,30.0,3,1,2,0,7.0,133.19,0,4.899256706112866,2.0794415416798357,1.3862943611198906,False,True,False,False,True,False,1.0,9.513571428571428
9.0,8.0,5,1,2,0,1.0,178.63,0,5.190899179780744,0.6931471805599453,1.791759469228055,False,True,False,False,True,False,1.6666666666666667,17.863
16.0,9.0,4,3,2,1,11.0,303.61,0,5.719032269863077,2.4849066497880004,1.6094379124341003,True,False,False,False,False,False,1.3333333333333333,17.859411764705882
19.0,31.0,4,4,3,0,5.0,146.77,0,4.995657010915543,1.791759469228055,1.6094379124341003,False,False,True,False,False,True,1.0,7.338500000000001
13.0,10.0,2,4,11,0,7.0,188.89,0,5.246444957137325,2.0794415416798357,1.0986122886681096,False,True,False,False,True,False,0.16666666666666666,13.492142857142856
22.0,9.0,2,4,7,0,1.0,150.59,0,5.021179507971927,0.6931471805599453,1.0986122886681096,False,False,True,False,False,True,0.25,6.547391304347826
0.0,9.0,3,3,2,0,7.0,140.84,1,4.954699661765953,2.0794415416798357,1.3862943611198906,False,False,True,False,False,True,1.0,140.84
13.0,7.0,5,1,3,0,9.0,252.42,0,5.5350481913707625,2.302585092994046,1.791759469228055,True,False,False,False,True,False,1.25,18.029999999999998
13.0,14.0,4,4,3,0,8.0,237.57,0,5.474662768313607,2.1972245773362196,1.6094379124341003,False,False,False,False,True,False,1.0,16.969285714285714
3.0,12.0,5,4,3,1,10.0,166.87,0,5.123189870334323,2.3978952727983707,1.791759469228055,False,True,False,False,True,False,1.25,41.7175
18.0,19.0,1,3,7,1,8.0,236.95,1,5.4720605675671194,2.1972245773362196,0.6931471805599453,True,False,False,False,False,True,0.125,12.471052631578948
1.0,12.0,4,3,8,0,1.0,308.03,0,5.733438359563712,0.6931471805599453,1.6094379124341003,False,False,False,True,True,False,0.4444444444444444,154.015
12.0,7.0,4,4,2,1,3.0,154.91,0,5.0492789176884605,1.3862943611198906,1.6094379124341003,False,False,True,False,True,False,1.3333333333333333,11.916153846153845
4.0,8.0,4,4,3,0,8.0,162.48,0,5.096690658696076,2.1972245773362196,1.6094379124341003,False,False,True,False,True,False,1.0,32.495999999999995
19.0,35.0,5,4,3,0,7.0,292.04,0,5.680309118470559,2.0794415416798357,1.791759469228055,True,False,False,False,False,True,1.25,14.602
9.0,6.0,3,1,2,1,11.0,162.01,0,5.0938115486181985,2.4849066497880004,1.3862943611198906,False,True,False,False,True,False,1.0,16.201
0.0,6.0,4,5,6,0,0.0,142.98,0,4.969674401041157,0.0,1.6094379124341003,False,True,False,False,False,False,0.5714285714285714,142.98
8.0,5.0,3,5,2,0,8.0,190.69,0,5.255879483850069,2.1972245773362196,1.3862943611198906,False,False,False,False,True,False,1.0,21.18777777777778
1.0,15.0,4,5,3,1,1.0,148.98,1,5.010501951873243,0.6931471805599453,1.6094379124341003,False,False,True,False,True,False,1.0,74.49
10.0,15.0,4,3,3,0,47.0,225.96,0,5.424773790500596,3.8712010109078907,1.6094379124341003,False,False,False,False,True,False,1.0,20.541818181818183
22.0,9.0,4,5,5,0,2.0,147.89,0,5.003207778267459,1.0986122886681096,1.6094379124341003,False,True,False,False,True,False,0.6666666666666666,6.43
8.0,24.0,3,3,2,1,2.0,156.89,0,5.061898588033797,1.0986122886681096,1.3862943611198906,False,True,False,False,True,False,1.0,17.432222222222222
1.0,19.0,4,2,3,1,1.0,150.15,1,5.018272721225467,0.6931471805599453,1.6094379124341003,False,False,True,False,False,False,1.0,75.075
1.0,16.0,5,5,9,0,4.0,159.07,1,5.075611219558606,1.6094379124341003,1.791759469228055,False,False,True,False,False,True,0.5,79.535
18.0,7.0,2,5,4,0,3.0,175.33,0,5.172357239419832,1.3862943611198906,1.0986122886681096,False,True,False,False,True,False,0.4,9.227894736842106
4.0,7.0,4,1,3,0,8.0,165.11,0,5.112650219502986,2.1972245773362196,1.6094379124341003,False,True,False,False,False,True,1.0,33.022000000000006
12.0,9.0,4,3,8,1,2.0,155.57,0,5.053503194323431,1.0986122886681096,1.6094379124341003,False,False,True,False,False,False,0.4444444444444444,11.966923076923077
22.0,9.0,4,1,4,0,8.0,165.51,0,5.115055367677026,2.1972245773362196,1.6094379124341003,False,True,False,False,True,False,0.8,7.1960869565217385
2.0,25.0,4,3,2,0,4.0,186.2,0,5.232177564043492,1.6094379124341003,1.6094379124341003,False,True,False,False,True,False,1.3333333333333333,62.06666666666666
1.0,10.0,3,2,3,1,5.0,171.47,0,5.1502233083033095,1.791759469228055,1.3862943611198906,False,True,False,False,True,False,0.75,85.735
1.0,7.0,3,1,2,0,2.0,127.06,0,4.852498904090656,1.0986122886681096,1.3862943611198906,False,False,True,False,True,False,1.0,63.53
3.0,34.0,4,3,6,0,2.0,168.35,0,5.13196757926378,1.0986122886681096,1.6094379124341003,False,True,False,False,True,False,0.5714285714285714,42.0875
16.0,8.0,4,1,1,0,9.0,201.69,1,5.311677718249873,2.302585092994046,1.6094379124341003,False,False,False,False,True,False,2.0,11.864117647058823
14.0,13.0,3,3,7,0,1.0,150.03,0,5.01747849257825,0.6931471805599453,1.3862943611198906,False,True,False,False,False,True,0.375,10.002
12.0,12.0,3,4,5,0,2.0,183.76,0,5.2190576855624045,1.0986122886681096,1.3862943611198906,False,False,False,False,False,True,0.5,14.135384615384615
10.0,10.0,3,2,5,0,8.0,0.0,0,0.0,2.1972245773362196,1.3862943611198906,False,False,True,False,True,False,0.5,0.0
18.0,35.0,3,1,6,0,3.0,134.52,0,4.909119230903745,1.3862943611198906,1.3862943611198906,False,False,True,False,False,True,0.42857142857142855,7.080000000000001
20.0,10.0,3,2,2,1,7.0,141.63,0,4.960253864535331,2.0794415416798357,1.3862943611198906,False,True,False,False,False,True,1.0,6.744285714285714
1.0,25.0,4,3,2,1,3.0,171.14,1,5.148308099221328,1.3862943611198906,1.6094379124341003,False,True,False,False,True,False,1.3333333333333333,85.57
26.0,14.0,3,1,3,0,2.0,124.5,0,4.832305758571839,1.0986122886681096,1.3862943611198906,False,True,False,False,False,True,0.75,4.611111111111111
9.0,15.0,1,4,2,0,2.0,128.1,0,4.860587297852597,1.0986122886681096,0.6931471805599453,False,False,True,False,True,False,0.3333333333333333,12.809999999999999
21.0,6.0,1,2,3,0,1.0,268.85,0,5.597866249064652,0.6931471805599453,0.6931471805599453,True,False,False,False,False,True,0.25,12.220454545454546
2.0,8.0,3,1,8,0,47.0,221.69,1,5.405780669797565,3.8712010109078907,1.3862943611198906,True,False,False,False,True,False,0.3333333333333333,73.89666666666666
16.0,12.0,4,3,8,0,14.0,293.92,0,5.68670413312145,2.70805020110221,1.6094379124341003,False,False,False,True,True,False,0.4444444444444444,17.289411764705882
1.0,16.0,3,4,2,0,0.0,110.52,0,4.714203947012214,0.0,1.3862943611198906,False,False,True,False,True,False,1.0,55.26
7.0,14.0,1,3,2,0,8.0,167.99,0,5.129839541574732,2.1972245773362196,0.6931471805599453,False,True,False,False,True,False,0.3333333333333333,20.99875
20.0,9.0,4,1,6,1,47.0,228.68,0,5.436687035812809,3.8712010109078907,1.6094379124341003,False,False,False,False,True,False,0.5714285714285714,10.88952380952381
30.0,7.0,4,3,3,0,10.0,188.06,0,5.242064424997238,2.3978952727983707,1.6094379124341003,False,True,False,False,True,False,1.0,6.066451612903226
16.0,33.0,4,5,5,1,1.0,256.91,0,5.552610686854463,0.6931471805599453,1.6094379124341003,False,False,False,False,True,False,0.6666666666666666,15.112352941176471
1.0,8.0,4,5,2,0,7.0,153.67,0,5.041293815050048,2.0794415416798357,1.6094379124341003,False,False,True,False,False,True,1.3333333333333333,76.835
1.0,35.0,5,4,2,0,7.0,165.49,0,5.114935247556761,2.0794415416798357,1.791759469228055,False,True,False,False,False,False,1.6666666666666667,82.745
1.0,7.0,4,4,3,0,5.0,188.97,0,5.246866164956958,1.791759469228055,1.6094379124341003,False,True,False,False,True,False,1.0,94.485
20.0,31.0,4,1,3,0,1.0,150.87,1,5.023024891742178,0.6931471805599453,1.6094379124341003,False,False,True,False,False,True,1.0,7.184285714285714
27.0,23.0,3,3,9,0,8.0,207.39,0,5.339411324082998,2.1972245773362196,1.3862943611198906,False,False,False,False,True,False,0.3,7.406785714285713
30.0,16.0,4,1,9,0,2.0,236.03,0,5.4681867154027515,1.0986122886681096,1.6094379124341003,True,False,False,False,True,False,0.4,7.613870967741936
3.0,10.0,5,3,3,0,8.0,244.35,0,5.502685762535912,2.1972245773362196,1.791759469228055,False,False,False,False,True,False,1.25,61.0875
12.0,15.0,3,1,3,0,3.0,294.31,0,5.688025652043763,1.3862943611198906,1.3862943611198906,False,False,False,True,False,True,0.75,22.63923076923077
3.0,13.0,3,4,1,0,2.0,129.83,0,4.873898770522785,1.0986122886681096,1.3862943611198906,False,False,True,False,False,True,1.5,32.4575
27.0,30.0,4,2,8,0,9.0,267.75,0,5.593781579441872,2.302585092994046,1.6094379124341003,True,False,False,False,False,True,0.4444444444444444,9.5625
24.0,7.0,4,1,11,0,4.0,298.99,0,5.7037491407673,1.6094379124341003,1.6094379124341003,True,False,False,False,True,False,0.3333333333333333,11.9596
28.0,10.0,3,3,1,1,2.0,140.35,0,4.9512390841395995,1.0986122886681096,1.3862943611198906,False,True,False,False,True,False,1.5,4.839655172413793
1.0,17.0,4,3,3,1,4.0,167.6,0,5.127529045567755,1.6094379124341003,1.6094379124341003,False,True,False,False,True,False,1.0,83.8
9.0,11.0,3,4,9,0,7.0,159.14,0,5.0760484326444875,2.0794415416798357,1.3862943611198906,False,True,False,False,False,True,0.3,15.913999999999998
8.0,15.0,2,3,4,0,3.0,169.04,0,5.13603370349059,1.3862943611198906,1.0986122886681096,False,True,False,False,True,False,0.4,18.78222222222222
14.0,15.0,4,3,5,1,4.0,192.96,1,5.267651952237151,1.6094379124341003,1.6094379124341003,False,True,False,False,False,False,0.6666666666666666,12.864
21.0,11.0,4,2,3,1,8.0,166.63,0,5.121759169643187,2.1972245773362196,1.6094379124341003,False,True,False,False,False,True,1.0,7.574090909090909
1.0,12.0,4,4,2,0,3.0,149.22,1,5.0121008862578655,1.3862943611198906,1.6094379124341003,False,False,True,False,False,True,1.3333333333333333,74.61
4.0,29.0,4,1,1,0,8.0,155.82,0,5.055098650802776,2.1972245773362196,1.6094379124341003,False,True,False,False,True,False,2.0,31.163999999999998
13.0,9.0,4,3,2,1,2.0,126.83,1,4.8507012561799305,1.0986122886681096,1.6094379124341003,False,False,True,False,True,False,1.3333333333333333,9.059285714285714
20.0,20.0,3,5,3,0,7.0,149.6,0,5.014627315365793,2.0794415416798357,1.3862943611198906,False,True,False,False,False,True,0.75,7.123809523809523
14.0,35.0,5,5,6,1,1.0,233.54,1,5.457626149032919,0.6931471805599453,1.791759469228055,False,False,False,False,True,False,0.7142857142857143,15.569333333333333
27.0,26.0,3,3,4,0,3.0,148.69,0,5.008566488927144,1.3862943611198906,1.3862943611198906,False,True,False,False,False,True,0.6,5.310357142857143
14.0,16.0,4,3,11,0,14.0,259.99,0,5.564482092412441,2.70805020110221,1.6094379124341003,False,False,False,False,False,True,0.3333333333333333,17.332666666666668
2.0,34.0,4,5,2,0,4.0,137.85,0,4.933394213752808,1.6094379124341003,1.6094379124341003,False,False,True,False,False,True,1.3333333333333333,45.949999999999996
0.0,16.0,3,3,2,1,3.0,142.6,0,4.9670316566141235,1.3862943611198906,1.3862943611198906,False,True,False,False,True,False,1.0,142.6
3.0,16.0,2,3,8,0,1.0,149.51,0,5.014029527164271,0.6931471805599453,1.0986122886681096,False,False,True,False,True,False,0.2222222222222222,37.3775
1.0,25.0,5,2,3,1,2.0,148.89,1,5.009901691742504,1.0986122886681096,1.791759469228055,False,False,True,False,False,True,1.25,74.445
13.0,9.0,4,3,2,0,9.0,234.38,0,5.461201229449516,2.302585092994046,1.6094379124341003,False,False,False,False,False,True,1.3333333333333333,16.74142857142857
1.0,17.0,2,3,3,0,3.0,160.05,0,5.081714875777208,1.3862943611198906,1.0986122886681096,False,False,True,False,False,True,0.5,80.025
4.0,13.0,4,1,10,0,47.0,215.57,0,5.377913820819179,3.8712010109078907,1.6094379124341003,False,False,False,False,True,False,0.36363636363636365,43.114
8.0,28.0,2,1,3,0,8.0,178.37,0,5.189450711560923,2.1972245773362196,1.0986122886681096,False,True,False,False,False,True,0.5,19.81888888888889
1.0,14.0,4,4,3,0,1.0,151.79,1,5.029064429564623,0.6931471805599453,1.6094379124341003,False,False,True,False,False,True,1.0,75.895
14.0,12.0,5,5,7,1,47.0,229.75,0,5.441334873382962,3.8712010109078907,1.791759469228055,False,False,False,False,True,False,0.625,15.316666666666666
5.0,12.0,4,1,3,0,3.0,179.76,0,5.197170184543079,1.3862943611198906,1.6094379124341003,False,True,False,False,True,False,1.0,29.959999999999997
14.0,15.0,4,5,4,1,1.0,190.16,0,5.253110773709958,0.6931471805599453,1.6094379124341003,False,True,False,False,True,False,0.8,12.677333333333333
0.0,35.0,3,3,6,0,0.0,143.06,0,4.9702298794612165,0.0,1.3862943611198906,False,True,False,False,True,False,0.42857142857142855,143.06
8.0,27.0,3,2,2,1,7.0,140.14,0,4.949752305572684,2.0794415416798357,1.3862943611198906,False,True,False,False,False,False,1.0,15.57111111111111
16.0,10.0,2,2,4,1,4.0,177.31,0,5.183523608545955,1.6094379124341003,1.0986122886681096,False,True,False,False,False,False,0.4,10.43
2.0,14.0,4,5,2,0,4.0,173.98,0,5.164671681678119,1.6094379124341003,1.6094379124341003,False,True,False,False,False,True,1.3333333333333333,57.99333333333333
19.0,7.0,5,3,5,0,5.0,232.48,0,5.45309642033559,1.791759469228055,1.791759469228055,False,False,False,False,True,False,0.8333333333333334,11.623999999999999
9.0,29.0,3,1,10,0,2.0,122.01,0,4.8122656528806935,1.0986122886681096,1.3862943611198906,False,False,True,False,False,True,0.2727272727272727,12.201
1.0,24.0,4,4,2,1,2.0,155.58,0,5.053567061479768,1.0986122886681096,1.6094379124341003,False,False,True,False,True,False,1.3333333333333333,77.79
4.0,9.0,6,1,4,0,3.0,185.91,0,5.230627217578086,1.3862943611198906,1.9459101490553132,False,True,False,False,False,True,1.2,37.182
31.0,7.0,6,1,5,0,1.0,233.83,0,5.458861848105724,0.6931471805599453,1.9459101490553132,False,False,False,False,True,False,1.0,7.3071875
30.0,27.0,3,1,5,1,0.0,278.75,0,5.633896347192034,0.0,1.3862943611198906,True,False,False,False,True,False,0.5,8.991935483870968
11.0,13.0,4,1,6,0,2.0,190.02,0,5.252378134606592,1.0986122886681096,1.6094379124341003,False,True,False,False,True,False,0.5714285714285714,15.835
9.0,7.0,5,5,2,0,9.0,168.12,0,5.1306085221219275,2.302585092994046,1.791759469228055,False,True,False,False,False,True,1.6666666666666667,16.812
14.0,16.0,4,1,4,0,6.0,291.41,0,5.678156927017229,1.9459101490553132,1.6094379124341003,False,False,False,True,True,False,0.8,19.427333333333333
9.0,28.0,5,3,2,0,0.0,115.55,1,4.758320365481766,0.0,1.791759469228055,False,False,True,False,True,False,1.6666666666666667,11.555
9.0,7.0,4,3,3,0,47.0,212.89,0,5.365461864177367,3.8712010109078907,1.6094379124341003,False,False,False,False,False,True,1.0,21.288999999999998
4.0,22.0,5,5,4,0,8.0,196.4,0,5.285232126999381,2.1972245773362196,1.791759469228055,False,False,False,False,True,False,1.0,39.28
0.0,28.0,3,3,2,0,2.0,134.47,0,4.908750213592645,1.0986122886681096,1.3862943611198906,False,False,True,False,False,True,1.0,134.47
0.0,32.0,4,5,6,0,1.0,166.96,1,5.123725855815993,0.6931471805599453,1.6094379124341003,False,True,False,False,False,True,0.5714285714285714,166.96
2.0,8.0,4,5,3,1,0.0,136.46,1,4.923332965693459,0.0,1.6094379124341003,False,False,True,False,False,True,1.0,45.48666666666667
2.0,36.0,4,5,9,1,1.0,191.73,1,5.26129024571096,0.6931471805599453,1.6094379124341003,False,True,False,False,True,False,0.4,63.91
28.0,26.0,3,1,4,1,8.0,154.15,0,5.044392390894389,2.1972245773362196,1.3862943611198906,False,True,False,False,True,False,0.6,5.31551724137931
2.0,6.0,3,2,2,0,1.0,179.18,0,5.193956351223294,0.6931471805599453,1.3862943611198906,False,False,False,False,False,False,1.0,59.72666666666667
0.0,9.0,1,1,2,1,4.0,146.47,0,4.993624765262849,1.6094379124341003,0.6931471805599453,False,True,False,False,True,False,0.3333333333333333,146.47
2.0,26.0,3,1,2,0,10.0,138.12,0,4.935336870046028,2.3978952727983707,1.3862943611198906,False,False,True,False,True,False,1.0,46.04
23.0,14.0,3,4,8,0,2.0,138.75,0,4.939855112035208,1.0986122886681096,1.3862943611198906,False,False,True,False,True,False,0.3333333333333333,5.78125
2.0,8.0,3,4,1,0,4.0,127.03,0,4.852264611458088,1.6094379124341003,1.3862943611198906,False,False,True,False,True,False,1.5,42.343333333333334
0.0,24.0,3,3,1,1,2.0,146.14,1,4.9913845145041185,1.0986122886681096,1.3862943611198906,False,True,False,False,True,False,1.5,146.14
15.0,8.0,3,5,1,0,7.0,276.65,0,5.626361327687616,2.0794415416798357,1.3862943611198906,True,False,False,False,True,False,1.5,17.290625
8.0,14.0,4,1,5,1,12.0,203.77,0,5.321887398060468,2.5649493574615367,1.6094379124341003,False,False,False,False,True,False,0.6666666666666666,22.641111111111112
7.0,9.0,4,1,4,1,1.0,181.03,0,5.204171508657807,0.6931471805599453,1.6094379124341003,False,True,False,False,True,False,0.8,22.62875
16.0,13.0,3,5,9,0,0.0,199.85,0,5.302558360805291,0.0,1.3862943611198906,False,False,False,False,False,False,0.3,11.755882352941176
13.0,20.0,5,4,8,1,3.0,296.23,0,5.694506249875805,1.3862943611198906,1.791759469228055,True,False,False,False,True,False,0.5555555555555556,21.159285714285716
13.0,20.0,3,5,2,0,2.0,146.39,0,4.993082134848667,1.0986122886681096,1.3862943611198906,False,True,False,False,True,False,1.0,10.456428571428571
19.0,20.0,3,4,10,1,3.0,149.63,1,5.014826498714724,1.3862943611198906,1.3862943611198906,False,False,True,False,False,False,0.2727272727272727,7.4815
9.0,13.0,6,2,3,0,9.0,191.46,0,5.2598883399282546,2.302585092994046,1.9459101490553132,False,True,False,False,False,True,1.5,19.146
29.0,6.0,3,3,2,0,9.0,163.06,0,5.1002322145746035,2.302585092994046,1.3862943611198906,False,True,False,False,True,False,1.0,5.435333333333333
9.0,15.0,3,2,2,0,1.0,122.88,0,4.819313355105002,0.6931471805599453,1.3862943611198906,False,False,True,False,False,True,1.0,12.288
16.0,33.0,4,5,5,1,1.0,256.91,0,5.552610686854463,0.6931471805599453,1.6094379124341003,False,False,False,False,False,False,0.6666666666666666,15.112352941176471
4.0,8.0,3,3,2,1,6.0,198.52,0,5.295914481931726,1.9459101490553132,1.3862943611198906,False,False,False,False,True,False,1.0,39.704
10.0,15.0,4,1,6,0,8.0,175.79,0,5.174962587517932,2.1972245773362196,1.6094379124341003,False,True,False,False,True,False,0.5714285714285714,15.98090909090909
1.0,12.0,4,3,3,1,3.0,159.41,1,5.07773303762875,1.3862943611198906,1.6094379124341003,False,False,True,False,False,True,1.0,79.705
9.0,13.0,1,5,3,0,13.0,146.39,0,4.993082134848667,2.639057329615259,0.6931471805599453,False,True,False,False,True,False,0.25,14.639
0.0,29.0,4,3,4,1,1.0,159.16,1,5.07617331556691,0.6931471805599453,1.6094379124341003,False,True,False,False,True,False,0.8,159.16
26.0,9.0,3,3,4,1,3.0,275.84,0,5.6234397219736625,1.3862943611198906,1.3862943611198906,True,False,False,False,False,False,0.6,10.216296296296296
1.0,9.0,4,5,2,0,3.0,155.41,1,5.05248076468615,1.3862943611198906,1.6094379124341003,False,False,True,False,True,False,1.3333333333333333,77.705
17.0,35.0,3,2,2,0,17.0,145.41,0,4.986410905205391,2.8903717578961645,1.3862943611198906,False,True,False,False,False,True,1.0,8.078333333333333
1.0,30.0,5,3,5,1,2.0,184.16,1,5.22122031616307,1.0986122886681096,1.791759469228055,False,True,False,False,True,False,0.8333333333333334,92.08
13.0,26.0,3,1,5,0,1.0,203.22,0,5.319197844127392,0.6931471805599453,1.3862943611198906,False,False,False,False,True,False,0.5,14.515714285714285
2.0,14.0,4,1,2,1,2.0,150.56,0,5.0209815861504,1.0986122886681096,1.6094379124341003,False,True,False,False,True,False,1.3333333333333333,50.18666666666667
1.0,15.0,4,1,3,0,5.0,159.45,0,5.077982367555866,1.791759469228055,1.6094379124341003,False,False,True,False,False,True,1.0,79.725
16.0,20.0,3,5,7,0,0.0,271.59,0,5.607968834803799,0.0,1.3862943611198906,True,False,False,False,False,False,0.375,15.975882352941175
5.0,9.0,3,5,2,0,3.0,167.25,0,5.125450968524837,1.3862943611198906,1.3862943611198906,False,True,False,False,True,False,1.0,27.875
0.0,14.0,3,1,1,1,2.0,123.79,0,4.826632324519763,1.0986122886681096,1.3862943611198906,False,False,True,False,False,True,1.5,123.79
5.0,8.0,3,1,1,0,6.0,130.68,0,4.88037473692876,1.9459101490553132,1.3862943611198906,False,False,True,False,False,True,1.5,21.78
0.0,32.0,4,3,2,1,3.0,128.14,0,4.860897087198321,1.3862943611198906,1.6094379124341003,False,False,True,False,True,False,1.3333333333333333,128.14
16.0,28.0,4,3,4,0,3.0,177.65,0,5.185428584469419,1.3862943611198906,1.6094379124341003,False,True,False,False,True,False,0.8,10.450000000000001
4.0,6.0,3,1,9,1,5.0,159.93,1,5.080969487830403,1.791759469228055,1.3862943611198906,False,True,False,False,False,True,0.3,31.986
8.0,13.0,3,1,2,1,9.0,152.04,0,5.030699325131997,2.302585092994046,1.3862943611198906,False,True,False,False,True,False,1.0,16.89333333333333
0.0,13.0,3,4,2,0,0.0,126.79,1,4.850388291620612,0.0,1.3862943611198906,False,False,True,False,False,True,1.0,126.79
0.0,14.0,3,4,2,1,2.0,124.78,0,4.834534349115358,1.0986122886681096,1.3862943611198906,False,False,True,False,False,True,1.0,124.78
11.0,7.0,4,1,3,0,8.0,146.15,0,4.991452474679482,2.1972245773362196,1.6094379124341003,False,False,True,False,False,True,1.0,12.179166666666667
20.0,14.0,4,3,10,0,9.0,148.39,1,5.006560336054226,2.302585092994046,1.6094379124341003,False,False,True,False,True,False,0.36363636363636365,7.066190476190475
3.0,10.0,4,5,3,1,6.0,172.23,0,5.154620191290849,1.9459101490553132,1.6094379124341003,False,False,True,False,False,True,1.0,43.0575
11.0,9.0,3,3,4,0,2.0,128.21,0,4.861438987734129,1.0986122886681096,1.3862943611198906,False,False,True,False,False,False,0.6,10.684166666666668
4.0,14.0,4,4,2,0,3.0,154.83,0,5.048765669457524,1.3862943611198906,1.6094379124341003,False,False,True,False,False,True,1.3333333333333333,30.966
9.0,22.0,5,5,2,1,0.0,123.07,1,4.82084592245478,0.0,1.791759469228055,False,False,True,False,True,False,1.6666666666666667,12.306999999999999
0.0,14.0,4,3,2,1,2.0,139.89,1,4.947979444065186,1.0986122886681096,1.6094379124341003,False,False,True,False,False,True,1.3333333333333333,139.89
8.0,10.0,4,4,3,0,10.0,179.33,0,5.19478850571918,2.3978952727983707,1.6094379124341003,False,True,False,False,True,False,1.0,19.925555555555558
5.0,7.0,6,5,3,0,8.0,175.03,0,5.170654435057881,2.1972245773362196,1.9459101490553132,False,True,False,False,True,False,1.5,29.171666666666667
1.0,21.0,4,3,3,0,1.0,140.14,0,4.949752305572684,0.6931471805599453,1.6094379124341003,False,False,True,False,False,True,1.0,70.07
6.0,9.0,4,4,2,0,7.0,179.7,0,5.196838197598183,2.0794415416798357,1.6094379124341003,False,True,False,False,True,False,1.3333333333333333,25.67142857142857
9.0,10.0,4,1,2,0,8.0,158.1,0,5.069532935343741,2.1972245773362196,1.6094379124341003,False,True,False,False,False,True,1.3333333333333333,15.809999999999999
12.0,13.0,5,3,3,0,5.0,162.02,0,5.093872892666312,1.791759469228055,1.791759469228055,False,False,True,False,True,False,1.25,12.463076923076924
0.0,29.0,3,2,2,0,2.0,128.86,0,4.866456947080341,1.0986122886681096,1.3862943611198906,False,False,True,False,True,False,1.0,128.86
0.0,6.0,3,4,1,1,4.0,163.49,0,5.1028497780840665,1.6094379124341003,1.3862943611198906,False,True,False,False,True,False,1.5,163.49
14.0,7.0,3,1,4,0,0.0,127.82,0,4.858416081118745,0.0,1.3862943611198906,False,False,True,False,True,False,0.6,8.521333333333333
2.0,7.0,3,1,2,0,2.0,137.6,0,4.931592086755803,1.0986122886681096,1.3862943611198906,False,False,True,False,True,False,1.0,45.86666666666667
1.0,7.0,4,4,3,1,5.0,157.02,1,5.062721607294587,1.791759469228055,1.6094379124341003,False,False,True,False,False,True,1.0,78.51
4.0,11.0,3,2,1,1,3.0,148.21,0,5.00535470965233,1.3862943611198906,1.3862943611198906,False,False,True,False,False,False,1.5,29.642000000000003
1.0,9.0,2,2,3,0,4.0,179.72,0,5.196948872159748,1.6094379124341003,1.0986122886681096,False,True,False,False,False,False,0.5,89.86
5.0,14.0,4,4,2,1,9.0,152.28,0,5.03226631422255,2.302585092994046,1.6094379124341003,False,True,False,False,True,False,1.3333333333333333,25.38
22.0,6.0,4,3,8,1,7.0,239.64,0,5.483302040761475,2.0794415416798357,1.6094379124341003,True,False,False,False,False,True,0.4444444444444444,10.419130434782607
7.0,14.0,3,4,2,1,3.0,123.42,1,4.823662939086874,1.3862943611198906,1.3862943611198906,False,False,True,False,True,False,1.0,15.4275
1.0,7.0,5,5,8,0,8.0,148.62,1,5.008098746444259,2.1972245773362196,1.791759469228055,False,False,True,False,False,True,0.5555555555555556,74.31
6.0,20.0,5,4,3,0,3.0,159.0,0,5.075173815233827,1.3862943611198906,1.791759469228055,False,False,True,False,True,False,1.25,22.714285714285715
0.0,7.0,5,4,7,0,0.0,167.35,1,5.126045145607083,0.0,1.791759469228055,False,True,False,False,False,True,0.625,167.35
17.0,6.0,1,5,3,0,2.0,150.33,0,5.019462882698935,1.0986122886681096,0.6931471805599453,False,True,False,False,True,False,0.25,8.351666666666667
18.0,6.0,3,4,2,0,7.0,174.41,0,5.167126090855689,2.0794415416798357,1.3862943611198906,False,False,False,False,True,False,1.0,9.179473684210526
17.0,10.0,6,2,5,0,8.0,322.4,0,5.778889947143006,2.1972245773362196,1.9459101490553132,False,False,False,True,False,False,1.0,17.91111111111111
15.0,16.0,4,3,4,0,12.0,319.19,0,5.768914569593983,2.5649493574615367,1.6094379124341003,False,False,False,True,True,False,0.8,19.949375
25.0,21.0,4,1,6,0,8.0,174.36,0,5.166841003759651,2.1972245773362196,1.6094379124341003,False,True,False,False,True,False,0.5714285714285714,6.706153846153847
13.0,27.0,4,1,4,0,3.0,166.27,0,5.119609273323918,1.3862943611198906,1.6094379124341003,False,True,False,False,True,False,0.8,11.876428571428573
8.0,17.0,4,3,3,1,8.0,165.01,0,5.112048027505985,2.1972245773362196,1.6094379124341003,False,True,False,False,True,False,1.0,18.334444444444443
1.0,9.0,4,5,3,1,1.0,145.74,1,4.9886623132858485,0.6931471805599453,1.6094379124341003,False,False,True,False,True,False,1.0,72.87
9.0,22.0,5,5,2,1,0.0,123.07,1,4.82084592245478,0.0,1.791759469228055,False,False,True,False,True,False,1.6666666666666667,12.306999999999999
3.0,11.0,4,1,10,0,3.0,137.61,0,4.931664234225262,1.3862943611198906,1.6094379124341003,False,False,True,False,True,False,0.36363636363636365,34.4025
11.0,8.0,3,3,7,1,1.0,130.57,0,4.879539029377747,0.6931471805599453,1.3862943611198906,False,False,True,False,False,False,0.375,10.880833333333333
1.0,9.0,5,1,3,0,1.0,150.64,1,5.021509290648134,0.6931471805599453,1.791759469228055,False,False,True,False,False,True,1.25,75.32
0.0,10.0,3,5,1,1,7.0,195.82,1,5.282289605470839,2.0794415416798357,1.3862943611198906,False,False,False,False,False,True,1.5,195.82
13.0,32.0,3,5,2,0,5.0,183.96,0,5.220139585484013,1.791759469228055,1.3862943611198906,False,True,False,False,True,False,1.0,13.14
10.0,9.0,4,1,5,1,3.0,151.44,0,5.02677107600566,1.3862943611198906,1.6094379124341003,False,False,True,False,False,True,0.6666666666666666,13.767272727272728
2.0,23.0,4,3,3,0,5.0,146.44,0,4.9934213133615675,1.791759469228055,1.6094379124341003,False,False,True,False,False,True,1.0,48.81333333333333
5.0,7.0,6,3,2,0,5.0,168.45,0,5.132557898053061,1.791759469228055,1.9459101490553132,False,True,False,False,False,False,2.0,28.075
24.0,17.0,4,4,4,0,3.0,231.42,0,5.448546079794728,1.3862943611198906,1.6094379124341003,True,False,False,False,False,True,0.8,9.2568
6.0,14.0,4,1,1,0,2.0,123.42,0,4.823662939086874,1.0986122886681096,1.6094379124341003,False,False,True,False,False,True,2.0,17.63142857142857
16.0,16.0,4,3,2,0,0.0,152.57,0,5.034156489137602,0.0,1.6094379124341003,False,True,False,False,True,False,1.3333333333333333,8.974705882352941
2.0,15.0,4,1,1,0,2.0,139.83,0,4.947553489209959,1.0986122886681096,1.6094379124341003,False,False,True,False,False,True,2.0,46.61000000000001
1.0,32.0,2,1,3,1,2.0,154.94,0,5.049471317881454,1.0986122886681096,1.0986122886681096,False,False,True,False,False,True,0.5,77.47
9.0,32.0,5,1,6,0,3.0,161.81,0,5.092583876743423,1.3862943611198906,1.791759469228055,False,True,False,False,False,True,0.7142857142857143,16.181
6.0,36.0,4,3,11,0,8.0,165.25,0,5.113492679535963,2.1972245773362196,1.6094379124341003,False,False,True,False,False,True,0.3333333333333333,23.607142857142858
15.0,15.0,3,1,2,0,8.0,136.73,0,4.92529524692924,2.1972245773362196,1.3862943611198906,False,False,True,False,False,True,1.0,8.545625
9.0,20.0,3,3,2,0,0.0,115.14,0,4.754796359943904,0.0,1.3862943611198906,False,False,True,False,False,True,1.0,11.514
8.0,7.0,4,2,3,0,9.0,151.91,0,5.02984951302006,2.302585092994046,1.6094379124341003,False,False,True,False,False,False,1.0,16.878888888888888
1.0,11.0,4,4,3,0,3.0,157.95,0,5.068589687356812,1.3862943611198906,1.6094379124341003,False,False,True,False,False,True,1.0,78.975
3.0,31.0,4,4,3,1,0.0,190.94,1,5.257182823189481,0.0,1.6094379124341003,False,False,False,False,False,True,1.0,47.735
0.0,14.0,3,5,6,1,4.0,126.57,1,4.848665233550198,1.6094379124341003,1.3862943611198906,False,False,True,False,False,True,0.42857142857142855,126.57
9.0,6.0,4,3,2,0,3.0,120.07,0,4.7963688907196484,1.3862943611198906,1.6094379124341003,False,False,True,False,True,False,1.3333333333333333,12.007
5.0,19.0,4,4,2,0,2.0,134.0,0,4.90527477843843,1.0986122886681096,1.6094379124341003,False,False,True,False,True,False,1.3333333333333333,22.333333333333332
3.0,23.0,3,5,2,1,47.0,219.16000000000005,0,5.394354554744979,3.8712010109078907,1.3862943611198906,False,False,False,False,False,False,1.0,54.79000000000001
10.0,10.0,2,5,8,0,5.0,193.42,0,5.270020767392923,1.791759469228055,1.0986122886681096,False,True,False,False,True,False,0.2222222222222222,17.583636363636362
1.0,36.0,5,3,3,0,9.0,170.08,1,5.142131283358708,2.302585092994046,1.791759469228055,False,True,False,False,False,True,1.25,85.04
10.0,31.0,4,2,8,0,3.0,157.31,0,5.064555136085686,1.3862943611198906,1.6094379124341003,False,True,False,False,True,False,0.4444444444444444,14.30090909090909
20.0,12.0,4,4,3,1,3.0,175.21,0,5.1716764655806395,1.3862943611198906,1.6094379124341003,False,True,False,False,True,False,1.0,8.343333333333334
9.0,6.0,3,3,2,0,1.0,112.23,0,4.729421148325948,0.6931471805599453,1.3862943611198906,False,False,True,False,False,False,1.0,11.223
12.0,8.0,1,3,1,0,7.0,178.8,0,5.19184512203752,2.0794415416798357,0.6931471805599453,False,False,False,False,False,True,0.5,13.753846153846155
12.0,25.0,3,1,9,0,2.0,139.02,0,4.941785269549052,1.0986122886681096,1.3862943611198906,False,True,False,False,True,False,0.3,10.693846153846154
8.0,16.0,4,3,3,0,4.0,182.14,0,5.210250887679586,1.6094379124341003,1.6094379124341003,False,True,False,False,True,False,1.0,20.237777777777776
11.0,8.0,3,4,8,0,0.0,173.51,0,5.161982046590779,0.0,1.3862943611198906,False,False,False,False,False,True,0.3333333333333333,14.459166666666667
10.0,10.0,4,4,6,0,3.0,145.88,0,4.9896159268721805,1.3862943611198906,1.6094379124341003,False,False,True,False,False,True,0.5714285714285714,13.261818181818182
4.0,13.0,2,2,5,0,7.0,169.29,0,5.137502866038513,2.0794415416798357,1.0986122886681096,False,True,False,False,False,False,0.3333333333333333,33.858
1.0,12.0,5,3,3,1,4.0,182.44,1,5.211887638549649,1.6094379124341003,1.791759469228055,False,True,False,False,False,True,1.25,91.22
0.0,16.0,3,5,2,0,7.0,187.93,0,5.2413765760852264,2.0794415416798357,1.3862943611198906,False,False,False,False,True,False,1.0,187.93
10.0,12.0,4,4,10,0,8.0,184.14,0,5.221112295639065,2.1972245773362196,1.6094379124341003,False,True,False,False,False,True,0.36363636363636365,16.74
9.0,14.0,2,5,10,0,47.0,217.13,0,5.385091215330075,3.8712010109078907,1.0986122886681096,False,False,False,False,False,False,0.18181818181818182,21.713
1.0,21.0,5,4,3,1,3.0,162.43,1,5.096384764104966,1.3862943611198906,1.791759469228055,False,False,True,False,True,False,1.25,81.215
13.0,17.0,4,5,4,0,8.0,178.77,0,5.191678256058324,2.1972245773362196,1.6094379124341003,False,True,False,False,True,False,0.8,12.769285714285715
6.0,31.0,4,2,3,0,8.0,178.09,0,5.187888472778648,2.1972245773362196,1.6094379124341003,False,True,False,False,False,False,1.0,25.44142857142857
1.0,17.0,5,5,8,1,1.0,149.04,1,5.010901925213687,0.6931471805599453,1.791759469228055,False,False,True,False,False,True,0.5555555555555556,74.52
30.0,7.0,1,3,1,0,8.0,149.0,0,5.0106352940962555,2.1972245773362196,0.6931471805599453,False,True,False,False,True,False,0.5,4.806451612903226
3.0,35.0,3,5,9,0,3.0,141.15,0,4.956882838097009,1.3862943611198906,1.3862943611198906,False,True,False,False,True,False,0.3,35.2875
11.0,8.0,3,3,10,0,0.0,165.53,0,5.115175473370179,0.0,1.3862943611198906,False,True,False,False,False,False,0.2727272727272727,13.794166666666667
1.0,17.0,4,1,2,0,2.0,174.5,0,5.167639042905921,1.0986122886681096,1.6094379124341003,False,True,False,False,False,True,1.3333333333333333,87.25
6.0,8.0,3,3,2,0,4.0,136.0,0,4.919980925828125,1.6094379124341003,1.3862943611198906,False,False,True,False,True,False,1.0,19.428571428571427
7.0,7.0,3,5,6,0,3.0,129.96,0,4.874891933062879,1.3862943611198906,1.3862943611198906,False,False,True,False,True,False,0.42857142857142855,16.245
15.0,9.0,1,1,3,1,3.0,152.31,0,5.032462015322363,1.3862943611198906,0.6931471805599453,False,True,False,False,True,False,0.25,9.519375
18.0,7.0,5,3,6,0,3.0,184.85,0,5.224939896743261,1.3862943611198906,1.791759469228055,False,True,False,False,False,True,0.7142857142857143,9.728947368421052
8.0,7.0,2,1,2,0,47.0,222.25,0,5.408292219756609,3.8712010109078907,1.0986122886681096,False,True,False,False,True,False,0.6666666666666666,24.694444444444443
14.0,16.0,4,5,5,0,7.0,271.81,0,5.608775582188955,2.0794415416798357,1.6094379124341003,True,False,False,False,True,False,0.6666666666666666,18.12066666666667
7.0,16.0,3,3,2,1,2.0,129.36,1,4.870299853969361,1.0986122886681096,1.3862943611198906,False,False,True,False,False,True,1.0,16.17
1.0,15.0,4,5,3,1,1.0,148.98,1,5.010501951873243,0.6931471805599453,1.6094379124341003,False,False,True,False,True,False,1.0,74.49
20.0,22.0,4,4,7,0,4.0,315.81,0,5.758302225098651,1.6094379124341003,1.6094379124341003,False,False,False,True,True,False,0.5,15.038571428571428
13.0,9.0,2,3,2,0,8.0,203.8,0,5.322033893165353,2.1972245773362196,1.0986122886681096,False,False,False,False,False,True,0.6666666666666666,14.557142857142859
1.0,23.0,4,4,4,1,3.0,148.73,1,5.008833672149628,1.3862943611198906,1.6094379124341003,False,False,True,False,True,False,0.8,74.365
1.0,18.0,3,3,10,0,3.0,172.07,1,5.153696136936908,1.3862943611198906,1.3862943611198906,False,True,False,False,False,False,0.2727272727272727,86.035
9.0,9.0,3,4,4,1,1.0,192.78,0,5.266723494956858,0.6931471805599453,1.3862943611198906,False,True,False,False,False,True,0.6,19.278
10.0,10.0,5,2,6,0,47.0,221.99,0,5.4071269274053115,3.8712010109078907,1.791759469228055,False,False,False,False,False,False,0.7142857142857143,20.180909090909093
5.0,35.0,3,3,10,0,7.0,140.25,0,4.9505313700265505,2.0794415416798357,1.3862943611198906,False,False,True,False,False,True,0.2727272727272727,23.375
8.0,8.0,4,4,3,0,4.0,202.74,0,5.31684467116192,1.6094379124341003,1.6094379124341003,False,False,False,False,True,False,1.0,22.526666666666667
12.0,9.0,6,1,4,1,4.0,179.05,0,5.193234590094884,1.6094379124341003,1.9459101490553132,False,True,False,False,True,False,1.2,13.773076923076925
9.0,8.0,3,4,2,0,0.0,113.93,1,4.744323247380668,0.0,1.3862943611198906,False,False,True,False,False,True,1.0,11.393
4.0,18.0,3,1,1,1,5.0,158.55,0,5.072357352724253,1.791759469228055,1.3862943611198906,False,True,False,False,True,False,1.5,31.71
0.0,16.0,3,5,2,0,8.0,142.13,1,4.963753308196125,2.1972245773362196,1.3862943611198906,False,True,False,False,False,True,1.0,142.13
1.0,9.0,5,1,2,0,2.0,164.04,0,5.106187868762996,1.0986122886681096,1.791759469228055,False,False,True,False,False,True,1.6666666666666667,82.02
7.0,12.0,4,4,8,0,9.0,243.78,0,5.500359847954193,2.302585092994046,1.6094379124341003,False,False,False,False,False,False,0.4444444444444444,30.4725
13.0,20.0,5,4,8,1,3.0,296.23,0,5.694506249875805,1.3862943611198906,1.791759469228055,True,False,False,False,True,False,0.5555555555555556,21.159285714285716
9.0,11.0,3,4,2,1,0.0,118.78,1,4.785656726836316,0.0,1.3862943611198906,False,False,True,False,False,True,1.0,11.878
1.0,9.0,5,2,9,0,1.0,152.85,1,5.035978101768051,0.6931471805599453,1.791759469228055,False,False,True,False,False,True,0.5,76.425
8.0,13.0,5,4,8,0,1.0,170.05,0,5.141955911423613,0.6931471805599453,1.791759469228055,False,True,False,False,True,False,0.5555555555555556,18.894444444444446
10.0,17.0,4,4,7,0,8.0,198.14,1,5.294008094959938,2.1972245773362196,1.6094379124341003,False,False,False,False,True,False,0.5,18.012727272727272
26.0,127.0,4,1,4,0,1.0,159.82,0,5.080285727120003,0.6931471805599453,1.6094379124341003,False,False,True,False,True,False,0.8,5.919259259259259
21.0,14.0,1,4,6,0,0.0,125.59,0,4.840953517648737,0.0,0.6931471805599453,False,False,True,False,False,True,0.14285714285714285,5.708636363636364
8.0,18.0,5,4,6,0,9.0,169.9,0,5.141078590121545,2.302585092994046,1.791759469228055,False,True,False,False,False,False,0.7142857142857143,18.87777777777778
0.0,14.0,2,4,2,1,2.0,123.28,0,4.822537084524846,1.0986122886681096,1.0986122886681096,False,False,True,False,True,False,0.6666666666666666,123.28
10.0,18.0,4,1,2,0,47.0,222.38,0,5.408874357112681,3.8712010109078907,1.6094379124341003,False,False,False,False,True,False,1.3333333333333333,20.216363636363635
8.0,24.0,3,2,3,0,2.0,193.62,0,5.271048939393843,1.0986122886681096,1.3862943611198906,False,False,False,False,False,True,0.75,21.513333333333335
9.0,14.0,1,1,5,0,3.0,125.71,0,4.841901010810817,1.3862943611198906,0.6931471805599453,False,True,False,False,True,False,0.16666666666666666,12.571
21.0,8.0,4,4,2,0,13.0,244.57,0,5.503582038974955,2.639057329615259,1.6094379124341003,False,False,False,False,True,False,1.3333333333333333,11.116818181818182
3.0,27.0,4,2,3,0,3.0,146.57,0,4.994302639475358,1.3862943611198906,1.6094379124341003,False,False,True,False,False,False,1.0,36.6425
13.0,16.0,4,4,8,0,3.0,168.52,0,5.132970913960044,1.3862943611198906,1.6094379124341003,False,True,False,False,True,False,0.4444444444444444,12.037142857142857
9.0,12.0,5,3,2,0,7.0,127.41,0,4.855228269843183,2.0794415416798357,1.791759469228055,False,False,True,False,True,False,1.6666666666666667,12.741
2.0,21.0,4,3,1,1,8.0,141.93,0,4.962354999921024,2.1972245773362196,1.6094379124341003,False,True,False,False,False,True,2.0,47.31
10.0,16.0,4,1,6,0,47.0,225.96,1,5.424773790500596,3.8712010109078907,1.6094379124341003,False,False,False,False,True,False,0.5714285714285714,20.541818181818183
2.0,24.0,4,5,3,0,9.0,170.58,0,5.145049630144819,2.302585092994046,1.6094379124341003,False,True,False,False,True,False,1.0,56.86000000000001
15.0,23.0,1,5,4,1,2.0,165.45,0,5.114694964021034,1.0986122886681096,0.6931471805599453,False,True,False,False,False,True,0.2,10.340625
0.0,35.0,5,5,9,0,2.0,149.69,1,5.015224746430063,1.0986122886681096,1.791759469228055,False,True,False,False,False,True,0.5,149.69
0.0,14.0,3,1,3,0,2.0,125.8,0,4.842611042003125,1.0986122886681096,1.3862943611198906,False,False,True,False,False,True,0.75,125.8
16.0,9.0,4,2,3,0,3.0,165.89,0,5.117334912755312,1.3862943611198906,1.6094379124341003,False,True,False,False,False,False,1.0,9.758235294117647
6.0,28.0,3,4,1,0,7.0,161.46,0,5.090431817622807,2.0794415416798357,1.3862943611198906,False,True,False,False,True,False,1.5,23.065714285714286
21.0,8.0,3,2,3,0,7.0,140.51,0,4.95237038596428,2.0794415416798357,1.3862943611198906,False,True,False,False,False,False,0.75,6.386818181818182
4.0,30.0,6,3,3,0,10.0,151.13,0,5.0247354184750375,2.3978952727983707,1.9459101490553132,False,False,True,False,True,False,1.5,30.226
13.0,9.0,5,3,3,0,11.0,170.53,0,5.144758178421734,2.4849066497880004,1.791759469228055,False,True,False,False,False,True,1.25,12.180714285714286
10.0,13.0,2,5,5,1,3.0,180.62,0,5.201916592261682,1.3862943611198906,1.0986122886681096,False,True,False,False,True,False,0.3333333333333333,16.42
12.0,9.0,4,1,3,1,1.0,142.02,0,4.96298448062025,0.6931471805599453,1.6094379124341003,False,False,True,False,True,False,1.0,10.924615384615386
21.0,9.0,4,4,9,1,9.0,317.46,1,5.76349687842828,2.302585092994046,1.6094379124341003,False,False,False,True,False,True,0.4,14.43
0.0,14.0,4,4,2,1,0.0,124.13,1,4.829353196876964,0.0,1.6094379124341003,False,False,True,False,True,False,1.3333333333333333,124.13
17.0,16.0,4,3,6,0,3.0,149.38,0,5.01316542394988,1.3862943611198906,1.6094379124341003,False,False,True,False,False,True,0.5714285714285714,8.29888888888889
9.0,21.0,5,1,2,0,11.0,154.06,0,5.043812138790813,2.4849066497880004,1.791759469228055,False,True,False,False,True,False,1.6666666666666667,15.406
16.0,10.0,4,2,4,0,17.0,202.31,0,5.314731907816132,2.8903717578961645,1.6094379124341003,False,False,False,False,False,True,0.8,11.900588235294117
1.0,31.0,5,5,3,0,47.0,212.22,1,5.362324496522329,3.8712010109078907,1.791759469228055,False,False,False,False,False,True,1.25,106.11
4.0,9.0,5,1,2,0,3.0,152.2,0,5.0317442573064906,1.3862943611198906,1.791759469228055,False,False,True,False,False,True,1.6666666666666667,30.439999999999998
0.0,21.0,5,1,7,1,2.0,154.4,1,5.046002437933547,1.0986122886681096,1.791759469228055,False,True,False,False,True,False,0.625,154.4
23.0,15.0,5,4,3,0,8.0,176.3,0,5.177843213080163,2.1972245773362196,1.791759469228055,False,True,False,False,True,False,1.25,7.345833333333334
6.0,14.0,3,3,1,0,2.0,171.04,0,5.1477270079155355,1.0986122886681096,1.3862943611198906,False,True,False,False,True,False,1.5,24.434285714285714
26.0,13.0,4,5,5,1,10.0,180.77,0,5.202742151625007,2.3978952727983707,1.6094379124341003,False,True,False,False,True,False,0.6666666666666666,6.695185185185186
12.0,8.0,4,4,2,1,3.0,154.91,0,5.0492789176884605,1.3862943611198906,1.6094379124341003,False,False,True,False,True,False,1.3333333333333333,11.916153846153845
14.0,16.0,4,3,11,0,14.0,259.99,0,5.564482092412441,2.70805020110221,1.6094379124341003,False,False,False,False,False,True,0.3333333333333333,17.332666666666668
1.0,33.0,5,5,1,0,0.0,0.0,0,0.0,0.0,1.791759469228055,False,True,False,False,True,False,2.5,0.0
12.0,14.0,2,5,3,1,8.0,181.05,0,5.204281374621442,2.1972245773362196,1.0986122886681096,False,True,False,False,True,False,0.5,13.926923076923078
9.0,15.0,3,4,7,0,2.0,120.24,0,4.797772052189602,1.0986122886681096,1.3862943611198906,False,False,True,False,True,False,0.375,12.024
1.0,20.0,4,3,3,0,7.0,145.96,0,4.9901604409068705,2.0794415416798357,1.6094379124341003,False,False,True,False,False,False,1.0,72.98
7.0,7.0,2,5,3,0,9.0,165.37,0,5.1142142236716515,2.302585092994046,1.0986122886681096,False,True,False,False,True,False,0.5,20.67125
17.0,9.0,3,2,5,1,1.0,295.13,0,5.690798547097907,0.6931471805599453,1.3862943611198906,False,False,False,True,False,False,0.5,16.39611111111111
8.0,9.0,4,3,4,0,3.0,165.33,0,5.113973766802443,1.3862943611198906,1.6094379124341003,False,True,False,False,False,True,0.8,18.37
20.0,12.0,4,1,6,1,9.0,182.72,0,5.213412859457593,2.302585092994046,1.6094379124341003,False,True,False,False,False,True,0.5714285714285714,8.700952380952382
31.0,36.0,5,1,5,0,1.0,266.18,0,5.587922588561666,0.6931471805599453,1.791759469228055,True,False,False,False,True,False,0.8333333333333334,8.318125
21.0,9.0,4,3,6,0,1.0,149.79,1,5.0158881403777045,0.6931471805599453,1.6094379124341003,False,False,True,False,False,True,0.5714285714285714,6.808636363636364
8.0,32.0,3,1,2,1,7.0,188.37,0,5.243702773274814,2.0794415416798357,1.3862943611198906,False,False,False,False,False,True,1.0,20.93
1.0,15.0,2,3,9,0,3.0,160.17,0,5.082459708534627,1.3862943611198906,1.0986122886681096,False,False,True,False,True,False,0.2,80.085
0.0,14.0,3,1,6,1,4.0,124.36,1,4.831189598047765,1.6094379124341003,1.3862943611198906,False,False,True,False,True,False,0.42857142857142855,124.36
4.0,16.0,5,3,3,0,9.0,147.06,0,4.997617597014952,2.302585092994046,1.791759469228055,False,False,True,False,False,True,1.25,29.412
12.0,14.0,5,1,2,0,6.0,165.28,0,5.1136731143844365,1.9459101490553132,1.791759469228055,False,True,False,False,False,True,1.6666666666666667,12.713846153846154
8.0,15.0,4,5,5,0,1.0,176.21,0,5.177335469987254,0.6931471805599453,1.6094379124341003,False,True,False,False,True,False,0.6666666666666666,19.57888888888889
12.0,26.0,3,1,3,0,2.0,141.27,0,4.957726660663075,1.0986122886681096,1.3862943611198906,False,True,False,False,True,False,0.75,10.866923076923078
5.0,14.0,5,1,11,0,2.0,240.57,0,5.487159286165225,1.0986122886681096,1.791759469228055,False,False,False,False,True,False,0.4166666666666667,40.095
7.0,14.0,4,5,2,0,4.0,168.73,0,5.13420893917344,1.6094379124341003,1.6094379124341003,False,True,False,False,False,False,1.3333333333333333,21.09125
10.0,13.0,4,4,8,0,2.0,174.41,0,5.167126090855689,1.0986122886681096,1.6094379124341003,False,True,False,False,True,False,0.4444444444444444,15.855454545454545
2.0,26.0,3,2,3,0,2.0,169.31,0,5.137620305850745,1.0986122886681096,1.3862943611198906,False,True,False,False,True,False,0.75,56.43666666666667
16.0,8.0,3,1,2,1,8.0,178.47,0,5.190008063041185,2.1972245773362196,1.3862943611198906,False,True,False,False,True,False,1.0,10.498235294117647
28.0,8.0,4,5,8,0,2.0,267.56,0,5.593074352671779,1.0986122886681096,1.6094379124341003,True,False,False,False,False,True,0.4444444444444444,9.226206896551725
22.0,16.0,3,5,10,1,2.0,286.65,0,5.661744463309303,1.0986122886681096,1.3862943611198906,False,False,False,True,False,True,0.2727272727272727,12.463043478260868
18.0,24.0,6,3,4,0,1.0,147.9,0,5.003274939689963,0.6931471805599453,1.9459101490553132,False,False,True,False,False,True,1.2,7.78421052631579
0.0,8.0,3,5,1,0,2.0,130.41,1,4.878322206655547,1.0986122886681096,1.3862943611198906,False,False,True,False,True,False,1.5,130.41
12.0,10.0,3,3,1,0,8.0,150.42,0,5.02005743267516,2.1972245773362196,1.3862943611198906,False,True,False,False,False,True,1.5,11.57076923076923
27.0,8.0,4,3,7,0,0.0,206.86,0,5.336864776160276,0.0,1.6094379124341003,False,False,False,False,True,False,0.5,7.387857142857143
1.0,12.0,5,3,3,1,8.0,148.66,1,5.008366054652212,2.1972245773362196,1.791759469228055,False,False,True,False,True,False,1.25,74.33
0.0,34.0,3,4,2,0,4.0,162.72,0,5.098157651624202,1.6094379124341003,1.3862943611198906,False,True,False,False,True,False,1.0,162.72
0.0,34.0,4,5,4,0,3.0,142.84,1,4.96870157072331,1.3862943611198906,1.6094379124341003,False,True,False,False,False,True,0.8,142.84
4.0,12.0,4,1,4,0,47.0,219.19,0,5.394490809996694,3.8712010109078907,1.6094379124341003,False,False,False,False,True,False,0.8,43.838
26.0,6.0,3,5,8,0,10.0,183.81,0,5.219328270297665,2.3978952727983707,1.3862943611198906,False,True,False,False,False,True,0.3333333333333333,6.807777777777778
10.0,12.0,4,4,10,0,8.0,184.14,0,5.221112295639065,2.1972245773362196,1.6094379124341003,False,True,False,False,False,True,0.36363636363636365,16.74
9.0,8.0,4,3,2,0,2.0,120.44,1,4.79942031364732,1.0986122886681096,1.6094379124341003,False,False,True,False,False,True,1.3333333333333333,12.044
8.0,8.0,3,5,3,0,0.0,150.93,0,5.023419888455675,0.0,1.3862943611198906,False,True,False,False,True,False,0.75,16.77
14.0,17.0,5,4,4,0,47.0,222.05,0,5.407395961574274,3.8712010109078907,1.791759469228055,False,False,False,False,True,False,1.0,14.803333333333335
24.0,16.0,4,1,6,0,1.0,148.8,0,5.009301071083119,0.6931471805599453,1.6094379124341003,False,False,True,False,True,False,0.5714285714285714,5.952000000000001
2.0,22.0,4,3,3,0,3.0,147.07,0,4.997685134920627,1.3862943611198906,1.6094379124341003,False,False,True,False,True,False,1.0,49.02333333333333
6.0,11.0,4,1,2,0,2.0,129.11,0,4.868380246515384,1.0986122886681096,1.6094379124341003,False,False,True,False,True,False,1.3333333333333333,18.444285714285716
1.0,14.0,5,1,3,0,2.0,153.89,0,5.042715187559668,1.0986122886681096,1.791759469228055,False,False,True,False,True,False,1.25,76.945
19.0,36.0,4,1,6,1,47.0,218.8,0,5.392718041969521,3.8712010109078907,1.6094379124341003,False,False,False,False,False,False,0.5714285714285714,10.940000000000001
10.0,12.0,4,5,6,0,3.0,205.08,0,5.328264442915989,1.3862943611198906,1.6094379124341003,False,False,False,False,True,False,0.5714285714285714,18.643636363636364
5.0,9.0,3,1,4,0,47.0,211.59,0,5.35936542811297,3.8712010109078907,1.3862943611198906,False,False,False,False,False,True,0.6,35.265
0.0,16.0,3,1,2,0,2.0,146.84,0,4.996130607893374,1.0986122886681096,1.3862943611198906,False,True,False,False,False,True,1.0,146.84
0.0,13.0,3,3,2,0,1.0,148.83,1,5.009501318055053,0.6931471805599453,1.3862943611198906,False,True,False,False,False,False,1.0,148.83
0.0,30.0,5,1,2,1,0.0,111.18,1,4.7201047240801906,0.0,1.791759469228055,False,False,True,False,False,True,1.6666666666666667,111.18
5.0,10.0,4,5,3,1,4.0,155.65,0,5.054014017398201,1.6094379124341003,1.6094379124341003,False,False,True,False,True,False,1.0,25.941666666666666
9.0,18.0,4,3,9,1,3.0,151.6,0,5.027820118850356,1.3862943611198906,1.6094379124341003,False,False,True,False,True,False,0.4,15.16
4.0,14.0,4,3,4,0,2.0,123.29,0,4.82261754475742,1.0986122886681096,1.6094379124341003,False,False,True,False,True,False,0.8,24.658
5.0,12.0,5,5,8,0,1.0,146.07,1,4.990908663912222,0.6931471805599453,1.791759469228055,False,False,True,False,True,False,0.5555555555555556,24.345
21.0,6.0,4,5,8,0,2.0,254.02,0,5.5413419734553955,1.0986122886681096,1.6094379124341003,True,False,False,False,False,False,0.4444444444444444,11.546363636363637
15.0,14.0,6,3,3,0,11.0,324.73,0,5.786068817343426,2.4849066497880004,1.9459101490553132,False,False,False,True,True,False,1.5,20.295625
1.0,10.0,4,3,2,0,3.0,174.99,0,5.17042717524212,1.3862943611198906,1.6094379124341003,False,True,False,False,True,False,1.3333333333333333,87.495
16.0,20.0,2,5,7,0,1.0,180.38,0,5.200594278019421,0.6931471805599453,1.0986122886681096,False,True,False,False,True,False,0.25,10.610588235294117
26.0,11.0,4,1,4,0,5.0,290.55,0,5.675211517668165,1.791759469228055,1.6094379124341003,True,False,False,False,True,False,0.8,10.761111111111111
1.0,17.0,5,4,3,1,1.0,143.59,1,4.9739021510400345,0.6931471805599453,1.791759469228055,False,False,True,False,False,True,1.25,71.795
10.0,18.0,5,1,6,0,1.0,191.52,0,5.260200044434908,0.6931471805599453,1.791759469228055,False,True,False,False,True,False,0.7142857142857143,17.41090909090909
1.0,9.0,4,5,8,1,3.0,145.42,1,4.986479204218496,1.3862943611198906,1.6094379124341003,False,False,True,False,True,False,0.4444444444444444,72.71
10.0,16.0,3,5,7,0,3.0,134.52,0,4.909119230903745,1.3862943611198906,1.3862943611198906,False,False,True,False,False,False,0.375,12.22909090909091
16.0,9.0,5,4,6,0,1.0,173.41,0,5.161408849280577,0.6931471805599453,1.791759469228055,False,False,True,False,True,False,0.7142857142857143,10.200588235294118
4.0,8.0,5,2,5,1,0.0,127.78,1,4.858105522110037,0.0,1.791759469228055,False,False,True,False,True,False,0.8333333333333334,25.556
8.0,24.0,3,5,1,0,4.0,155.61,0,5.053758638478342,1.6094379124341003,1.3862943611198906,False,True,False,False,True,False,1.5,17.290000000000003
7.0,35.0,3,4,4,0,3.0,192.5,0,5.2652775124698366,1.3862943611198906,1.3862943611198906,False,False,False,False,True,False,0.6,24.0625
7.0,12.0,4,4,7,0,0.0,145.05,0,4.9839490288337505,0.0,1.6094379124341003,False,True,False,False,True,False,0.5,18.13125
24.0,24.0,5,5,7,0,12.0,257.69,0,5.555630433632342,2.5649493574615367,1.791759469228055,False,False,False,False,True,False,0.625,10.3076
5.0,30.0,3,1,2,0,7.0,153.09,0,5.037536847293762,2.0794415416798357,1.3862943611198906,False,True,False,False,True,False,1.0,25.515
0.0,6.0,4,4,2,0,0.0,128.36,0,4.862599215268851,0.0,1.6094379124341003,False,False,True,False,False,True,1.3333333333333333,128.36
0.0,11.0,3,3,7,0,0.0,283.03,0,5.649079866385166,0.0,1.3862943611198906,False,False,False,True,True,False,0.375,283.03
10.0,25.0,3,2,6,0,1.0,161.88,0,5.093013733362158,0.6931471805599453,1.3862943611198906,False,False,True,False,False,False,0.42857142857142855,14.716363636363637
1.0,23.0,2,1,3,1,1.0,154.35,0,5.045680635839056,0.6931471805599453,1.0986122886681096,False,False,True,False,True,False,0.5,77.175
9.0,10.0,3,1,10,1,0.0,122.85,1,4.819071155935369,0.0,1.3862943611198906,False,False,True,False,False,True,0.2727272727272727,12.285
10.0,10.0,4,4,6,0,8.0,169.85,0,5.140785978561301,2.1972245773362196,1.6094379124341003,False,True,False,False,False,True,0.5714285714285714,15.44090909090909
8.0,9.0,4,5,2,1,3.0,170.38,0,5.1438833132409725,1.3862943611198906,1.6094379124341003,False,True,False,False,False,True,1.3333333333333333,18.93111111111111
15.0,12.0,2,4,5,0,3.0,193.7,0,5.271459912378154,1.3862943611198906,1.0986122886681096,False,True,False,False,False,True,0.3333333333333333,12.10625
3.0,14.0,5,2,8,0,4.0,150.32,0,5.019396799764828,1.6094379124341003,1.791759469228055,False,False,True,False,True,False,0.5555555555555556,37.58
12.0,6.0,4,1,2,0,47.0,227.42,0,5.431186039622461,3.8712010109078907,1.6094379124341003,True,False,False,False,True,False,1.3333333333333333,17.493846153846153
3.0,7.0,4,3,3,0,10.0,168.19,0,5.131022343770705,2.3978952727983707,1.6094379124341003,False,True,False,False,False,False,1.0,42.0475
4.0,29.0,4,5,2,0,9.0,209.12,0,5.347678796085761,2.302585092994046,1.6094379124341003,False,False,False,False,True,False,1.3333333333333333,41.824
13.0,17.0,4,5,3,1,11.0,295.68,0,5.692654116868358,2.4849066497880004,1.6094379124341003,True,False,False,False,False,False,1.0,21.12
4.0,13.0,3,5,3,0,2.0,196.37,0,5.285080139766016,1.0986122886681096,1.3862943611198906,False,False,False,False,True,False,0.75,39.274
1.0,32.0,2,2,3,1,2.0,154.94,0,5.049471317881454,1.0986122886681096,1.0986122886681096,False,False,True,False,False,True,0.5,77.47
2.0,8.0,4,3,2,1,3.0,146.54,0,4.9940993254561565,1.3862943611198906,1.6094379124341003,False,False,True,False,False,True,1.3333333333333333,48.846666666666664
8.0,6.0,5,1,2,0,1.0,129.77,0,4.873440054918411,0.6931471805599453,1.791759469228055,False,False,True,False,True,False,1.6666666666666667,14.41888888888889
16.0,9.0,5,1,5,0,1.0,192.81,0,5.2668782977126565,0.6931471805599453,1.791759469228055,False,True,False,False,False,True,0.8333333333333334,11.341764705882353
19.0,14.0,3,1,2,0,0.0,125.87,1,4.843162940152507,0.0,1.3862943611198906,False,False,True,False,False,True,1.0,6.2935
17.0,14.0,3,1,7,1,2.0,124.36,0,4.831189598047765,1.0986122886681096,1.3862943611198906,False,False,True,False,False,True,0.375,6.908888888888889
28.0,32.0,1,4,5,1,4.0,296.36,0,5.694943525988997,1.6094379124341003,0.6931471805599453,False,False,False,True,True,False,0.16666666666666666,10.219310344827587
24.0,9.0,3,4,4,0,0.0,237.34,0,5.47369822566266,0.0,1.3862943611198906,True,False,False,False,False,True,0.6,9.4936
12.0,9.0,5,4,6,0,6.0,149.68,0,5.015158382823841,1.9459101490553132,1.791759469228055,False,False,True,False,True,False,0.7142857142857143,11.513846153846155
7.0,14.0,4,4,2,0,3.0,168.02,0,5.1300170511163365,1.3862943611198906,1.6094379124341003,False,True,False,False,False,False,1.3333333333333333,21.0025
14.0,7.0,3,5,1,0,7.0,141.03,0,4.956038302893036,2.0794415416798357,1.3862943611198906,False,True,False,False,True,False,1.5,9.402
0.0,9.0,3,3,2,0,7.0,140.84,1,4.954699661765953,2.0794415416798357,1.3862943611198906,False,False,True,False,False,True,1.0,140.84
4.0,12.0,5,2,11,0,4.0,162.61,0,5.097485546994985,1.6094379124341003,1.791759469228055,False,False,True,False,True,False,0.4166666666666667,32.522000000000006
11.0,14.0,3,4,6,0,8.0,125.92,0,4.843556966714995,2.1972245773362196,1.3862943611198906,False,False,True,False,True,False,0.42857142857142855,10.493333333333334
12.0,32.0,5,4,5,0,2.0,245.61,0,5.50780814140846,1.0986122886681096,1.791759469228055,False,False,False,False,True,False,0.8333333333333334,18.893076923076926
5.0,6.0,3,1,2,0,7.0,204.22,0,5.324082574434063,2.0794415416798357,1.3862943611198906,False,False,False,False,True,False,1.0,34.03666666666667
5.0,14.0,3,2,6,0,8.0,194.29,0,5.274485633294691,2.1972245773362196,1.3862943611198906,False,True,False,False,False,False,0.42857142857142855,32.38166666666667
25.0,8.0,4,1,8,0,2.0,132.12,0,4.8912509770728985,1.0986122886681096,1.6094379124341003,False,False,True,False,False,True,0.4444444444444444,5.081538461538462
4.0,14.0,4,3,3,0,1.0,137.74,0,4.932601677957155,0.6931471805599453,1.6094379124341003,False,False,True,False,True,False,1.0,27.548000000000002
5.0,9.0,4,5,9,0,4.0,178.32,0,5.189171919287238,1.6094379124341003,1.6094379124341003,False,True,False,False,False,True,0.4,29.72
26.0,30.0,1,1,4,0,2.0,170.05,0,5.141955911423613,1.0986122886681096,0.6931471805599453,False,False,False,False,True,False,0.2,6.298148148148148
8.0,10.0,4,4,3,0,10.0,179.33,0,5.19478850571918,2.3978952727983707,1.6094379124341003,False,True,False,False,True,False,1.0,19.925555555555558
0.0,16.0,3,3,2,1,1.0,110.09,1,4.710340683593631,0.6931471805599453,1.3862943611198906,False,False,True,False,False,True,1.0,110.09
19.0,9.0,5,1,11,0,9.0,292.92,0,5.683307621466816,2.302585092994046,1.791759469228055,True,False,False,False,True,False,0.4166666666666667,14.646
10.0,19.0,4,3,11,1,2.0,171.63,0,5.151150575828457,1.0986122886681096,1.6094379124341003,False,True,False,False,True,False,0.3333333333333333,15.602727272727272
27.0,9.0,3,2,4,0,9.0,277.79,0,5.630458810237358,2.302585092994046,1.3862943611198906,True,False,False,False,False,False,0.6,9.921071428571429
14.0,15.0,3,3,3,0,11.0,294.19,0,5.687619216813782,2.4849066497880004,1.3862943611198906,False,False,False,True,True,False,0.75,19.612666666666666
3.0,7.0,2,3,10,1,3.0,187.94,0,5.241429504340989,1.3862943611198906,1.0986122886681096,False,True,False,False,False,True,0.18181818181818182,46.985
13.0,9.0,5,2,10,0,5.0,177.04,0,5.182008244147654,1.791759469228055,1.791759469228055,False,True,False,False,False,False,0.45454545454545453,12.645714285714286
12.0,7.0,5,3,11,1,1.0,178.81,1,5.191900737843547,0.6931471805599453,1.791759469228055,False,False,False,False,False,True,0.4166666666666667,13.754615384615384
18.0,13.0,1,3,5,0,2.0,164.34,0,5.108003959824529,1.0986122886681096,0.6931471805599453,False,True,False,False,True,False,0.16666666666666666,8.649473684210527
9.0,26.0,3,3,1,0,2.0,122.72,0,4.818020947816869,1.0986122886681096,1.3862943611198906,False,True,False,False,False,True,1.5,12.272
29.0,27.0,4,2,5,1,9.0,179.15,0,5.193789837194102,2.302585092994046,1.6094379124341003,False,True,False,False,False,False,0.6666666666666666,5.971666666666667
1.0,7.0,5,1,1,0,5.0,166.74,0,5.122415161556265,1.791759469228055,1.791759469228055,False,True,False,False,True,False,2.5,83.37
10.0,14.0,4,1,4,0,2.0,171.78,0,5.152019108930738,1.0986122886681096,1.6094379124341003,False,False,True,False,False,True,0.8,15.616363636363637
10.0,13.0,2,5,5,1,3.0,180.62,0,5.201916592261682,1.3862943611198906,1.0986122886681096,False,True,False,False,True,False,0.3333333333333333,16.42
9.0,33.0,3,4,3,0,2.0,123.11,0,4.82116826914143,1.0986122886681096,1.3862943611198906,False,False,True,False,False,True,0.75,12.311
1.0,12.0,5,2,3,1,9.0,253.08,0,5.537649178058771,2.302585092994046,1.791759469228055,False,False,False,False,True,False,1.25,126.54
13.0,6.0,4,4,2,0,11.0,235.03,0,5.463958915590788,2.4849066497880004,1.6094379124341003,True,False,False,False,True,False,1.3333333333333333,16.787857142857142
7.0,32.0,4,3,3,0,2.0,170.39,0,5.14394166140448,1.0986122886681096,1.6094379124341003,False,True,False,False,True,False,1.0,21.29875
3.0,30.0,4,1,11,0,3.0,147.01,0,4.997279839049098,1.3862943611198906,1.6094379124341003,False,False,True,False,False,True,0.3333333333333333,36.7525
9.0,6.0,4,3,1,0,2.0,143.74,0,4.974939029437982,1.0986122886681096,1.6094379124341003,False,True,False,False,True,False,2.0,14.374
25.0,28.0,4,1,2,1,1.0,179.41,0,5.195232038464711,0.6931471805599453,1.6094379124341003,False,True,False,False,False,True,1.3333333333333333,6.900384615384615
13.0,28.0,5,1,5,1,5.0,186.2,0,5.232177564043492,1.791759469228055,1.791759469228055,False,True,False,False,True,False,0.8333333333333334,13.299999999999999
6.0,20.0,3,4,2,0,6.0,127.56,0,4.856395721429257,1.9459101490553132,1.3862943611198906,False,False,True,False,False,False,1.0,18.222857142857144
0.0,14.0,3,2,2,0,2.0,123.23,0,4.822134686225586,1.0986122886681096,1.3862943611198906,False,False,True,False,False,False,1.0,123.23
8.0,8.0,4,5,7,0,4.0,154.96,0,5.049599564114397,1.6094379124341003,1.6094379124341003,False,False,True,False,True,False,0.5,17.21777777777778
22.0,7.0,2,2,4,0,2.0,293.85,0,5.686466752446513,1.0986122886681096,1.0986122886681096,True,False,False,False,False,True,0.4,12.77608695652174
11.0,16.0,4,1,3,1,3.0,148.26,0,5.005689751703241,1.3862943611198906,1.6094379124341003,False,False,True,False,True,False,1.0,12.354999999999999
3.0,8.0,2,3,10,1,3.0,187.94,0,5.241429504340989,1.3862943611198906,1.0986122886681096,False,True,False,False,False,True,0.18181818181818182,46.985
19.0,35.0,4,1,6,0,4.0,146.32,0,4.992607091576865,1.6094379124341003,1.6094379124341003,False,False,True,False,True,False,0.5714285714285714,7.316
15.0,14.0,3,3,5,0,0.0,139.68,0,4.946487807605782,0.0,1.3862943611198906,False,False,True,False,False,True,0.5,8.73
9.0,10.0,3,4,8,0,2.0,151.31,0,5.025917917627413,1.0986122886681096,1.3862943611198906,False,True,False,False,True,False,0.3333333333333333,15.131
23.0,25.0,4,1,3,1,8.0,193.04,0,5.268064323377016,2.1972245773362196,1.6094379124341003,False,True,False,False,True,False,1.0,8.043333333333333
8.0,9.0,4,2,3,0,5.0,187.74,0,5.240370406593187,1.791759469228055,1.6094379124341003,False,True,False,False,False,True,1.0,20.86
3.0,15.0,3,5,2,0,10.0,130.72,0,4.880678457508163,2.3978952727983707,1.3862943611198906,False,True,False,False,True,False,1.0,32.68
11.0,9.0,4,3,6,1,47.0,221.02,0,5.402767467904501,3.8712010109078907,1.6094379124341003,False,True,False,False,True,False,0.5714285714285714,18.418333333333333
9.0,21.0,5,2,1,1,3.0,121.68,0,4.809579339246051,1.3862943611198906,1.791759469228055,False,False,True,False,False,False,2.5,12.168000000000001
12.0,9.0,2,5,8,1,13.0,184.8,0,5.224670826379739,2.639057329615259,1.0986122886681096,False,True,False,False,False,True,0.2222222222222222,14.215384615384616
0.0,14.0,1,3,8,0,2.0,135.17,0,4.913904105136484,1.0986122886681096,0.6931471805599453,False,False,True,False,True,False,0.1111111111111111,135.17
2.0,16.0,4,1,3,0,5.0,145.7,0,4.9883896851489355,1.791759469228055,1.6094379124341003,False,False,True,False,True,False,1.0,48.56666666666666
3.0,21.0,4,5,3,0,7.0,171.4,0,5.149817358229592,2.0794415416798357,1.6094379124341003,False,False,False,False,True,False,1.0,42.85
1.0,24.0,5,1,7,0,4.0,148.67,1,5.008432870541055,1.6094379124341003,1.791759469228055,False,False,True,False,True,False,0.625,74.335
1.0,29.0,5,4,3,0,1.0,153.63,1,5.041035166487339,0.6931471805599453,1.791759469228055,False,False,True,False,True,False,1.25,76.815
9.0,6.0,5,3,2,0,0.0,113.59,1,4.7413605404383565,0.0,1.791759469228055,False,False,True,False,False,True,1.6666666666666667,11.359
6.0,6.0,1,5,2,0,8.0,140.37,0,4.9513805668789415,2.1972245773362196,0.6931471805599453,False,True,False,False,True,False,0.3333333333333333,20.052857142857142
12.0,8.0,1,3,1,0,7.0,178.8,0,5.19184512203752,2.0794415416798357,0.6931471805599453,False,False,False,False,False,True,0.5,13.753846153846155
7.0,7.0,2,5,4,0,4.0,178.76,0,5.191622627877074,1.6094379124341003,1.0986122886681096,False,True,False,False,True,False,0.4,22.345
9.0,10.0,4,5,2,0,0.0,121.09,0,4.804758477680764,0.0,1.6094379124341003,False,False,True,False,True,False,1.3333333333333333,12.109
2.0,15.0,4,2,1,0,2.0,139.83,0,4.947553489209959,1.0986122886681096,1.6094379124341003,False,False,True,False,False,True,2.0,46.61000000000001
6.0,8.0,3,1,2,0,4.0,155.05,0,5.0501764687167885,1.6094379124341003,1.3862943611198906,False,True,False,False,True,False,1.0,22.150000000000002
19.0,9.0,5,3,3,0,1.0,147.74,0,5.002199815275154,0.6931471805599453,1.791759469228055,False,False,True,False,False,True,1.25,7.3870000000000005
3.0,22.0,5,3,2,1,9.0,166.93,0,5.123547225906917,2.302585092994046,1.791759469228055,False,True,False,False,False,True,1.6666666666666667,41.7325
1.0,7.0,5,5,3,0,47.0,222.14,1,5.407799377165033,3.8712010109078907,1.791759469228055,False,True,False,False,True,False,1.25,111.07
3.0,26.0,5,3,3,0,47.0,211.2,0,5.357529226179882,3.8712010109078907,1.791759469228055,False,True,False,False,True,False,1.25,52.8
15.0,15.0,4,1,9,0,1.0,296.13,0,5.694169753473141,0.6931471805599453,1.6094379124341003,False,False,False,True,False,True,0.4,18.508125
24.0,7.0,5,3,4,0,3.0,161.9,0,5.093136515607999,1.3862943611198906,1.791759469228055,False,False,True,False,True,False,1.0,6.476
12.0,9.0,5,3,5,1,3.0,202.56,0,5.315960801720632,1.3862943611198906,1.791759469228055,False,False,False,False,True,False,0.8333333333333334,15.581538461538461
13.0,20.0,4,3,2,0,9.0,296.26,0,5.694607176720749,2.302585092994046,1.6094379124341003,False,False,False,True,False,True,1.3333333333333333,21.16142857142857
8.0,10.0,5,1,5,1,2.0,206.03,0,5.33286371030062,1.0986122886681096,1.791759469228055,False,True,False,False,True,False,0.8333333333333334,22.892222222222223
11.0,16.0,5,4,3,0,4.0,166.89,0,5.123309003048306,1.6094379124341003,1.791759469228055,False,True,False,False,True,False,1.25,13.907499999999999
18.0,13.0,3,5,2,0,11.0,152.1,0,5.031091302663638,2.4849066497880004,1.3862943611198906,False,False,False,False,True,False,1.0,8.005263157894737
0.0,14.0,3,3,2,0,0.0,123.18,0,4.821732125936747,0.0,1.3862943611198906,False,False,True,False,False,True,1.0,123.18
7.0,7.0,5,2,2,0,5.0,194.49,0,5.275509227222028,1.791759469228055,1.791759469228055,False,True,False,False,False,True,1.6666666666666667,24.31125
0.0,14.0,4,5,7,1,0.0,124.04,1,4.828633686113221,0.0,1.6094379124341003,False,False,True,False,False,True,0.5,124.04
7.0,30.0,3,3,4,1,0.0,131.61,1,4.887412489689508,0.0,1.3862943611198906,False,False,True,False,True,False,0.6,16.45125
10.0,16.0,1,1,2,1,8.0,237.44,0,5.474117706351726,2.1972245773362196,0.6931471805599453,False,False,False,False,True,False,0.3333333333333333,21.585454545454546
0.0,16.0,5,1,8,0,3.0,134.08,1,4.905867195517367,1.3862943611198906,1.791759469228055,False,False,True,False,True,False,0.5555555555555556,134.08
0.0,14.0,4,5,7,0,7.0,123.62,1,4.825269107116076,2.0794415416798357,1.6094379124341003,False,False,True,False,False,True,0.5,123.62
4.0,8.0,4,5,4,0,0.0,164.1,0,5.1065513509260825,0.0,1.6094379124341003,False,True,False,False,True,False,0.8,32.82
1.0,31.0,6,2,3,1,1.0,148.4,1,5.006627272698717,0.6931471805599453,1.9459101490553132,False,False,True,False,False,True,1.5,74.2
1.0,16.0,4,5,3,0,1.0,142.9,1,4.969118613893322,0.6931471805599453,1.6094379124341003,False,False,True,False,True,False,1.0,71.45
0.0,15.0,5,4,2,0,2.0,127.6,1,4.856706811803519,1.0986122886681096,1.791759469228055,False,False,True,False,False,True,1.6666666666666667,127.6
25.0,25.0,3,2,1,0,2.0,142.58,0,4.966892371148337,1.0986122886681096,1.3862943611198906,False,False,True,False,False,False,1.5,5.483846153846154
6.0,14.0,4,2,6,0,47.0,217.04,0,5.38467853219608,3.8712010109078907,1.6094379124341003,False,True,False,False,False,False,0.5714285714285714,31.005714285714284
29.0,11.0,4,3,2,1,3.0,165.35,0,5.114094002464486,1.3862943611198906,1.6094379124341003,False,True,False,False,True,False,1.3333333333333333,5.511666666666667
13.0,7.0,4,3,3,1,7.0,316.97,0,5.761957038707274,2.0794415416798357,1.6094379124341003,False,False,False,True,True,False,1.0,22.64071428571429
10.0,25.0,3,3,4,0,2.0,157.68,0,5.0668895956461295,1.0986122886681096,1.3862943611198906,False,True,False,False,True,False,0.6,14.334545454545456
16.0,9.0,4,3,7,0,15.0,313.8,0,5.751937516543248,2.772588722239781,1.6094379124341003,False,False,False,True,True,False,0.5,18.458823529411767
1.0,7.0,5,4,3,1,3.0,146.74,1,4.9954539721005915,1.3862943611198906,1.791759469228055,False,False,True,False,False,True,1.25,73.37
9.0,14.0,5,5,2,1,7.0,121.19,1,4.805577210328431,2.0794415416798357,1.791759469228055,False,False,True,False,True,False,1.6666666666666667,12.119
13.0,8.0,4,3,3,0,2.0,128.09,0,4.860509835518618,1.0986122886681096,1.6094379124341003,False,False,True,False,False,True,1.0,9.149285714285714
1.0,10.0,4,3,11,0,1.0,170.77,1,5.146156372648934,0.6931471805599453,1.6094379124341003,False,True,False,False,False,True,0.3333333333333333,85.385
0.0,19.0,4,5,6,1,2.0,161.34,1,5.08969290133303,1.0986122886681096,1.6094379124341003,False,True,False,False,True,False,0.5714285714285714,161.34
3.0,28.0,4,3,3,1,0.0,163.8,1,5.1047326174753715,0.0,1.6094379124341003,False,True,False,False,False,False,1.0,40.95
3.0,16.0,5,1,2,0,3.0,164.83,0,5.110963167226007,1.3862943611198906,1.791759469228055,False,False,True,False,False,True,1.6666666666666667,41.2075
1.0,16.0,4,5,3,0,1.0,150.52,0,5.020717629437768,0.6931471805599453,1.6094379124341003,False,False,True,False,False,True,1.0,75.26
1.0,24.0,4,4,3,0,1.0,147.1,1,4.997887721273753,0.6931471805599453,1.6094379124341003,False,False,True,False,True,False,1.0,73.55
0.0,8.0,1,3,1,0,7.0,165.0,0,5.111987788356544,2.0794415416798357,0.6931471805599453,False,True,False,False,False,True,0.5,165.0
3.0,22.0,6,2,2,1,4.0,146.68,0,4.995047770754542,1.6094379124341003,1.9459101490553132,False,False,True,False,False,False,2.0,36.67
11.0,21.0,4,5,3,0,18.0,155.34,0,5.052033122792184,2.9444389791664403,1.6094379124341003,False,False,True,False,True,False,1.0,12.945
0.0,16.0,3,5,2,1,10.0,270.68,0,5.604624903122983,2.3978952727983707,1.3862943611198906,True,False,False,False,True,False,1.0,270.68
14.0,28.0,3,1,4,1,3.0,154.67,0,5.047738382047758,1.3862943611198906,1.3862943611198906,False,True,False,False,True,False,0.6,10.311333333333332
19.0,17.0,4,1,5,0,3.0,151.54,0,5.027426856736092,1.3862943611198906,1.6094379124341003,False,False,True,False,True,False,0.6666666666666666,7.577
8.0,17.0,3,3,8,1,2.0,126.6,0,4.848900370910689,1.0986122886681096,1.3862943611198906,False,False,True,False,True,False,0.3333333333333333,14.066666666666666
20.0,11.0,3,3,5,0,1.0,283.0,0,5.648974238161206,0.6931471805599453,1.3862943611198906,False,False,False,True,True,False,0.5,13.476190476190476
0.0,20.0,3,1,1,1,7.0,175.53,1,5.173490833601192,2.0794415416798357,1.3862943611198906,False,False,False,False,False,True,1.5,175.53
28.0,14.0,4,1,6,0,8.0,193.54,0,5.270637797441294,2.1972245773362196,1.6094379124341003,False,True,False,False,True,False,0.5714285714285714,6.673793103448276
21.0,10.0,4,3,8,0,47.0,209.99,0,5.3518107389880365,3.8712010109078907,1.6094379124341003,False,False,False,False,False,True,0.4444444444444444,9.545
23.0,13.0,4,3,6,1,8.0,287.4,0,5.664348405410794,2.1972245773362196,1.6094379124341003,False,False,False,True,True,False,0.5714285714285714,11.975
15.0,15.0,4,1,9,0,1.0,296.13,0,5.694169753473141,0.6931471805599453,1.6094379124341003,False,False,False,True,False,True,0.4,18.508125
12.0,7.0,4,3,6,1,1.0,203.61,0,5.321105728178468,0.6931471805599453,1.6094379124341003,False,False,False,False,False,True,0.5714285714285714,15.662307692307694
0.0,12.0,3,3,1,0,2.0,127.73,0,4.857717187671543,1.0986122886681096,1.3862943611198906,False,False,True,False,False,False,1.5,127.73
9.0,16.0,5,4,11,0,1.0,190.4,0,5.254365479018854,0.6931471805599453,1.791759469228055,False,True,False,False,False,True,0.4166666666666667,19.04
18.0,9.0,4,3,7,1,47.0,227.09,0,5.429740287908455,3.8712010109078907,1.6094379124341003,False,False,False,False,False,True,0.5,11.952105263157895
12.0,9.0,4,4,9,0,1.0,198.51,0,5.29586436038697,0.6931471805599453,1.6094379124341003,False,False,False,False,False,True,0.4,15.27
9.0,32.0,4,3,3,1,47.0,228.88,0,5.437557433639541,3.8712010109078907,1.6094379124341003,False,False,False,False,True,False,1.0,22.887999999999998
9.0,16.0,2,3,4,1,7.0,122.13,0,4.81324070780478,2.0794415416798357,1.0986122886681096,False,False,True,False,False,False,0.4,12.213
7.0,14.0,1,3,3,0,2.0,144.04,0,4.977009566446595,1.0986122886681096,0.6931471805599453,False,True,False,False,True,False,0.25,18.005
29.0,29.0,3,4,5,1,9.0,234.02,0,5.459670616905795,2.302585092994046,1.3862943611198906,True,False,False,False,True,False,0.5,7.800666666666667
9.0,13.0,3,5,4,0,2.0,120.62,0,4.800901429691963,1.0986122886681096,1.3862943611198906,False,False,True,False,False,True,0.6,12.062000000000001
27.0,5.0,3,3,8,0,0.0,137.8,0,4.933034048072704,0.0,1.3862943611198906,False,True,False,False,False,True,0.3333333333333333,4.921428571428572
18.0,14.0,3,4,9,0,15.0,123.48,0,4.824145060430081,2.772588722239781,1.3862943611198906,False,True,False,False,True,False,0.3,6.498947368421053
1.0,8.0,5,5,3,0,47.0,222.14,1,5.407799377165033,3.8712010109078907,1.791759469228055,False,True,False,False,True,False,1.25,111.07
0.0,22.0,1,5,2,0,14.0,127.43,1,4.855384008824965,2.70805020110221,0.6931471805599453,False,False,True,False,False,True,0.3333333333333333,127.43
1.0,24.0,5,4,3,0,1.0,146.27,0,4.992267636738071,0.6931471805599453,1.791759469228055,False,False,True,False,True,False,1.25,73.135
8.0,30.0,4,3,2,0,8.0,170.68,0,5.145632278882388,2.1972245773362196,1.6094379124341003,False,True,False,False,False,True,1.3333333333333333,18.964444444444446
8.0,15.0,4,3,2,1,15.0,206.85,0,5.336816665698646,2.772588722239781,1.6094379124341003,False,False,False,False,False,False,1.3333333333333333,22.983333333333334
18.0,26.0,3,1,1,1,10.0,234.96,0,5.4636622991348744,2.3978952727983707,1.3862943611198906,True,False,False,False,True,False,1.5,12.366315789473685
0.0,6.0,3,4,2,0,4.0,163.97,0,5.105763639187833,1.6094379124341003,1.3862943611198906,False,True,False,False,True,False,1.0,163.97
20.0,14.0,3,3,5,0,0.0,124.79,1,4.834613849850781,0.0,1.3862943611198906,False,False,True,False,False,True,0.5,5.942380952380953
23.0,25.0,5,3,3,1,10.0,320.02,0,5.771503426485071,2.3978952727983707,1.791759469228055,False,False,False,True,True,False,1.25,13.334166666666667
6.0,7.0,5,4,8,0,3.0,148.32,0,5.006091654046383,1.3862943611198906,1.791759469228055,False,False,True,False,False,False,0.5555555555555556,21.18857142857143
13.0,25.0,3,2,9,1,7.0,127.41,0,4.855228269843183,2.0794415416798357,1.3862943611198906,False,True,False,False,False,False,0.3,9.100714285714286
9.0,7.0,3,1,2,0,0.0,116.11,0,4.763113664054046,0.0,1.3862943611198906,False,False,True,False,False,True,1.0,11.611
23.0,15.0,4,4,6,0,8.0,199.03,0,5.298467355299161,2.1972245773362196,1.6094379124341003,False,False,False,False,True,False,0.5714285714285714,8.292916666666667
27.0,20.0,3,5,3,0,4.0,169.5,0,5.1387352967235715,1.6094379124341003,1.3862943611198906,False,True,False,False,True,False,0.75,6.053571428571429
19.0,14.0,2,3,6,0,3.0,189.34,0,5.248811946644198,1.3862943611198906,1.0986122886681096,False,True,False,False,True,False,0.2857142857142857,9.467
1.0,16.0,5,5,2,1,3.0,148.21,1,5.00535470965233,1.3862943611198906,1.791759469228055,False,False,True,False,False,True,1.6666666666666667,74.105
23.0,8.0,4,3,6,0,1.0,278.79,0,5.634039321778546,0.6931471805599453,1.6094379124341003,True,False,False,False,False,True,0.5714285714285714,11.61625
0.0,8.0,3,1,7,1,2.0,137.22,1,4.928846618663249,1.0986122886681096,1.3862943611198906,False,False,True,False,False,False,0.375,137.22
2.0,17.0,4,3,5,0,8.0,161.6,0,5.0912931971137105,2.1972245773362196,1.6094379124341003,False,True,False,False,False,True,0.6666666666666666,53.86666666666667
7.0,8.0,3,3,3,0,2.0,140.33,0,4.9510975813800595,1.0986122886681096,1.3862943611198906,False,True,False,False,False,True,0.75,17.54125
1.0,11.0,3,5,1,0,3.0,184.63,0,5.223755445221132,1.3862943611198906,1.3862943611198906,False,True,False,False,False,True,1.5,92.315
4.0,19.0,4,3,2,0,5.0,190.77,0,5.256296737285425,1.791759469228055,1.6094379124341003,False,True,False,False,False,True,1.3333333333333333,38.154
15.0,8.0,3,2,2,0,2.0,140.89,0,4.9550521095192215,1.0986122886681096,1.3862943611198906,False,True,False,False,False,False,1.0,8.805625
17.0,9.0,3,1,5,1,1.0,295.13,0,5.690798547097907,0.6931471805599453,1.3862943611198906,False,False,False,True,True,False,0.5,16.39611111111111
9.0,16.0,3,5,8,1,7.0,183.21,0,5.216076411164126,2.0794415416798357,1.3862943611198906,False,False,False,False,True,False,0.3333333333333333,18.321
2.0,27.0,1,5,2,0,8.0,199.8,0,5.302309387817574,2.1972245773362196,0.6931471805599453,False,False,False,False,True,False,0.3333333333333333,66.60000000000001
1.0,16.0,4,3,3,0,3.0,152.42,1,5.03317925853115,1.3862943611198906,1.6094379124341003,False,False,True,False,True,False,1.0,76.21
29.0,33.0,5,1,3,0,14.0,320.86,0,5.774116668390349,2.70805020110221,1.791759469228055,False,False,False,True,True,False,1.25,10.695333333333334
19.0,9.0,4,4,2,0,8.0,173.05,0,5.159342614257448,2.1972245773362196,1.6094379124341003,False,True,False,False,False,False,1.3333333333333333,8.6525
12.0,9.0,4,5,5,0,8.0,193.93,0,5.2726405197580535,2.1972245773362196,1.6094379124341003,False,True,False,False,True,False,0.6666666666666666,14.917692307692308
16.0,25.0,4,5,8,1,3.0,179.1,0,5.19351225218191,1.3862943611198906,1.6094379124341003,False,True,False,False,True,False,0.4444444444444444,10.535294117647059
5.0,21.0,3,1,6,0,2.0,166.67,0,5.121997761949716,1.0986122886681096,1.3862943611198906,False,True,False,False,True,False,0.42857142857142855,27.778333333333332
14.0,35.0,5,5,6,1,1.0,233.54,1,5.457626149032919,0.6931471805599453,1.791759469228055,False,False,False,False,True,False,0.7142857142857143,15.569333333333333
1.0,26.0,5,5,3,0,8.0,165.66,0,5.115955808954061,2.1972245773362196,1.791759469228055,False,False,True,False,True,False,1.25,82.83
13.0,15.0,4,2,10,0,2.0,148.76,0,5.009034012729282,1.0986122886681096,1.6094379124341003,False,True,False,False,False,False,0.36363636363636365,10.625714285714285
1.0,35.0,3,5,8,1,0.0,166.73,1,5.1223555437066635,0.0,1.3862943611198906,False,True,False,False,False,False,0.3333333333333333,83.365
28.0,8.0,3,4,4,0,47.0,209.76,0,5.350720045341085,3.8712010109078907,1.3862943611198906,False,False,False,False,False,False,0.6,7.233103448275862
12.0,14.0,3,3,2,0,7.0,137.55,0,4.931231271308987,2.0794415416798357,1.3862943611198906,False,False,True,False,False,False,1.0,10.580769230769231
27.0,8.0,3,3,10,0,3.0,235.49,0,5.465905923739927,1.3862943611198906,1.3862943611198906,False,False,False,False,True,False,0.2727272727272727,8.410357142857142
5.0,15.0,2,4,11,0,3.0,146.09,0,4.991044644331252,1.3862943611198906,1.0986122886681096,False,False,True,False,False,True,0.16666666666666666,24.348333333333333
0.0,22.0,3,5,3,1,0.0,185.64,1,5.229181627713174,0.0,1.3862943611198906,False,False,False,False,False,True,0.75,185.64
6.0,16.0,1,3,1,1,8.0,183.8,0,5.2192741592075835,2.1972245773362196,0.6931471805599453,False,False,False,False,True,False,0.5,26.25714285714286
9.0,15.0,3,1,5,0,3.0,200.96,1,5.308069657990715,1.3862943611198906,1.3862943611198906,False,False,False,False,True,False,0.5,20.096
9.0,6.0,3,5,3,0,2.0,120.8,0,4.802380355275797,1.0986122886681096,1.3862943611198906,False,False,True,False,False,True,0.75,12.08
23.0,17.0,3,4,4,0,4.0,299.26,0,5.7046487659841585,1.6094379124341003,1.3862943611198906,False,False,False,True,False,True,0.6,12.469166666666666
1.0,13.0,6,3,2,0,1.0,148.51,1,5.007363280225836,0.6931471805599453,1.9459101490553132,False,False,True,False,True,False,2.0,74.255
0.0,14.0,3,1,2,0,4.0,134.45,0,4.908602568531104,1.6094379124341003,1.3862943611198906,False,False,True,False,False,True,1.0,134.45
19.0,19.0,3,4,7,0,9.0,155.62,0,5.053822489322791,2.302585092994046,1.3862943611198906,False,True,False,False,False,True,0.375,7.781000000000001
23.0,7.0,4,5,4,0,3.0,160.8,0,5.086361004624392,1.3862943611198906,1.6094379124341003,False,False,True,False,False,False,0.8,6.7
0.0,6.0,4,5,2,0,3.0,139.55,0,4.945563297352541,1.3862943611198906,1.6094379124341003,False,False,True,False,False,False,1.3333333333333333,139.55
1.0,17.0,4,3,3,1,4.0,167.6,0,5.127529045567755,1.6094379124341003,1.6094379124341003,False,True,False,False,True,False,1.0,83.8
7.0,8.0,3,2,2,0,11.0,166.87,0,5.123189870334323,2.4849066497880004,1.3862943611198906,False,True,False,False,False,True,1.0,20.85875
9.0,11.0,4,5,10,1,0.0,134.19,0,4.906681196376314,0.0,1.6094379124341003,False,False,True,False,True,False,0.36363636363636365,13.419
8.0,22.0,4,1,3,0,6.0,204.78,1,5.326807636947664,1.9459101490553132,1.6094379124341003,False,False,False,False,True,False,1.0,22.753333333333334
6.0,15.0,2,3,7,0,4.0,176.75,0,5.18037806868335,1.6094379124341003,1.0986122886681096,False,True,False,False,True,False,0.25,25.25
7.0,15.0,3,2,1,0,6.0,185.0,0,5.225746673713202,1.9459101490553132,1.3862943611198906,False,False,False,False,True,False,1.5,23.125
26.0,9.0,5,3,3,1,13.0,315.68,0,5.757891800303233,2.639057329615259,1.791759469228055,False,False,False,True,False,True,1.25,11.691851851851853
9.0,12.0,3,1,1,0,11.0,132.1,0,4.891100725401066,2.4849066497880004,1.3862943611198906,False,False,True,False,True,False,1.5,13.209999999999999
12.0,17.0,4,3,5,0,3.0,185.77,0,5.229877913325516,1.3862943611198906,1.6094379124341003,False,True,False,False,True,False,0.6666666666666666,14.290000000000001
18.0,9.0,4,3,7,1,47.0,227.09,0,5.429740287908455,3.8712010109078907,1.6094379124341003,False,False,False,False,False,True,0.5,11.952105263157895
1.0,10.0,4,3,2,1,3.0,166.71,1,5.1222362973435365,1.3862943611198906,1.6094379124341003,False,True,False,False,False,False,1.3333333333333333,83.355
3.0,11.0,4,3,2,0,2.0,161.18,0,5.088706829516411,1.0986122886681096,1.6094379124341003,False,True,False,False,True,False,1.3333333333333333,40.295
12.0,18.0,3,4,5,0,0.0,152.95,0,5.0366278743705095,0.0,1.3862943611198906,False,True,False,False,True,False,0.5,11.765384615384615
15.0,14.0,4,5,1,1,8.0,125.93,0,4.843635753400086,2.1972245773362196,1.6094379124341003,False,False,True,False,True,False,2.0,7.870625
1.0,11.0,5,2,3,1,4.0,169.87,0,5.140903033460182,1.6094379124341003,1.791759469228055,False,True,False,False,False,True,1.25,84.935
23.0,14.0,5,3,10,0,1.0,234.65,0,5.46234765336974,0.6931471805599453,1.791759469228055,False,False,False,False,False,True,0.45454545454545453,9.777083333333334
9.0,25.0,4,3,3,1,3.0,181.89,0,5.208884879216484,1.3862943611198906,1.6094379124341003,False,True,False,False,True,False,1.0,18.189
7.0,9.0,3,4,2,0,9.0,154.33,0,5.045551885999816,2.302585092994046,1.3862943611198906,False,True,False,False,True,False,1.0,19.29125
1.0,17.0,5,5,3,0,1.0,139.16,1,4.9427846271880815,0.6931471805599453,1.791759469228055,False,False,True,False,False,True,1.25,69.58
1.0,9.0,4,5,3,1,1.0,145.74,1,4.9886623132858485,0.6931471805599453,1.6094379124341003,False,False,True,False,True,False,1.0,72.87
0.0,14.0,4,5,7,0,2.0,153.26,1,5.038639490505853,1.0986122886681096,1.6094379124341003,False,True,False,False,False,True,0.5,153.26
6.0,17.0,4,1,4,0,1.0,237.44,0,5.474117706351726,0.6931471805599453,1.6094379124341003,False,False,False,False,False,True,0.8,33.92
15.0,35.0,5,2,5,0,0.0,142.72,0,4.967866962245318,0.0,1.791759469228055,False,True,False,False,False,True,0.8333333333333334,8.92
8.0,6.0,3,3,2,0,8.0,187.89,0,5.241164835043728,2.1972245773362196,1.3862943611198906,False,False,False,False,False,True,1.0,20.876666666666665
10.0,23.0,5,5,6,0,3.0,181.47,0,5.206585775948444,1.3862943611198906,1.791759469228055,False,True,False,False,True,False,0.7142857142857143,16.497272727272726
10.0,27.0,3,2,6,0,0.0,129.73,0,4.873134127573769,0.0,1.3862943611198906,False,False,True,False,False,False,0.42857142857142855,11.793636363636363
3.0,10.0,4,3,6,1,1.0,177.38,1,5.183916106238061,0.6931471805599453,1.6094379124341003,False,True,False,False,False,False,0.5714285714285714,44.345
12.0,9.0,5,3,5,1,3.0,202.56,0,5.315960801720632,1.3862943611198906,1.791759469228055,False,False,False,False,True,False,0.8333333333333334,15.581538461538461
4.0,8.0,3,3,2,0,3.0,134.77,0,4.91096227761219,1.3862943611198906,1.3862943611198906,False,False,True,False,True,False,1.0,26.954
9.0,23.0,4,4,2,0,0.0,121.27,0,4.806231714156099,0.0,1.6094379124341003,False,False,True,False,True,False,1.3333333333333333,12.126999999999999
30.0,6.0,4,3,8,0,3.0,154.73,0,5.048123738507247,1.3862943611198906,1.6094379124341003,False,True,False,False,False,True,0.4444444444444444,4.991290322580645
22.0,16.0,3,5,10,1,2.0,286.65,0,5.661744463309303,1.0986122886681096,1.3862943611198906,False,False,False,True,False,True,0.2727272727272727,12.463043478260868
8.0,22.0,4,5,9,0,10.0,295.07,0,5.690595912852025,2.3978952727983707,1.6094379124341003,True,False,False,False,True,False,0.4,32.785555555555554
1.0,9.0,2,5,9,0,2.0,159.24,0,5.076672691357563,1.0986122886681096,1.0986122886681096,False,False,True,False,False,True,0.2,79.62
1.0,10.0,4,1,3,0,1.0,142.06,0,4.963264122680238,0.6931471805599453,1.6094379124341003,False,False,True,False,True,False,1.0,71.03
7.0,15.0,4,3,2,0,3.0,196.04,0,5.283406753812282,1.3862943611198906,1.6094379124341003,False,True,False,False,True,False,1.3333333333333333,24.505
19.0,11.0,4,4,3,0,9.0,169.47,0,5.138559328162834,2.302585092994046,1.6094379124341003,False,True,False,False,True,False,1.0,8.4735
9.0,27.0,1,4,2,0,13.0,120.28,0,4.7981019218940615,2.639057329615259,0.6931471805599453,False,False,True,False,True,False,0.3333333333333333,12.028
1.0,10.0,5,2,3,1,47.0,228.25,1,5.434813111136574,3.8712010109078907,1.791759469228055,False,False,False,False,False,False,1.25,114.125
12.0,13.0,5,3,3,0,5.0,162.02,0,5.093872892666312,1.791759469228055,1.791759469228055,False,False,True,False,True,False,1.25,12.463076923076924
20.0,32.0,3,3,4,0,0.0,296.58,0,5.695683096399551,0.0,1.3862943611198906,False,False,False,True,True,False,0.6,14.122857142857143
21.0,8.0,2,4,4,0,2.0,181.2,0,5.205104984825858,1.0986122886681096,1.0986122886681096,False,True,False,False,False,False,0.4,8.236363636363636
17.0,34.0,1,2,4,1,11.0,233.2,0,5.456175451163617,2.4849066497880004,0.6931471805599453,True,False,False,False,False,False,0.2,12.955555555555556
2.0,7.0,4,5,3,0,3.0,160.91,0,5.087040625298661,1.3862943611198906,1.6094379124341003,False,False,True,False,True,False,1.0,53.63666666666666
2.0,8.0,3,4,1,0,2.0,131.8,0,4.888844237042334,1.0986122886681096,1.3862943611198906,False,False,True,False,False,False,1.5,43.93333333333334
3.0,6.0,3,4,1,1,7.0,135.79,0,4.918446903101353,2.0794415416798357,1.3862943611198906,False,False,True,False,False,False,1.5,33.9475
9.0,17.0,4,2,3,0,3.0,164.17,0,5.106975246532999,1.3862943611198906,1.6094379124341003,False,False,True,False,True,False,1.0,16.416999999999998
5.0,11.0,4,1,9,0,0.0,196.79,0,5.287205861793318,0.0,1.6094379124341003,False,True,False,False,False,True,0.4,32.79833333333333
30.0,16.0,3,3,1,0,8.0,238.72000000000003,0,5.479471575589985,2.1972245773362196,1.3862943611198906,True,False,False,False,False,True,1.5,7.700645161290323
1.0,7.0,5,3,3,1,1.0,154.33,0,5.045551885999816,0.6931471805599453,1.791759469228055,False,False,True,False,True,False,1.25,77.165
19.0,6.0,3,2,10,0,2.0,296.27,0,5.694640816738918,1.0986122886681096,1.3862943611198906,False,False,False,True,True,False,0.2727272727272727,14.8135
5.0,11.0,4,4,3,0,47.0,218.55,1,5.391579997007726,3.8712010109078907,1.6094379124341003,False,True,False,False,False,True,1.0,36.425000000000004
0.0,16.0,3,5,2,0,7.0,187.93,0,5.2413765760852264,2.0794415416798357,1.3862943611198906,False,False,False,False,True,False,1.0,187.93
2.0,9.0,4,4,6,0,5.0,173.55,1,5.162211233551045,1.791759469228055,1.6094379124341003,False,True,False,False,True,False,0.5714285714285714,57.85
23.0,23.0,4,5,6,1,3.0,150.87,0,5.023024891742178,1.3862943611198906,1.6094379124341003,False,False,True,False,True,False,0.5714285714285714,6.28625
14.0,9.0,4,3,4,0,3.0,145.01,0,4.983675112513472,1.3862943611198906,1.6094379124341003,False,False,True,False,True,False,0.8,9.667333333333334
6.0,8.0,3,4,9,0,7.0,151.47,0,5.026967855383815,2.0794415416798357,1.3862943611198906,False,True,False,False,False,True,0.3,21.638571428571428
14.0,29.0,3,3,4,1,2.0,170.82,0,5.14644741720991,1.0986122886681096,1.3862943611198906,False,False,False,False,False,True,0.6,11.388
1.0,8.0,4,4,3,1,3.0,148.02,1,5.004080525125581,1.3862943611198906,1.6094379124341003,False,False,True,False,False,True,1.0,74.01
1.0,7.0,4,2,4,1,1.0,147.93,1,5.003476396897776,0.6931471805599453,1.6094379124341003,False,False,True,False,False,False,0.8,73.965
2.0,9.0,5,4,2,0,5.0,157.01,0,5.062658322163408,1.791759469228055,1.791759469228055,False,False,True,False,True,False,1.6666666666666667,52.336666666666666
3.0,12.0,4,1,1,0,7.0,146.27,0,4.992267636738071,2.0794415416798357,1.6094379124341003,False,True,False,False,True,False,2.0,36.5675
12.0,16.0,4,1,4,0,4.0,172.71,0,5.157387242113832,1.6094379124341003,1.6094379124341003,False,False,True,False,True,False,0.8,13.285384615384617
1.0,12.0,4,3,3,1,3.0,159.41,1,5.07773303762875,1.3862943611198906,1.6094379124341003,False,False,True,False,False,True,1.0,79.705
11.0,26.0,4,4,6,0,1.0,155.22,0,5.051265270182151,0.6931471805599453,1.6094379124341003,False,False,True,False,True,False,0.5714285714285714,12.935
12.0,9.0,2,5,8,1,13.0,184.8,0,5.224670826379739,2.639057329615259,1.0986122886681096,False,True,False,False,False,True,0.2222222222222222,14.215384615384616
30.0,6.0,5,3,3,1,2.0,156.6,0,5.060060177423779,1.0986122886681096,1.791759469228055,False,True,False,False,True,False,1.25,5.051612903225807
6.0,15.0,2,3,7,0,4.0,176.75,0,5.18037806868335,1.6094379124341003,1.0986122886681096,False,True,False,False,False,False,0.25,25.25
1.0,9.0,4,4,3,0,3.0,147.26,0,4.998967489228574,1.3862943611198906,1.6094379124341003,False,False,True,False,True,False,1.0,73.63
8.0,15.0,4,3,5,0,4.0,186.42,0,5.233352087695677,1.6094379124341003,1.6094379124341003,False,True,False,False,False,True,0.6666666666666666,20.71333333333333
14.0,11.0,1,4,4,0,2.0,168.7,0,5.134032172240181,1.0986122886681096,0.6931471805599453,False,True,False,False,False,True,0.2,11.246666666666666
14.0,21.0,5,3,3,0,10.0,321.26,0,5.775358673145423,2.3978952727983707,1.791759469228055,False,False,False,True,False,True,1.25,21.417333333333332
2.0,36.0,6,4,3,0,8.0,190.49,0,5.254835587936076,2.1972245773362196,1.9459101490553132,False,True,False,False,True,False,1.5,63.49666666666667
4.0,10.0,3,4,2,0,7.0,193.55,1,5.270689199430563,2.0794415416798357,1.3862943611198906,False,True,False,False,False,True,1.0,38.71
3.0,9.0,4,1,9,0,6.0,246.69,1,5.51217796426333,1.9459101490553132,1.6094379124341003,True,False,False,False,True,False,0.4,61.6725
20.0,10.0,4,4,9,1,10.0,203.33,0,5.319736333921337,2.3978952727983707,1.6094379124341003,False,False,False,False,True,False,0.4,9.682380952380953
11.0,23.0,4,3,1,0,9.0,188.23,0,5.242963206415959,2.302585092994046,1.6094379124341003,False,False,False,False,True,False,2.0,15.685833333333333
11.0,7.0,3,1,8,0,9.0,147.35,0,4.99957434673683,2.302585092994046,1.3862943611198906,False,True,False,False,True,False,0.3333333333333333,12.279166666666667
10.0,16.0,2,2,4,0,0.0,146.8,0,4.995860008514102,0.0,1.0986122886681096,False,False,True,False,False,True,0.4,13.345454545454546
11.0,6.0,3,4,1,0,8.0,144.4,0,4.979488565099419,2.1972245773362196,1.3862943611198906,False,True,False,False,True,False,1.5,12.033333333333333
25.0,18.0,5,4,5,0,4.0,256.42,0,5.550708992221232,1.6094379124341003,1.791759469228055,True,False,False,False,False,True,0.8333333333333334,9.862307692307693
1.0,34.0,4,1,3,1,8.0,183.13,1,5.215642029879128,2.1972245773362196,1.6094379124341003,False,True,False,False,False,True,1.0,91.565
14.0,33.0,4,5,3,0,6.0,208.96,0,5.346917036384099,1.9459101490553132,1.6094379124341003,False,True,False,False,False,False,1.0,13.930666666666667
9.0,6.0,3,1,2,0,7.0,121.15,0,4.805249797703749,2.0794415416798357,1.3862943611198906,False,False,True,False,False,True,1.0,12.115
26.0,10.0,5,3,4,1,5.0,204.69,0,5.326370180990072,1.791759469228055,1.791759469228055,False,False,False,False,False,False,1.0,7.581111111111111
28.0,16.0,4,3,5,0,4.0,153.97,0,5.043231549799244,1.6094379124341003,1.6094379124341003,False,True,False,False,True,False,0.6666666666666666,5.309310344827586
20.0,31.0,3,3,3,0,11.0,186.33,0,5.232871767472967,2.4849066497880004,1.3862943611198906,False,False,False,False,False,True,0.75,8.872857142857143
1.0,20.0,4,4,7,0,1.0,182.65,1,5.213031772265676,0.6931471805599453,1.6094379124341003,False,True,False,False,False,True,0.5,91.325
1.0,7.0,5,4,3,1,3.0,145.7,0,4.9883896851489355,1.3862943611198906,1.791759469228055,False,False,True,False,False,True,1.25,72.85
5.0,13.0,3,2,5,0,3.0,192.04,0,5.262897421316776,1.3862943611198906,1.3862943611198906,False,True,False,False,False,False,0.5,32.00666666666667
1.0,31.0,5,4,2,1,11.0,170.99,1,5.147436335588401,2.4849066497880004,1.791759469228055,False,True,False,False,False,True,1.6666666666666667,85.495
18.0,10.0,3,4,2,0,8.0,144.47,0,4.97996987978537,2.1972245773362196,1.3862943611198906,False,True,False,False,False,False,1.0,7.603684210526316
1.0,11.0,2,4,3,1,4.0,186.42,0,5.233352087695677,1.6094379124341003,1.0986122886681096,False,True,False,False,True,False,0.5,93.21
1.0,11.0,4,1,11,1,1.0,147.85,1,5.002939087461785,0.6931471805599453,1.6094379124341003,False,False,True,False,False,True,0.3333333333333333,73.925
1.0,31.0,4,4,10,0,3.0,160.97,0,5.087411132898305,1.3862943611198906,1.6094379124341003,False,False,True,False,False,True,0.36363636363636365,80.485
9.0,28.0,4,2,3,1,8.0,165.14,0,5.112830806410925,2.1972245773362196,1.6094379124341003,False,True,False,False,False,False,1.0,16.514
7.0,21.0,3,5,2,0,6.0,161.25,0,5.0891383555842,1.9459101490553132,1.3862943611198906,False,True,False,False,False,True,1.0,20.15625
19.0,11.0,6,3,6,0,47.0,222.56,0,5.409679834401498,3.8712010109078907,1.9459101490553132,False,False,False,False,True,False,0.8571428571428571,11.128
3.0,16.0,4,3,11,0,3.0,154.74,0,5.04818795014884,1.3862943611198906,1.6094379124341003,False,False,True,False,True,False,0.3333333333333333,38.685
18.0,8.0,4,1,6,1,3.0,156.95,0,5.062278527248094,1.3862943611198906,1.6094379124341003,False,False,True,False,True,False,0.5714285714285714,8.260526315789473
11.0,6.0,1,1,1,0,8.0,176.25,0,5.177561165412237,2.1972245773362196,0.6931471805599453,False,True,False,False,False,True,0.5,14.6875
5.0,12.0,4,4,3,0,3.0,152.89,0,5.0362380614757605,1.3862943611198906,1.6094379124341003,False,False,True,False,True,False,1.0,25.481666666666666
21.0,10.0,4,3,11,1,14.0,262.7,0,5.574812093359241,2.70805020110221,1.6094379124341003,True,False,False,False,True,False,0.3333333333333333,11.94090909090909
27.0,15.0,3,3,4,0,3.0,128.97,0,4.867303654593497,1.3862943611198906,1.3862943611198906,False,True,False,False,True,False,0.6,4.606071428571428
30.0,15.0,4,5,6,1,3.0,167.57,0,5.127351093792217,1.3862943611198906,1.6094379124341003,False,False,True,False,True,False,0.5714285714285714,5.405483870967742
4.0,7.0,6,3,5,0,3.0,163.33,0,5.101876601193199,1.3862943611198906,1.9459101490553132,False,False,True,False,False,False,1.0,32.666000000000004
8.0,20.0,4,3,3,0,47.0,211.28,0,5.357906157959694,3.8712010109078907,1.6094379124341003,False,False,False,False,True,False,1.0,23.475555555555555
1.0,18.0,4,5,2,0,5.0,145.99,0,4.990364557253896,1.791759469228055,1.6094379124341003,False,False,True,False,True,False,1.3333333333333333,72.995
7.0,8.0,3,3,3,0,2.0,140.33,0,4.9510975813800595,1.0986122886681096,1.3862943611198906,False,True,False,False,False,True,0.75,17.54125
12.0,10.0,4,2,10,1,1.0,193.61,0,5.270997555893074,0.6931471805599453,1.6094379124341003,False,True,False,False,False,True,0.36363636363636365,14.893076923076924
17.0,34.0,4,5,10,0,2.0,233.2,0,5.456175451163617,1.0986122886681096,1.6094379124341003,False,False,False,False,True,False,0.36363636363636365,12.955555555555556
5.0,9.0,5,5,5,0,1.0,189.1,0,5.247550249494384,0.6931471805599453,1.791759469228055,False,True,False,False,True,False,0.8333333333333334,31.516666666666666
9.0,15.0,4,3,3,0,5.0,168.23,0,5.131258736419994,1.791759469228055,1.6094379124341003,False,False,True,False,False,True,1.0,16.823
1.0,12.0,4,1,2,1,3.0,148.79,0,5.009234313180627,1.3862943611198906,1.6094379124341003,False,False,True,False,False,True,1.3333333333333333,74.395
24.0,36.0,5,3,2,0,8.0,295.46,0,5.691912302085713,2.1972245773362196,1.791759469228055,True,False,False,False,False,False,1.6666666666666667,11.818399999999999
7.0,24.0,5,3,11,1,1.0,149.37,1,5.013098923534229,0.6931471805599453,1.791759469228055,False,False,True,False,True,False,0.4166666666666667,18.67125
20.0,8.0,3,1,2,1,0.0,267.52,0,5.592925399070551,0.0,1.3862943611198906,True,False,False,False,True,False,1.0,12.739047619047618
7.0,34.0,4,3,2,0,7.0,167.12,0,5.124678010136916,2.0794415416798357,1.6094379124341003,False,True,False,False,True,False,1.3333333333333333,20.89
2.0,6.0,1,3,9,1,2.0,162.94,0,5.099500507224884,1.0986122886681096,0.6931471805599453,False,True,False,False,False,True,0.1,54.31333333333333
21.0,10.0,4,1,3,0,2.0,252.02,0,5.533468536986524,1.0986122886681096,1.6094379124341003,True,False,False,False,True,False,1.0,11.455454545454545
4.0,26.0,3,4,2,1,2.0,131.4,1,4.885827643502908,1.0986122886681096,1.3862943611198906,False,False,True,False,False,True,1.0,26.28
21.0,9.0,5,1,3,1,3.0,157.94,0,5.068526772512033,1.3862943611198906,1.791759469228055,False,False,True,False,False,True,1.25,7.179090909090909
5.0,7.0,3,5,5,0,2.0,140.87,0,4.954911145323894,1.0986122886681096,1.3862943611198906,False,True,False,False,True,False,0.5,23.478333333333335
8.0,24.0,1,5,2,0,10.0,152.08,0,5.0309606605575015,2.3978952727983707,0.6931471805599453,False,True,False,False,True,False,0.3333333333333333,16.89777777777778
12.0,7.0,4,1,9,0,10.0,172.35,0,5.155312672131032,2.3978952727983707,1.6094379124341003,False,True,False,False,True,False,0.4,13.257692307692308
24.0,24.0,5,5,7,0,12.0,257.69,0,5.555630433632342,2.5649493574615367,1.791759469228055,False,False,False,False,True,False,0.625,10.3076
30.0,31.0,3,5,8,0,9.0,176.37,0,5.178237946217495,2.302585092994046,1.3862943611198906,False,False,False,False,False,True,0.3333333333333333,5.6893548387096775
14.0,9.0,2,4,3,0,8.0,167.44,0,5.126579603293727,2.1972245773362196,1.0986122886681096,False,True,False,False,False,False,0.5,11.162666666666667
9.0,7.0,4,3,11,0,10.0,172.17,0,5.15427377096406,2.3978952727983707,1.6094379124341003,False,True,False,False,False,False,0.3333333333333333,17.217
5.0,9.0,4,3,3,0,4.0,159.77,0,5.079974772174869,1.6094379124341003,1.6094379124341003,False,False,True,False,True,False,1.0,26.628333333333334
30.0,24.0,3,1,7,0,4.0,205.12,0,5.328458523460023,1.6094379124341003,1.3862943611198906,False,False,False,False,False,True,0.375,6.6167741935483875
1.0,12.0,4,4,3,1,3.0,149.78,0,5.015821820783556,1.3862943611198906,1.6094379124341003,False,False,True,False,False,True,1.0,74.89
9.0,14.0,4,3,3,0,1.0,149.04,0,5.010901925213687,0.6931471805599453,1.6094379124341003,False,False,True,False,False,False,1.0,14.904
3.0,8.0,4,5,1,0,7.0,149.68,0,5.015158382823841,2.0794415416798357,1.6094379124341003,False,False,True,False,False,True,2.0,37.42
30.0,15.0,4,4,5,1,0.0,133.46,0,4.901266757040891,0.0,1.6094379124341003,False,False,True,False,True,False,0.6666666666666666,4.305161290322581
11.0,14.0,4,4,2,0,3.0,124.4,0,4.83150862819882,1.3862943611198906,1.6094379124341003,False,False,True,False,False,True,1.3333333333333333,10.366666666666667
14.0,34.0,4,4,1,0,10.0,235.7,0,5.466793516519938,2.3978952727983707,1.6094379124341003,True,False,False,False,True,False,2.0,15.713333333333333
26.0,32.0,5,1,5,0,1.0,263.26,0,5.576933466986071,0.6931471805599453,1.791759469228055,True,False,False,False,True,False,0.8333333333333334,9.75037037037037
4.0,16.0,3,1,3,1,4.0,165.83,0,5.116975329867582,1.6094379124341003,1.3862943611198906,False,True,False,False,True,False,0.75,33.166000000000004
9.0,8.0,1,1,2,0,7.0,120.11,0,4.7966992235329595,2.0794415416798357,0.6931471805599453,False,False,True,False,True,False,0.3333333333333333,12.011
18.0,11.0,4,4,11,0,4.0,184.33,0,5.222138019809218,1.6094379124341003,1.6094379124341003,False,True,False,False,False,True,0.3333333333333333,9.701578947368422
0.0,17.0,3,5,2,1,3.0,147.41,0,4.999978713907727,1.3862943611198906,1.3862943611198906,False,True,False,False,True,False,1.0,147.41
19.0,14.0,3,3,9,0,8.0,123.39,1,4.8234217912218735,2.1972245773362196,1.3862943611198906,False,False,True,False,True,False,0.3,6.1695
10.0,6.0,4,5,3,0,2.0,139.2,0,4.94306997460049,1.0986122886681096,1.6094379124341003,False,False,True,False,False,False,1.0,12.654545454545454
11.0,14.0,3,4,6,0,8.0,125.92,0,4.843556966714995,2.1972245773362196,1.3862943611198906,False,False,True,False,True,False,0.42857142857142855,10.493333333333334
9.0,7.0,2,3,5,0,3.0,150.06,0,5.017677108885302,1.3862943611198906,1.0986122886681096,False,False,True,False,False,True,0.3333333333333333,15.006
15.0,30.0,3,5,2,1,8.0,174.06,0,5.165128772304292,2.1972245773362196,1.3862943611198906,False,False,False,False,True,False,1.0,10.87875
20.0,25.0,4,3,4,0,9.0,173.1,0,5.159629846774143,2.302585092994046,1.6094379124341003,False,True,False,False,True,False,0.8,8.242857142857142
0.0,30.0,1,5,2,0,0.0,110.91,1,4.717694976829936,0.0,0.6931471805599453,False,False,True,False,False,True,0.3333333333333333,110.91
1.0,30.0,4,5,11,1,47.0,224.5,1,5.418320158942733,3.8712010109078907,1.6094379124341003,False,False,False,False,True,False,0.3333333333333333,112.25
15.0,21.0,4,3,6,0,9.0,149.51,0,5.014029527164271,2.302585092994046,1.6094379124341003,False,False,True,False,True,False,0.5714285714285714,9.344375
27.0,6.0,3,3,8,0,4.0,205.02,0,5.327973251455547,1.6094379124341003,1.3862943611198906,False,False,False,False,True,False,0.3333333333333333,7.3221428571428575
9.0,14.0,3,3,2,0,8.0,200.96,0,5.308069657990715,2.1972245773362196,1.3862943611198906,False,False,False,False,True,False,1.0,20.096
6.0,15.0,2,1,3,0,9.0,187.09,0,5.236920571682713,2.302585092994046,1.0986122886681096,False,True,False,False,True,False,0.5,26.72714285714286
9.0,15.0,3,5,4,0,0.0,120.18,1,4.797277043516843,0.0,1.3862943611198906,False,False,True,False,False,True,0.6,12.018
12.0,6.0,3,3,2,1,6.0,291.97,0,5.68007021469645,1.9459101490553132,1.3862943611198906,False,False,False,True,True,False,1.0,22.45923076923077
27.0,15.0,4,2,7,0,3.0,243.36,0,5.498642547781566,1.3862943611198906,1.6094379124341003,True,False,False,False,False,False,0.5,8.691428571428572
23.0,29.0,4,4,5,0,3.0,289.13,0,5.670329098396982,1.3862943611198906,1.6094379124341003,True,False,False,False,True,False,0.6666666666666666,12.047083333333333
5.0,9.0,4,5,9,0,4.0,178.32,0,5.189171919287238,1.6094379124341003,1.6094379124341003,False,True,False,False,False,True,0.4,29.72
1.0,7.0,5,4,3,1,3.0,146.74,1,4.9954539721005915,1.3862943611198906,1.791759469228055,False,False,True,False,False,True,1.25,73.37
11.0,15.0,4,4,4,0,8.0,165.71,0,5.11625577595994,2.1972245773362196,1.6094379124341003,False,True,False,False,True,False,0.8,13.809166666666668
13.0,14.0,3,3,4,1,3.0,167.96,1,5.129662000517897,1.3862943611198906,1.3862943611198906,False,True,False,False,True,False,0.6,11.997142857142858
16.0,8.0,3,1,1,0,8.0,135.39,0,4.915518428938784,2.1972245773362196,1.3862943611198906,False,False,True,False,False,True,1.5,7.964117647058822
9.0,21.0,3,3,2,0,2.0,122.07,0,4.812753299184245,1.0986122886681096,1.3862943611198906,False,False,True,False,True,False,1.0,12.206999999999999
7.0,17.0,4,4,5,0,8.0,144.9,0,4.98292145552874,2.1972245773362196,1.6094379124341003,False,True,False,False,False,False,0.6666666666666666,18.1125
1.0,9.0,4,3,8,1,3.0,164.77,0,5.110601285436775,1.3862943611198906,1.6094379124341003,False,False,True,False,True,False,0.4444444444444444,82.385
23.0,6.0,3,3,1,0,13.0,163.47,0,5.102728182753178,2.639057329615259,1.3862943611198906,False,True,False,False,False,False,1.5,6.81125
28.0,6.0,4,3,9,0,1.0,162.8,0,5.098646171418969,0.6931471805599453,1.6094379124341003,False,True,False,False,False,True,0.4,5.613793103448276
14.0,23.0,4,3,11,0,1.0,160.44,0,5.084133556605299,0.6931471805599453,1.6094379124341003,False,False,True,False,True,False,0.3333333333333333,10.696
10.0,35.0,3,4,2,1,47.0,218.49,1,5.391306673390865,3.8712010109078907,1.3862943611198906,False,False,False,False,True,False,1.0,19.862727272727273
3.0,13.0,3,4,1,0,2.0,129.83,0,4.873898770522785,1.0986122886681096,1.3862943611198906,False,False,True,False,False,True,1.5,32.4575
19.0,8.0,3,5,9,0,9.0,270.48,0,5.603888471835558,2.302585092994046,1.3862943611198906,True,False,False,False,True,False,0.3,13.524000000000001
3.0,33.0,3,1,8,0,7.0,153.04,0,5.0372123089467085,2.0794415416798357,1.3862943611198906,False,True,False,False,True,False,0.3333333333333333,38.26
0.0,14.0,4,3,2,0,2.0,126.25,1,4.846153655430632,1.0986122886681096,1.6094379124341003,False,False,True,False,False,True,1.3333333333333333,126.25
9.0,6.0,3,2,3,1,0.0,122.93,1,4.819716890076783,0.0,1.3862943611198906,False,False,True,False,False,False,0.75,12.293000000000001
9.0,7.0,4,3,2,0,0.0,115.63,0,4.759006530702958,0.0,1.6094379124341003,False,False,True,False,True,False,1.3333333333333333,11.562999999999999
31.0,9.0,4,4,6,0,15.0,287.91,0,5.666115220926443,2.772588722239781,1.6094379124341003,True,False,False,False,True,False,0.5714285714285714,8.9971875
3.0,15.0,3,3,8,1,7.0,146.95,0,4.996874378846218,2.0794415416798357,1.3862943611198906,False,True,False,False,False,True,0.3333333333333333,36.7375
29.0,7.0,4,5,2,1,14.0,315.45,0,5.7571652512213145,2.70805020110221,1.6094379124341003,False,False,False,True,False,True,1.3333333333333333,10.514999999999999
3.0,8.0,5,1,5,0,8.0,286.24,0,5.660318103242117,2.1972245773362196,1.791759469228055,True,False,False,False,True,False,0.8333333333333334,71.56
11.0,6.0,3,3,5,1,0.0,178.61,0,5.190787833605371,0.0,1.3862943611198906,False,False,False,False,False,True,0.5,14.884166666666667
23.0,8.0,3,5,3,0,2.0,278.56,0,5.633216938608928,1.0986122886681096,1.3862943611198906,True,False,False,False,False,False,0.75,11.606666666666667
3.0,26.0,3,5,1,0,2.0,199.57,0,5.301163312997955,1.0986122886681096,1.3862943611198906,False,True,False,False,True,False,1.5,49.8925
21.0,9.0,4,1,7,0,5.0,175.7,0,5.174453379325651,1.791759469228055,1.6094379124341003,False,True,False,False,True,False,0.5,7.986363636363635
3.0,14.0,4,2,3,1,1.0,191.23,0,5.258692571764769,0.6931471805599453,1.6094379124341003,False,True,False,False,True,False,1.0,47.8075
18.0,8.0,5,3,1,0,1.0,166.32,0,5.119908146573998,0.6931471805599453,1.791759469228055,False,True,False,False,False,True,2.5,8.753684210526316
12.0,24.0,3,3,1,0,7.0,145.34,0,4.985932681455884,2.0794415416798357,1.3862943611198906,False,True,False,False,False,True,1.5,11.18
1.0,9.0,6,1,5,0,1.0,175.71,0,5.174509970819964,0.6931471805599453,1.9459101490553132,False,True,False,False,False,True,1.0,87.855
5.0,32.0,3,2,1,0,2.0,144.65,0,4.981206483405444,1.0986122886681096,1.3862943611198906,False,True,False,False,False,False,1.5,24.108333333333334
14.0,14.0,5,1,3,0,3.0,206.5,1,5.335131339670753,1.3862943611198906,1.791759469228055,False,False,False,False,False,True,1.25,13.766666666666667
11.0,8.0,3,3,7,1,1.0,130.57,0,4.879539029377747,0.6931471805599453,1.3862943611198906,False,False,True,False,True,False,0.375,10.880833333333333
13.0,9.0,5,3,3,0,11.0,170.53,0,5.144758178421734,2.4849066497880004,1.791759469228055,False,True,False,False,False,True,1.25,12.180714285714286
14.0,8.0,4,5,4,0,17.0,293.23,0,5.6843617744165975,2.8903717578961645,1.6094379124341003,True,False,False,False,True,False,0.8,19.54866666666667
7.0,13.0,4,1,5,0,8.0,202.25,0,5.31443674842792,2.1972245773362196,1.6094379124341003,False,True,False,False,True,False,0.6666666666666666,25.28125
10.0,10.0,4,4,3,0,8.0,161.92,0,5.0932592827802114,2.1972245773362196,1.6094379124341003,False,False,True,False,True,False,1.0,14.719999999999999
4.0,36.0,4,4,5,0,47.0,217.5,0,5.3867860145356445,3.8712010109078907,1.6094379124341003,False,False,False,False,True,False,0.6666666666666666,43.5
0.0,25.0,4,5,2,0,7.0,140.66,0,4.953429820325477,2.0794415416798357,1.6094379124341003,False,False,True,False,True,False,1.3333333333333333,140.66
0.0,22.0,3,4,10,0,2.0,128.11,0,4.860664754186628,1.0986122886681096,1.3862943611198906,False,False,True,False,False,False,0.2727272727272727,128.11
8.0,8.0,5,5,2,0,10.0,178.43,0,5.189785159724575,2.3978952727983707,1.791759469228055,False,True,False,False,False,True,1.6666666666666667,19.825555555555557
1.0,23.0,6,5,3,1,1.0,148.07,1,5.004415994282339,0.6931471805599453,1.9459101490553132,False,False,True,False,True,False,1.5,74.035
22.0,14.0,3,4,5,0,7.0,174.03,0,5.164957387802744,2.0794415416798357,1.3862943611198906,False,False,False,False,True,False,0.5,7.566521739130435
1.0,16.0,4,5,6,0,8.0,178.46,1,5.189952341869912,2.1972245773362196,1.6094379124341003,False,True,False,False,True,False,0.5714285714285714,89.23
8.0,33.0,3,3,3,0,7.0,168.83,0,5.134797936716678,2.0794415416798357,1.3862943611198906,False,True,False,False,True,False,0.75,18.75888888888889
20.0,7.0,2,5,3,0,13.0,300.67,0,5.709333704694526,2.639057329615259,1.0986122886681096,True,False,False,False,False,True,0.5,14.317619047619049
10.0,16.0,3,4,2,0,7.0,139.36,0,4.944210550715014,2.0794415416798357,1.3862943611198906,False,False,True,False,True,False,1.0,12.66909090909091
18.0,8.0,3,4,1,0,7.0,148.05,0,5.00428182012408,2.0794415416798357,1.3862943611198906,False,True,False,False,True,False,1.5,7.792105263157896
30.0,30.0,1,1,4,1,4.0,194.39,0,5.27499756122642,1.6094379124341003,0.6931471805599453,False,False,False,False,True,False,0.2,6.2706451612903225
2.0,14.0,3,2,2,0,5.0,123.4,0,4.823502180305079,1.791759469228055,1.3862943611198906,False,False,True,False,False,True,1.0,41.13333333333333
6.0,10.0,4,1,5,0,8.0,236.59,0,5.4705464990606965,2.1972245773362196,1.6094379124341003,False,False,False,False,False,True,0.6666666666666666,33.79857142857143
20.0,20.0,4,4,8,0,10.0,180.62,0,5.201916592261682,2.3978952727983707,1.6094379124341003,False,True,False,False,False,True,0.4444444444444444,8.600952380952382
9.0,34.0,3,1,5,0,3.0,121.32,0,4.8066405616208066,1.3862943611198906,1.3862943611198906,False,False,True,False,True,False,0.5,12.132
13.0,14.0,3,3,4,1,3.0,167.96,1,5.129662000517897,1.3862943611198906,1.3862943611198906,False,True,False,False,False,False,0.6,11.997142857142858
10.0,6.0,3,2,3,1,2.0,236.03,0,5.4681867154027515,1.0986122886681096,1.3862943611198906,False,False,False,False,True,False,0.75,21.457272727272727
30.0,18.0,5,5,6,0,1.0,178.8,0,5.19184512203752,0.6931471805599453,1.791759469228055,False,True,False,False,True,False,0.7142857142857143,5.767741935483872
18.0,7.0,3,4,2,0,7.0,174.41,0,5.167126090855689,2.0794415416798357,1.3862943611198906,False,False,False,False,True,False,1.0,9.179473684210526
9.0,27.0,4,5,1,0,0.0,122.96,0,4.819958932919548,0.0,1.6094379124341003,False,False,True,False,True,False,2.0,12.296
28.0,20.0,2,4,9,0,15.0,287.22,0,5.663724077410215,2.772588722239781,1.0986122886681096,False,False,False,True,False,True,0.2,9.904137931034484
9.0,32.0,3,3,7,0,2.0,153.47,0,5.0399999027261595,1.0986122886681096,1.3862943611198906,False,True,False,False,True,False,0.375,15.347
18.0,17.0,4,1,4,1,4.0,189.65,0,5.250439286303573,1.6094379124341003,1.6094379124341003,False,True,False,False,True,False,0.8,9.98157894736842
4.0,10.0,4,2,6,0,5.0,145.97,0,4.990228484318593,1.791759469228055,1.6094379124341003,False,False,True,False,False,False,0.5714285714285714,29.194
24.0,9.0,4,5,4,0,3.0,303.56,0,5.718868112074242,1.3862943611198906,1.6094379124341003,True,False,False,False,False,False,0.8,12.1424
1.0,16.0,4,5,5,1,4.0,207.24,1,5.33869126068631,1.6094379124341003,1.6094379124341003,False,True,False,False,False,True,0.6666666666666666,103.62
15.0,10.0,3,1,2,0,15.0,292.32,0,5.681264163225599,2.772588722239781,1.3862943611198906,False,False,False,True,True,False,1.0,18.27
10.0,17.0,4,3,5,0,8.0,195.94,0,5.282899113819656,2.1972245773362196,1.6094379124341003,False,False,False,False,False,False,0.6666666666666666,17.812727272727273
17.0,22.0,5,1,5,0,3.0,193.04,0,5.268064323377016,1.3862943611198906,1.791759469228055,False,True,False,False,True,False,0.8333333333333334,10.724444444444444
10.0,10.0,4,4,3,0,8.0,161.92,0,5.0932592827802114,2.1972245773362196,1.6094379124341003,False,False,True,False,False,False,1.0,14.719999999999999
21.0,9.0,4,4,9,1,9.0,317.46,1,5.76349687842828,2.302585092994046,1.6094379124341003,False,False,False,True,False,True,0.4,14.43
2.0,14.0,3,1,5,0,7.0,125.14,0,4.837392401235505,2.0794415416798357,1.3862943611198906,False,False,True,False,True,False,0.5,41.71333333333333
10.0,10.0,4,4,6,0,3.0,145.88,0,4.9896159268721805,1.3862943611198906,1.6094379124341003,False,False,True,False,False,True,0.5714285714285714,13.261818181818182
13.0,28.0,5,2,5,1,5.0,186.2,0,5.232177564043492,1.791759469228055,1.791759469228055,False,True,False,False,False,False,0.8333333333333334,13.299999999999999
20.0,10.0,3,3,4,0,0.0,129.76,0,4.87336358185601,0.0,1.3862943611198906,False,True,False,False,False,True,0.6,6.179047619047618
9.0,30.0,6,3,2,0,4.0,152.05,0,5.0307646653914215,1.6094379124341003,1.9459101490553132,False,False,True,False,True,False,2.0,15.205000000000002
4.0,9.0,3,3,10,0,2.0,236.75,0,5.4712197014254995,1.0986122886681096,1.3862943611198906,False,False,False,False,True,False,0.2727272727272727,47.35
9.0,14.0,1,4,10,0,2.0,121.09,0,4.804758477680764,1.0986122886681096,0.6931471805599453,False,False,True,False,False,True,0.09090909090909091,12.109
22.0,9.0,4,2,4,0,8.0,165.51,0,5.115055367677026,2.1972245773362196,1.6094379124341003,False,True,False,False,False,False,0.8,7.1960869565217385
23.0,27.0,4,5,3,0,12.0,190.67,0,5.255775143282362,2.5649493574615367,1.6094379124341003,False,True,False,False,True,False,1.0,7.944583333333333
30.0,14.0,3,3,2,0,2.0,123.72,0,4.826071224749521,1.0986122886681096,1.3862943611198906,False,False,True,False,True,False,1.0,3.9909677419354836
5.0,13.0,4,3,2,0,8.0,154.84,0,5.048829839894225,2.1972245773362196,1.6094379124341003,False,True,False,False,False,False,1.3333333333333333,25.80666666666667
5.0,14.0,5,3,3,0,47.0,214.43,0,5.372636030790336,3.8712010109078907,1.791759469228055,False,False,False,False,True,False,1.25,35.73833333333334
15.0,8.0,3,1,3,1,9.0,201.24,0,5.309455110958493,2.302585092994046,1.3862943611198906,False,False,False,False,True,False,0.75,12.5775
0.0,22.0,1,5,2,0,14.0,127.43,1,4.855384008824965,2.70805020110221,0.6931471805599453,False,False,True,False,False,True,0.3333333333333333,127.43
12.0,19.0,5,5,4,0,3.0,187.88,0,5.2411118927772575,1.3862943611198906,1.791759469228055,False,True,False,False,True,False,1.0,14.452307692307691
1.0,11.0,5,2,2,0,5.0,156.62,0,5.060187072925504,1.791759469228055,1.791759469228055,False,False,True,False,False,False,1.6666666666666667,78.31
1.0,9.0,4,4,3,0,3.0,147.26,0,4.998967489228574,1.3862943611198906,1.6094379124341003,False,False,True,False,True,False,1.0,73.63
2.0,17.0,4,4,3,0,1.0,135.52,0,4.916471124038506,0.6931471805599453,1.6094379124341003,False,False,True,False,False,False,1.0,45.17333333333334
0.0,17.0,1,3,1,0,3.0,140.11,0,4.949539728069669,1.3862943611198906,0.6931471805599453,False,True,False,False,True,False,0.5,140.11
1.0,12.0,2,5,3,0,6.0,165.0,0,5.111987788356544,1.9459101490553132,1.0986122886681096,False,True,False,False,True,False,0.5,82.5
17.0,9.0,4,1,3,0,8.0,181.75,0,5.208119098629888,2.1972245773362196,1.6094379124341003,False,True,False,False,True,False,1.0,10.097222222222221
0.0,8.0,3,2,1,0,2.0,142.27,0,4.964730961905281,1.0986122886681096,1.3862943611198906,False,True,False,False,False,False,1.5,142.27
16.0,7.0,4,5,5,0,3.0,150.76,0,5.022300325626759,1.3862943611198906,1.6094379124341003,False,False,True,False,True,False,0.6666666666666666,8.868235294117646
13.0,8.0,4,3,7,0,0.0,134.48,0,4.908824027949571,0.0,1.6094379124341003,False,True,False,False,False,False,0.5,9.605714285714285
2.0,34.0,6,5,2,0,1.0,25.0,0,3.258096538021482,0.6931471805599453,1.9459101490553132,False,True,False,False,True,False,2.0,8.333333333333334
2.0,7.0,4,1,3,0,4.0,145.44,0,4.986615788252036,1.6094379124341003,1.6094379124341003,False,False,True,False,True,False,1.0,48.48
25.0,17.0,3,3,9,0,4.0,131.49,0,4.886507170880032,1.6094379124341003,1.3862943611198906,False,True,False,False,True,False,0.3,5.057307692307693
18.0,13.0,3,3,5,1,2.0,144.77,0,4.982030037085921,1.0986122886681096,1.3862943611198906,False,False,True,False,True,False,0.5,7.619473684210527
6.0,16.0,4,2,3,1,6.0,188.22,0,5.242910359276298,1.9459101490553132,1.6094379124341003,False,True,False,False,False,False,1.0,26.888571428571428
7.0,27.0,1,1,2,0,7.0,153.37,0,5.03935231819375,2.0794415416798357,0.6931471805599453,False,True,False,False,False,True,0.3333333333333333,19.17125
15.0,8.0,3,3,1,1,0.0,126.96,0,4.8517177150813176,0.0,1.3862943611198906,False,False,True,False,True,False,1.5,7.935
1.0,9.0,4,5,3,0,1.0,148.41,0,5.006694204862994,0.6931471805599453,1.6094379124341003,False,False,True,False,True,False,1.0,74.205
6.0,36.0,5,4,3,0,2.0,153.37,0,5.03935231819375,1.0986122886681096,1.791759469228055,False,False,True,False,False,True,1.25,21.91
11.0,34.0,2,3,6,1,4.0,188.97,1,5.246866164956958,1.6094379124341003,1.0986122886681096,False,True,False,False,False,True,0.2857142857142857,15.7475
19.0,13.0,3,3,7,0,7.0,208.45,0,5.344485047393044,2.0794415416798357,1.3862943611198906,False,False,False,False,True,False,0.375,10.4225
26.0,6.0,4,4,9,0,47.0,229.45,0,5.440033919166517,3.8712010109078907,1.6094379124341003,False,False,False,False,False,True,0.4,8.498148148148148
12.0,28.0,3,5,2,1,8.0,208.8,0,5.346154695962197,2.1972245773362196,1.3862943611198906,False,False,False,False,False,True,1.0,16.06153846153846
9.0,20.0,3,3,2,0,0.0,115.14,0,4.754796359943904,0.0,1.3862943611198906,False,False,True,False,False,True,1.0,11.514
11.0,13.0,4,2,6,0,2.0,190.02,0,5.252378134606592,1.0986122886681096,1.6094379124341003,False,True,False,False,False,False,0.5714285714285714,15.835
14.0,7.0,4,5,4,0,17.0,293.23,0,5.6843617744165975,2.8903717578961645,1.6094379124341003,True,False,False,False,True,False,0.8,19.54866666666667
4.0,8.0,3,5,8,0,3.0,153.32,0,5.0390283685974735,1.3862943611198906,1.3862943611198906,False,True,False,False,False,True,0.3333333333333333,30.663999999999998
16.0,10.0,2,1,4,1,4.0,177.31,0,5.183523608545955,1.6094379124341003,1.0986122886681096,False,True,False,False,True,False,0.4,10.43
0.0,30.0,3,4,9,0,2.0,135.97,0,4.91976192374673,1.0986122886681096,1.3862943611198906,False,False,True,False,False,True,0.3,135.97
21.0,9.0,4,3,5,0,7.0,296.69,0,5.69605267659426,2.0794415416798357,1.6094379124341003,True,False,False,False,True,False,0.6666666666666666,13.485909090909091
5.0,19.0,4,2,10,1,3.0,164.29,0,5.107701506929262,1.3862943611198906,1.6094379124341003,False,False,True,False,False,False,0.36363636363636365,27.381666666666664
0.0,13.0,1,5,1,0,7.0,135.78,0,4.91837379566995,2.0794415416798357,0.6931471805599453,False,False,True,False,False,True,0.5,135.78
14.0,15.0,5,4,4,0,9.0,262.57,0,5.574318987350425,2.302585092994046,1.791759469228055,False,False,False,False,True,False,1.0,17.504666666666665
15.0,35.0,3,3,3,0,2.0,145.56,0,4.9874349009258205,1.0986122886681096,1.3862943611198906,False,True,False,False,True,False,0.75,9.0975
25.0,33.0,4,3,4,0,18.0,288.07,0,5.6666688733161,2.9444389791664403,1.6094379124341003,True,False,False,False,False,False,0.8,11.079615384615384
13.0,14.0,3,3,3,0,2.0,123.45,0,4.823904028813601,1.0986122886681096,1.3862943611198906,False,False,True,False,True,False,0.75,8.817857142857143
20.0,11.0,5,4,4,0,9.0,312.89,0,5.7490426060610655,2.302585092994046,1.791759469228055,False,False,False,True,True,False,1.0,14.899523809523808
1.0,11.0,4,3,3,0,1.0,148.18,0,5.005153630527017,0.6931471805599453,1.6094379124341003,False,False,True,False,False,True,1.0,74.09
6.0,13.0,3,5,1,0,3.0,143.73,0,4.974869937649514,1.3862943611198906,1.3862943611198906,False,True,False,False,True,False,1.5,20.532857142857143
30.0,7.0,3,5,4,1,5.0,297.01,0,5.697127042989359,1.791759469228055,1.3862943611198906,False,False,False,True,True,False,0.6,9.580967741935483
8.0,35.0,5,3,3,0,8.0,192.12,0,5.263311757349221,2.1972245773362196,1.791759469228055,False,True,False,False,True,False,1.25,21.346666666666668
6.0,13.0,3,5,1,0,3.0,143.73,0,4.974869937649514,1.3862943611198906,1.3862943611198906,False,True,False,False,False,False,1.5,20.532857142857143
11.0,16.0,6,3,9,0,11.0,254.36,1,5.542674314261444,2.4849066497880004,1.9459101490553132,True,False,False,False,True,False,0.6,21.19666666666667
8.0,29.0,3,5,4,1,2.0,140.14,0,4.949752305572684,1.0986122886681096,1.3862943611198906,False,False,True,False,True,False,0.6,15.57111111111111
2.0,8.0,4,5,3,0,3.0,160.91,0,5.087040625298661,1.3862943611198906,1.6094379124341003,False,False,True,False,True,False,1.0,53.63666666666666
8.0,13.0,4,3,3,0,11.0,173.09,0,5.159572406870627,2.4849066497880004,1.6094379124341003,False,True,False,False,False,True,1.0,19.232222222222223
12.0,12.0,1,3,3,0,6.0,182.37,0,5.211505969561073,1.9459101490553132,0.6931471805599453,False,False,False,False,True,False,0.25,14.028461538461539
7.0,21.0,3,1,2,0,5.0,179.78,1,5.197280822370265,1.791759469228055,1.3862943611198906,False,False,False,False,True,False,1.0,22.4725
12.0,13.0,5,3,4,0,8.0,178.21,0,5.188558302555298,2.1972245773362196,1.791759469228055,False,True,False,False,True,False,1.0,13.708461538461538
22.0,24.0,3,1,2,1,7.0,168.04,0,5.130135373307802,2.0794415416798357,1.3862943611198906,False,True,False,False,True,False,1.0,7.306086956521739
23.0,14.0,3,2,5,0,0.0,123.8,0,4.826712455935327,0.0,1.3862943611198906,False,False,True,False,False,False,0.5,5.158333333333333
0.0,15.0,1,3,2,0,4.0,144.01,0,4.976802705559804,1.6094379124341003,0.6931471805599453,False,False,True,False,True,False,0.3333333333333333,144.01
1.0,23.0,6,5,3,1,8.0,164.19,1,5.107096326567049,2.1972245773362196,1.9459101490553132,False,False,True,False,False,True,1.5,82.095
14.0,13.0,3,3,7,0,1.0,150.03,0,5.01747849257825,0.6931471805599453,1.3862943611198906,False,True,False,False,False,True,0.375,10.002
28.0,6.0,1,2,3,0,0.0,247.32,0,5.514718236994854,0.0,0.6931471805599453,True,False,False,False,True,False,0.25,8.528275862068964
2.0,22.0,4,3,3,0,3.0,147.07,0,4.997685134920627,1.3862943611198906,1.6094379124341003,False,False,True,False,True,False,1.0,49.02333333333333
7.0,15.0,5,2,2,0,3.0,148.42,0,5.0067611325476555,1.3862943611198906,1.791759469228055,False,False,True,False,False,True,1.6666666666666667,18.5525
0.0,14.0,3,3,2,0,3.0,125.17,0,4.83763020393965,1.3862943611198906,1.3862943611198906,False,False,True,False,True,False,1.0,125.17
0.0,10.0,4,1,2,1,4.0,158.28,1,5.070663659755941,1.6094379124341003,1.6094379124341003,False,True,False,False,False,True,1.3333333333333333,158.28
1.0,7.0,4,2,3,1,9.0,151.86,1,5.029522469814738,2.302585092994046,1.6094379124341003,False,False,True,False,False,True,1.0,75.93
1.0,33.0,5,3,3,1,4.0,153.14,0,5.037861280349847,1.6094379124341003,1.791759469228055,False,False,True,False,True,False,1.25,76.57
1.0,22.0,5,5,2,0,4.0,172.74,0,5.157559928831774,1.6094379124341003,1.791759469228055,False,False,True,False,True,False,1.6666666666666667,86.37
18.0,14.0,3,4,9,0,15.0,123.48,0,4.824145060430081,2.772588722239781,1.3862943611198906,False,True,False,False,True,False,0.3,6.498947368421053
7.0,14.0,4,3,2,0,8.0,241.91000000000005,0,5.492691004366133,2.1972245773362196,1.6094379124341003,False,False,False,False,False,False,1.3333333333333333,30.238750000000007
29.0,15.0,5,4,3,1,1.0,260.77,0,5.567466255618654,0.6931471805599453,1.791759469228055,True,False,False,False,True,False,1.25,8.692333333333332
12.0,17.0,4,2,3,1,4.0,181.66,0,5.207626501263533,1.6094379124341003,1.6094379124341003,False,True,False,False,False,True,1.0,13.973846153846154
11.0,35.0,3,2,4,0,7.0,162.61,0,5.097485546994985,2.0794415416798357,1.3862943611198906,False,True,False,False,False,False,0.6,13.550833333333335
16.0,31.0,4,5,3,1,9.0,199.06,0,5.2986173215570345,2.302585092994046,1.6094379124341003,False,False,False,False,True,False,1.0,11.709411764705882
6.0,22.0,4,1,7,0,3.0,191.67,0,5.260978880892669,1.3862943611198906,1.6094379124341003,False,True,False,False,True,False,0.5,27.381428571428568
1.0,7.0,5,4,3,1,3.0,145.7,0,4.9883896851489355,1.3862943611198906,1.791759469228055,False,False,True,False,False,True,1.25,72.85
1.0,24.0,4,3,2,1,1.0,152.41,1,5.033114075856682,0.6931471805599453,1.6094379124341003,False,False,True,False,True,False,1.3333333333333333,76.205
28.0,8.0,4,5,9,0,0.0,290.38,0,5.67462825722585,0.0,1.6094379124341003,False,False,False,True,True,False,0.4,10.013103448275862
9.0,7.0,5,5,3,1,7.0,202.52,0,5.3157642801517575,2.0794415416798357,1.791759469228055,False,False,False,False,True,False,1.25,20.252000000000002
2.0,14.0,4,1,7,0,3.0,125.32,0,4.838818369947386,1.3862943611198906,1.6094379124341003,False,False,True,False,True,False,0.5,41.77333333333333
0.0,6.0,4,3,1,1,2.0,137.3,1,4.929425238670713,1.0986122886681096,1.6094379124341003,False,False,True,False,False,True,2.0,137.3
9.0,9.0,3,4,5,0,2.0,120.88,0,4.803036954117508,1.0986122886681096,1.3862943611198906,False,False,True,False,False,True,0.5,12.088
18.0,7.0,4,5,7,1,4.0,179.54,0,5.195952359870009,1.6094379124341003,1.6094379124341003,False,True,False,False,True,False,0.5,9.449473684210526
14.0,35.0,6,5,5,0,2.0,234.32,0,5.460946289996255,1.0986122886681096,1.9459101490553132,False,False,False,False,True,False,1.0,15.621333333333332
0.0,15.0,3,5,2,0,2.0,127.28,0,4.854215374824954,1.0986122886681096,1.3862943611198906,False,False,True,False,False,True,1.0,127.28
18.0,31.0,4,1,1,0,8.0,159.06,0,5.0755487449389,2.1972245773362196,1.6094379124341003,False,True,False,False,True,False,2.0,8.371578947368421
2.0,25.0,3,1,5,0,2.0,142.62,0,4.967170922682172,1.0986122886681096,1.3862943611198906,False,True,False,False,True,False,0.5,47.54
1.0,23.0,6,5,3,1,8.0,164.19,1,5.107096326567049,2.1972245773362196,1.9459101490553132,False,False,True,False,False,True,1.5,82.095
29.0,7.0,4,1,5,0,47.0,227.39,0,5.431054693986231,3.8712010109078907,1.6094379124341003,False,False,False,False,True,False,0.6666666666666666,7.579666666666666
8.0,8.0,3,1,3,0,7.0,157.62,0,5.066511404655174,2.0794415416798357,1.3862943611198906,False,True,False,False,True,False,0.75,17.513333333333335
27.0,7.0,5,3,6,1,3.0,254.65,0,5.543809321526008,1.3862943611198906,1.791759469228055,True,False,False,False,True,False,0.7142857142857143,9.094642857142857
24.0,7.0,4,2,11,0,4.0,298.99,0,5.7037491407673,1.6094379124341003,1.6094379124341003,True,False,False,False,True,False,0.3333333333333333,11.9596
6.0,31.0,4,1,3,0,8.0,178.09,0,5.187888472778648,2.1972245773362196,1.6094379124341003,False,True,False,False,True,False,1.0,25.44142857142857
1.0,16.0,4,5,3,0,3.0,152.28,0,5.03226631422255,1.3862943611198906,1.6094379124341003,False,False,True,False,False,True,1.0,76.14
27.0,13.0,4,2,4,0,3.0,149.5,0,5.01396308418893,1.3862943611198906,1.6094379124341003,False,True,False,False,False,True,0.8,5.339285714285714
1.0,33.0,4,1,3,0,3.0,154.04,0,5.043683148142456,1.3862943611198906,1.6094379124341003,False,False,True,False,True,False,1.0,77.02
0.0,14.0,3,4,2,1,0.0,124.72,1,4.834057211929367,0.0,1.3862943611198906,False,False,True,False,False,True,1.0,124.72
9.0,6.0,3,3,8,0,2.0,122.32,0,4.8147826030179495,1.0986122886681096,1.3862943611198906,False,False,True,False,True,False,0.3333333333333333,12.232
5.0,7.0,6,3,2,0,5.0,168.45,0,5.132557898053061,1.791759469228055,1.9459101490553132,False,True,False,False,True,False,2.0,28.075
1.0,25.0,2,5,2,0,1.0,154.56,1,5.047031509287547,0.6931471805599453,1.0986122886681096,False,False,True,False,True,False,0.6666666666666666,77.28
15.0,29.0,4,1,5,1,4.0,179.67,0,5.196672162785836,1.6094379124341003,1.6094379124341003,False,True,False,False,True,False,0.6666666666666666,11.229375
1.0,7.0,6,3,3,0,1.0,138.59,1,4.938709554524667,0.6931471805599453,1.9459101490553132,False,False,True,False,False,True,1.5,69.295
8.0,27.0,2,3,2,0,1.0,150.85,0,5.022893191491757,0.6931471805599453,1.0986122886681096,False,False,True,False,False,False,0.6666666666666666,16.76111111111111
7.0,27.0,2,2,2,0,7.0,153.37,0,5.03935231819375,2.0794415416798357,1.0986122886681096,False,True,False,False,False,True,0.6666666666666666,19.17125
7.0,10.0,3,1,3,1,0.0,197.13,0,5.2889233809061675,0.0,1.3862943611198906,False,False,False,False,True,False,0.75,24.64125
14.0,7.0,4,3,9,0,2.0,192.28,1,5.26413991474645,1.0986122886681096,1.6094379124341003,False,True,False,False,True,False,0.4,12.818666666666667
1.0,26.0,5,4,3,1,1.0,149.13,1,5.011501585424213,0.6931471805599453,1.791759469228055,False,False,True,False,True,False,1.25,74.565
10.0,22.0,4,3,5,0,0.0,163.34,0,5.101937452503042,0.0,1.6094379124341003,False,True,False,False,True,False,0.6666666666666666,14.84909090909091
15.0,8.0,1,5,8,0,3.0,162.72,0,5.098157651624202,1.3862943611198906,0.6931471805599453,False,True,False,False,False,False,0.1111111111111111,10.17
11.0,32.0,4,3,5,1,8.0,169.49,0,5.13867664397714,2.1972245773362196,1.6094379124341003,False,True,False,False,True,False,0.6666666666666666,14.124166666666667
9.0,6.0,3,4,1,0,5.0,152.28,0,5.03226631422255,1.791759469228055,1.3862943611198906,False,True,False,False,True,False,1.5,15.228
9.0,31.0,4,4,5,1,2.0,123.13,1,4.821329403527856,1.0986122886681096,1.6094379124341003,False,False,True,False,False,True,0.6666666666666666,12.312999999999999
9.0,8.0,3,4,2,0,2.0,122.26,0,4.814295945534097,1.0986122886681096,1.3862943611198906,False,False,True,False,True,False,1.0,12.226
23.0,15.0,5,4,8,0,4.0,256.2,0,5.549853992363464,1.6094379124341003,1.791759469228055,True,False,False,False,False,False,0.5555555555555556,10.674999999999999
0.0,8.0,4,4,8,1,2.0,199.07,1,5.298667305312325,1.0986122886681096,1.6094379124341003,False,True,False,False,False,True,0.4444444444444444,199.07
1.0,13.0,4,5,6,1,3.0,145.73,1,4.988594163219376,1.3862943611198906,1.6094379124341003,False,False,True,False,True,False,0.5714285714285714,72.865
7.0,14.0,3,3,4,0,3.0,161.42,0,5.090185572854264,1.3862943611198906,1.3862943611198906,False,True,False,False,False,True,0.6,20.1775
12.0,9.0,5,1,5,0,6.0,177.49,0,5.184532577241416,1.9459101490553132,1.791759469228055,False,True,False,False,True,False,0.8333333333333334,13.653076923076924
1.0,11.0,4,3,3,1,4.0,166.62,0,5.1216995126707605,1.6094379124341003,1.6094379124341003,False,True,False,False,False,False,1.0,83.31
7.0,6.0,4,5,10,0,6.0,204.82,1,5.327002000407946,1.9459101490553132,1.6094379124341003,False,False,False,False,False,False,0.36363636363636365,25.6025
0.0,34.0,3,4,2,0,4.0,162.72,0,5.098157651624202,1.6094379124341003,1.3862943611198906,False,True,False,False,False,False,1.0,162.72
2.0,33.0,3,3,5,0,1.0,143.35,0,4.972240906108944,0.6931471805599453,1.3862943611198906,False,True,False,False,False,False,0.5,47.78333333333333
7.0,15.0,3,3,2,0,3.0,157.14,0,5.063480716642781,1.3862943611198906,1.3862943611198906,False,True,False,False,False,False,1.0,19.6425
7.0,8.0,4,5,2,0,3.0,143.81,0,4.975422538340511,1.3862943611198906,1.6094379124341003,False,False,True,False,False,True,1.3333333333333333,17.97625
18.0,31.0,4,1,1,0,8.0,159.06,0,5.0755487449389,2.1972245773362196,1.6094379124341003,False,True,False,False,True,False,2.0,8.371578947368421
9.0,34.0,4,3,4,0,8.0,193.83,0,5.2721273834577955,2.1972245773362196,1.6094379124341003,False,True,False,False,True,False,0.8,19.383000000000003
20.0,7.0,3,4,1,0,47.0,219.57,0,5.396215104824496,3.8712010109078907,1.3862943611198906,False,False,False,False,True,False,1.5,10.455714285714285
9.0,9.0,4,2,1,0,1.0,120.45,0,4.799502655448181,0.6931471805599453,1.6094379124341003,False,False,True,False,False,True,2.0,12.045
8.0,17.0,4,3,3,1,3.0,154.36,1,5.045745004543015,1.3862943611198906,1.6094379124341003,False,False,True,False,False,True,1.0,17.151111111111113
12.0,30.0,4,1,1,0,47.0,220.31,0,5.39956443356432,3.8712010109078907,1.6094379124341003,True,False,False,False,True,False,2.0,16.946923076923078
5.0,19.0,4,1,2,1,6.0,183.55,0,5.217920429476008,1.9459101490553132,1.6094379124341003,False,True,False,False,True,False,1.3333333333333333,30.59166666666667
14.0,9.0,4,4,9,0,4.0,182.15,0,5.210305489224823,1.6094379124341003,1.6094379124341003,False,True,False,False,True,False,0.4,12.143333333333334
9.0,16.0,5,3,3,1,16.0,231.85,0,5.450394469428386,2.833213344056216,1.791759469228055,False,False,False,False,True,False,1.25,23.185
9.0,10.0,5,3,3,0,1.0,137.81,0,4.9331060915870175,0.6931471805599453,1.791759469228055,False,False,True,False,False,False,1.25,13.781
19.0,8.0,5,4,4,1,7.0,268.72,0,5.597384383866381,2.0794415416798357,1.791759469228055,True,False,False,False,True,False,1.0,13.436000000000002
28.0,8.0,5,3,5,0,11.0,291.87,0,5.679728824552481,2.4849066497880004,1.791759469228055,False,False,False,True,False,False,0.8333333333333334,10.06448275862069
4.0,8.0,4,4,2,1,8.0,160.79,0,5.086299198017246,2.1972245773362196,1.6094379124341003,False,False,True,False,True,False,1.3333333333333333,32.158
1.0,12.0,4,1,3,0,3.0,156.17,0,5.057328022088238,1.3862943611198906,1.6094379124341003,False,False,True,False,False,True,1.0,78.085
28.0,24.0,4,3,10,0,9.0,232.39,0,5.45271087403313,2.302585092994046,1.6094379124341003,False,False,False,False,False,False,0.36363636363636365,8.013448275862068
10.0,16.0,3,4,3,1,1.0,141.97,0,4.962634818041073,0.6931471805599453,1.3862943611198906,False,True,False,False,False,True,0.75,12.906363636363636
14.0,9.0,5,3,4,0,3.0,153.09,0,5.037536847293762,1.3862943611198906,1.791759469228055,False,False,True,False,False,True,1.0,10.206
14.0,18.0,4,3,3,0,5.0,188.23,0,5.242963206415959,1.791759469228055,1.6094379124341003,False,True,False,False,True,False,1.0,12.548666666666666
7.0,16.0,4,3,2,0,7.0,150.63,0,5.021443342812848,2.0794415416798357,1.6094379124341003,False,True,False,False,True,False,1.3333333333333333,18.82875
0.0,9.0,3,3,10,0,0.0,145.77,1,4.988866735623107,0.0,1.3862943611198906,False,True,False,False,False,True,0.2727272727272727,145.77
15.0,18.0,3,1,4,1,0.0,150.87,0,5.023024891742178,0.0,1.3862943611198906,False,True,False,False,True,False,0.6,9.429375
20.0,29.0,3,2,2,0,6.0,203.12,1,5.318708056195771,1.9459101490553132,1.3862943611198906,False,False,False,False,False,False,1.0,9.672380952380953
11.0,16.0,5,3,4,0,11.0,232.06,0,5.4512959311451175,2.4849066497880004,1.791759469228055,False,False,False,False,True,False,1.0,19.338333333333335
0.0,14.0,3,2,2,0,2.0,126.1,0,4.844974178195408,1.0986122886681096,1.3862943611198906,False,False,True,False,False,True,1.0,126.1
14.0,9.0,4,3,2,0,13.0,305.41,0,5.724924074409577,2.639057329615259,1.6094379124341003,False,False,False,True,False,False,1.3333333333333333,20.360666666666667
19.0,20.0,2,3,8,1,9.0,261.95,1,5.571963900035353,2.302585092994046,1.0986122886681096,True,False,False,False,False,True,0.2222222222222222,13.0975
0.0,10.0,3,2,2,1,6.0,136.91,1,4.926601298486246,1.9459101490553132,1.3862943611198906,False,False,True,False,False,False,1.0,136.91
0.0,14.0,1,2,9,0,0.0,125.34,0,4.838976685470555,0.0,0.6931471805599453,False,False,True,False,False,False,0.1,125.34
1.0,7.0,5,1,8,0,3.0,172.75,0,5.157617484444901,1.3862943611198906,1.791759469228055,False,True,False,False,True,False,0.5555555555555556,86.375
1.0,8.0,4,1,3,0,1.0,141.11,0,4.95660140560377,0.6931471805599453,1.6094379124341003,False,False,True,False,False,True,1.0,70.555
11.0,29.0,4,3,1,0,8.0,195.26,0,5.279440310778347,2.1972245773362196,1.6094379124341003,False,False,False,False,False,True,2.0,16.271666666666665
8.0,8.0,4,4,3,1,4.0,148.42,1,5.0067611325476555,1.6094379124341003,1.6094379124341003,False,False,True,False,True,False,1.0,16.49111111111111
1.0,22.0,4,3,9,0,1.0,173.34,1,5.1610074155834305,0.6931471805599453,1.6094379124341003,False,True,False,False,True,False,0.4,86.67
25.0,34.0,1,3,3,1,2.0,232.47000000000003,0,5.453053589197347,1.0986122886681096,0.6931471805599453,True,False,False,False,False,False,0.25,8.941153846153847
1.0,17.0,5,2,3,1,5.0,182.69,0,5.213249554157973,1.791759469228055,1.791759469228055,False,True,False,False,False,False,1.25,91.345
8.0,31.0,3,3,2,1,1.0,203.88,0,5.32242444189127,0.6931471805599453,1.3862943611198906,False,False,False,False,True,False,1.0,22.653333333333332
20.0,7.0,4,1,11,0,3.0,321.27,0,5.775389703508636,1.3862943611198906,1.6094379124341003,False,False,False,True,True,False,0.3333333333333333,15.298571428571428
6.0,19.0,4,5,2,1,15.0,262.58,1,5.574356927215743,2.772588722239781,1.6094379124341003,True,False,False,False,False,True,1.3333333333333333,37.51142857142857
1.0,33.0,4,1,3,0,5.0,186.8,0,5.235377566774162,1.791759469228055,1.6094379124341003,False,True,False,False,False,True,1.0,93.4
1.0,9.0,4,3,3,0,3.0,152.83,0,5.03584809656766,1.3862943611198906,1.6094379124341003,False,False,True,False,False,True,1.0,76.415
7.0,6.0,4,4,6,0,2.0,132.94,0,4.8973919384819045,1.0986122886681096,1.6094379124341003,False,False,True,False,False,False,0.5714285714285714,16.6175
1.0,10.0,4,5,7,1,5.0,151.57,1,5.027623507125111,1.791759469228055,1.6094379124341003,False,False,True,False,False,True,0.5,75.785
3.0,18.0,3,3,1,0,4.0,165.77,0,5.116615617633488,1.6094379124341003,1.3862943611198906,False,True,False,False,False,True,1.5,41.4425
9.0,34.0,5,5,3,0,2.0,150.59,0,5.021179507971927,1.0986122886681096,1.791759469228055,False,False,True,False,False,True,1.25,15.059000000000001
3.0,30.0,1,4,5,1,0.0,231.94,1,5.4507809096745055,0.0,0.6931471805599453,True,False,False,False,False,True,0.16666666666666666,57.985
16.0,13.0,4,5,11,0,8.0,258.48,0,5.558679628344855,2.1972245773362196,1.6094379124341003,False,False,False,False,True,False,0.3333333333333333,15.204705882352942
1.0,11.0,4,4,3,0,3.0,157.95,0,5.068589687356812,1.3862943611198906,1.6094379124341003,False,False,True,False,False,True,1.0,78.975
3.0,7.0,3,4,2,0,7.0,137.48,0,4.930725910867953,2.0794415416798357,1.3862943611198906,False,False,True,False,True,False,1.0,34.37
10.0,22.0,6,1,3,0,12.0,179.06,0,5.193290128680331,2.5649493574615367,1.9459101490553132,False,True,False,False,True,False,1.5,16.278181818181817
14.0,9.0,4,3,2,0,10.0,319.36,0,5.769445363455482,2.3978952727983707,1.6094379124341003,False,False,False,True,True,False,1.3333333333333333,21.290666666666667
22.0,14.0,4,4,7,0,47.0,231.2,0,5.4475990692637914,3.8712010109078907,1.6094379124341003,True,False,False,False,False,False,0.5,10.052173913043477
13.0,18.0,3,5,3,0,7.0,144.48,0,4.980038620118788,2.0794415416798357,1.3862943611198906,False,True,False,False,True,False,0.75,10.319999999999999
8.0,15.0,4,5,5,0,1.0,176.21,0,5.177335469987254,0.6931471805599453,1.6094379124341003,False,True,False,False,True,False,0.6666666666666666,19.57888888888889
11.0,16.0,5,4,3,0,4.0,166.89,0,5.123309003048306,1.6094379124341003,1.791759469228055,False,True,False,False,True,False,1.25,13.907499999999999
9.0,14.0,3,3,2,0,0.0,119.04,1,4.787825020572166,0.0,1.3862943611198906,False,False,True,False,False,True,1.0,11.904
16.0,12.0,4,4,11,1,47.0,209.46,1,5.349295611312666,3.8712010109078907,1.6094379124341003,False,False,False,False,False,True,0.3333333333333333,12.321176470588236
8.0,8.0,4,1,1,1,4.0,149.3,0,5.012633296758929,1.6094379124341003,1.6094379124341003,False,False,True,False,False,True,2.0,16.58888888888889
8.0,6.0,4,2,1,0,0.0,153.63,0,5.041035166487339,0.0,1.6094379124341003,False,True,False,False,False,False,2.0,17.07
30.0,35.0,4,1,4,0,0.0,241.18,0,5.48968125132622,0.0,1.6094379124341003,True,False,False,False,True,False,0.8,7.78
1.0,10.0,4,1,3,0,1.0,145.61,0,4.987775999950173,0.6931471805599453,1.6094379124341003,False,False,True,False,True,False,1.0,72.805
15.0,16.0,4,3,4,0,12.0,319.19,0,5.768914569593983,2.5649493574615367,1.6094379124341003,False,False,False,True,True,False,0.8,19.949375
8.0,22.0,4,5,9,0,10.0,295.07,0,5.690595912852025,2.3978952727983707,1.6094379124341003,True,False,False,False,True,False,0.4,32.785555555555554
3.0,14.0,1,5,1,1,47.0,214.16000000000005,0,5.371381937405042,3.8712010109078907,0.6931471805599453,False,False,False,False,False,False,0.5,53.54000000000001
24.0,8.0,5,4,6,0,2.0,154.82,0,5.048701494902712,1.0986122886681096,1.791759469228055,False,True,False,False,True,False,0.7142857142857143,6.1928
8.0,12.0,3,3,1,1,2.0,135.06,0,4.913095964916915,1.0986122886681096,1.3862943611198906,False,False,True,False,True,False,1.5,15.006666666666668
9.0,9.0,3,1,2,0,0.0,120.61,0,4.800819202992908,0.0,1.3862943611198906,False,False,True,False,True,False,1.0,12.061
9.0,9.0,4,2,4,0,0.0,121.77,0,4.8103126861927485,0.0,1.6094379124341003,False,False,True,False,False,False,0.8,12.177
7.0,28.0,4,1,2,1,11.0,157.47,0,5.065565300954717,2.4849066497880004,1.6094379124341003,False,True,False,False,True,False,1.3333333333333333,19.68375
13.0,8.0,3,4,6,0,0.0,143.27,0,4.971686543957681,0.0,1.3862943611198906,False,True,False,False,False,False,0.42857142857142855,10.233571428571429
14.0,8.0,4,3,3,1,7.0,168.11,0,5.130549390761593,2.0794415416798357,1.6094379124341003,False,True,False,False,False,True,1.0,11.207333333333334
19.0,13.0,5,2,8,0,47.0,213.65,0,5.369008794670569,3.8712010109078907,1.791759469228055,False,False,False,False,False,True,0.5555555555555556,10.682500000000001
1.0,16.0,4,4,3,0,4.0,147.79,0,5.002535915839606,1.6094379124341003,1.6094379124341003,False,False,True,False,False,True,1.0,73.895
4.0,9.0,5,2,7,1,1.0,193.77,0,5.271819375241808,0.6931471805599453,1.791759469228055,False,True,False,False,False,True,0.625,38.754000000000005
10.0,19.0,5,2,2,0,47.0,213.58,0,5.3686826292086005,3.8712010109078907,1.791759469228055,False,False,False,False,False,True,1.6666666666666667,19.416363636363638
1.0,7.0,4,5,3,0,8.0,199.12,0,5.298917186620004,2.1972245773362196,1.6094379124341003,False,False,False,False,True,False,1.0,99.56
9.0,23.0,4,4,2,0,10.0,205.2,0,5.32884657158286,2.3978952727983707,1.6094379124341003,False,False,False,False,False,False,1.3333333333333333,20.52
12.0,7.0,4,3,6,1,1.0,203.61,0,5.321105728178468,0.6931471805599453,1.6094379124341003,False,False,False,False,False,True,0.5714285714285714,15.662307692307694
20.0,9.0,6,4,5,1,8.0,293.72,0,5.686025753066942,2.1972245773362196,1.9459101490553132,True,False,False,False,True,False,1.0,13.986666666666668
1.0,23.0,6,5,3,1,1.0,148.07,1,5.004415994282339,0.6931471805599453,1.9459101490553132,False,False,True,False,True,False,1.5,74.035
1.0,23.0,4,5,4,1,47.0,210.64,1,5.354886718035931,3.8712010109078907,1.6094379124341003,False,False,False,False,False,True,0.8,105.32
1.0,15.0,4,1,2,0,2.0,168.42,0,5.132380839003405,1.0986122886681096,1.6094379124341003,False,True,False,False,True,False,1.3333333333333333,84.21
24.0,12.0,3,3,8,0,15.0,295.37,0,5.691608673724493,2.772588722239781,1.3862943611198906,False,False,False,True,False,True,0.3333333333333333,11.8148
17.0,6.0,4,3,5,0,2.0,159.85,0,5.080472253685035,1.0986122886681096,1.6094379124341003,False,True,False,False,False,True,0.6666666666666666,8.880555555555555
20.0,17.0,5,2,4,1,47.0,215.71,0,5.3785600542242396,3.8712010109078907,1.791759469228055,False,False,False,False,False,False,1.0,10.271904761904763
2.0,33.0,5,5,3,0,5.0,172.24,0,5.154677916346426,1.791759469228055,1.791759469228055,False,True,False,False,False,False,1.25,57.413333333333334
9.0,12.0,1,5,2,1,0.0,116.01,1,4.7622594012308666,0.0,0.6931471805599453,False,False,True,False,False,False,0.3333333333333333,11.601
12.0,14.0,2,3,3,0,4.0,151.1,0,5.024538199265248,1.6094379124341003,1.0986122886681096,False,False,True,False,True,False,0.5,11.623076923076923
9.0,6.0,3,3,1,0,5.0,120.58,1,4.800572482320576,1.791759469228055,1.3862943611198906,False,False,True,False,False,True,1.5,12.058
0.0,6.0,4,1,7,0,2.0,147.75,0,5.002267044425739,1.0986122886681096,1.6094379124341003,False,True,False,False,True,False,0.5,147.75
6.0,11.0,5,3,3,0,9.0,186.62,0,5.234418640697805,2.302585092994046,1.791759469228055,False,True,False,False,False,False,1.25,26.66
1.0,7.0,4,3,3,0,8.0,177.96,0,5.187162317181874,2.1972245773362196,1.6094379124341003,False,True,False,False,True,False,1.0,88.98
6.0,8.0,3,3,2,0,4.0,136.0,0,4.919980925828125,1.6094379124341003,1.3862943611198906,False,False,True,False,False,False,1.0,19.428571428571427
19.0,6.0,4,5,3,1,5.0,206.73,0,5.336239159546593,1.791759469228055,1.6094379124341003,False,False,False,False,True,False,1.0,10.3365
5.0,19.0,3,2,3,0,3.0,144.03,0,4.976940617572159,1.3862943611198906,1.3862943611198906,False,True,False,False,True,False,0.75,24.005
4.0,16.0,3,3,5,0,47.0,210.31,0,5.353326249578836,3.8712010109078907,1.3862943611198906,False,False,False,False,True,False,0.5,42.062
1.0,23.0,4,5,4,1,47.0,210.64,1,5.354886718035931,3.8712010109078907,1.6094379124341003,False,False,False,False,False,True,0.8,105.32
5.0,15.0,3,2,2,1,5.0,163.22,0,5.101206992280643,1.791759469228055,1.3862943611198906,False,True,False,False,False,False,1.0,27.203333333333333
1.0,31.0,6,1,3,1,1.0,136.18,1,4.921293932071175,0.6931471805599453,1.9459101490553132,False,False,True,False,False,True,1.5,68.09
0.0,21.0,4,5,1,0,3.0,147.74,0,5.002199815275154,1.3862943611198906,1.6094379124341003,False,False,True,False,True,False,2.0,147.74
20.0,9.0,4,1,4,0,5.0,198.79,0,5.297266814911858,1.791759469228055,1.6094379124341003,False,True,False,False,True,False,0.8,9.466190476190476
11.0,6.0,2,2,1,0,8.0,176.25,0,5.177561165412237,2.1972245773362196,1.0986122886681096,False,True,False,False,False,True,1.0,14.6875
16.0,9.0,5,4,6,0,1.0,173.41,0,5.161408849280577,0.6931471805599453,1.791759469228055,False,False,True,False,True,False,0.7142857142857143,10.200588235294118
2.0,9.0,3,5,2,1,5.0,147.23,0,4.998765121525769,1.791759469228055,1.3862943611198906,False,False,True,False,False,True,1.0,49.07666666666666
18.0,12.0,4,2,7,0,8.0,188.65,0,5.245180268134908,2.1972245773362196,1.6094379124341003,False,False,False,False,False,True,0.5,9.928947368421053
3.0,17.0,4,4,2,0,2.0,157.91,0,5.068338004224545,1.0986122886681096,1.6094379124341003,False,False,True,False,True,False,1.3333333333333333,39.4775
1.0,10.0,4,5,3,1,8.0,158.48,1,5.071918522513154,2.1972245773362196,1.6094379124341003,False,False,True,False,False,True,1.0,79.24
0.0,27.0,1,1,2,0,2.0,126.78,0,4.850310035174197,1.0986122886681096,0.6931471805599453,False,False,True,False,False,True,0.3333333333333333,126.78
8.0,32.0,3,5,3,0,0.0,142.86,1,4.96884060443921,0.0,1.3862943611198906,False,True,False,False,True,False,0.75,15.873333333333335
9.0,6.0,3,4,2,1,2.0,123.02,1,4.820442842921732,1.0986122886681096,1.3862943611198906,False,False,True,False,False,True,1.0,12.302
11.0,17.0,4,5,8,0,4.0,159.52,0,5.078418545398716,1.6094379124341003,1.6094379124341003,False,False,True,False,True,False,0.4444444444444444,13.293333333333335
18.0,10.0,4,2,6,1,2.0,320.13,0,5.771846025569634,1.0986122886681096,1.6094379124341003,False,False,False,True,False,False,0.5714285714285714,16.84894736842105
19.0,13.0,5,1,8,0,47.0,213.65,0,5.369008794670569,3.8712010109078907,1.791759469228055,False,False,False,False,False,True,0.5555555555555556,10.682500000000001
25.0,12.0,3,5,4,1,9.0,155.77,0,5.05477976308044,2.302585092994046,1.3862943611198906,False,True,False,False,True,False,0.6,5.991153846153846
0.0,15.0,3,1,2,0,0.0,110.81,1,4.716801002159277,0.0,1.3862943611198906,False,False,True,False,False,True,1.0,110.81
29.0,7.0,3,3,2,0,9.0,163.06,0,5.1002322145746035,2.302585092994046,1.3862943611198906,False,True,False,False,True,False,1.0,5.435333333333333
11.0,10.0,3,3,8,0,0.0,133.06,0,4.8982874609298115,0.0,1.3862943611198906,False,False,True,False,True,False,0.3333333333333333,11.088333333333333
1.0,14.0,5,2,11,0,2.0,240.57,0,5.487159286165225,1.0986122886681096,1.791759469228055,False,False,False,False,True,False,0.4166666666666667,120.285
12.0,15.0,3,4,21,0,3.0,167.82,0,5.128833058555574,1.3862943611198906,1.3862943611198906,False,True,False,False,False,True,0.13636363636363635,12.909230769230769
4.0,6.0,3,2,9,1,5.0,159.93,1,5.080969487830403,1.791759469228055,1.3862943611198906,False,True,False,False,False,True,0.3,31.986
25.0,8.0,4,3,2,1,12.0,290.68,0,5.675657310930353,2.5649493574615367,1.6094379124341003,False,False,False,True,False,True,1.3333333333333333,11.18
0.0,14.0,3,1,2,0,2.0,126.1,0,4.844974178195408,1.0986122886681096,1.3862943611198906,False,False,True,False,False,True,1.0,126.1
8.0,27.0,3,1,2,1,7.0,140.14,0,4.949752305572684,2.0794415416798357,1.3862943611198906,False,True,False,False,True,False,1.0,15.57111111111111
6.0,10.0,4,2,5,0,8.0,236.59,0,5.4705464990606965,2.1972245773362196,1.6094379124341003,False,False,False,False,False,True,0.6666666666666666,33.79857142857143
22.0,9.0,2,4,7,0,1.0,150.59,0,5.021179507971927,0.6931471805599453,1.0986122886681096,False,False,True,False,False,True,0.25,6.547391304347826
17.0,14.0,3,5,2,1,1.0,125.59,0,4.840953517648737,0.6931471805599453,1.3862943611198906,False,False,True,False,True,False,1.0,6.977222222222222
11.0,14.0,4,4,5,0,5.0,124.68,0,4.833738993947366,1.791759469228055,1.6094379124341003,False,False,True,False,True,False,0.6666666666666666,10.39
4.0,23.0,4,1,3,0,9.0,153.62,0,5.0409704938923285,2.302585092994046,1.6094379124341003,False,False,True,False,True,False,1.0,30.724
8.0,7.0,5,4,7,0,3.0,157.94,0,5.068526772512033,1.3862943611198906,1.791759469228055,False,False,True,False,False,False,0.625,17.54888888888889
13.0,8.0,3,1,2,0,8.0,146.61,0,4.994573660548905,2.1972245773362196,1.3862943611198906,False,True,False,False,False,True,1.0,10.472142857142858
11.0,17.0,4,4,3,0,8.0,164.36,0,5.108124915373513,2.1972245773362196,1.6094379124341003,False,False,True,False,True,False,1.0,13.696666666666667
4.0,14.0,3,1,2,0,9.0,207.93,0,5.34199926763416,2.302585092994046,1.3862943611198906,False,False,False,False,True,False,1.0,41.586
13.0,9.0,2,3,2,0,8.0,203.8,0,5.322033893165353,2.1972245773362196,1.0986122886681096,False,False,False,False,False,True,0.6666666666666666,14.557142857142859
19.0,10.0,4,4,3,0,8.0,287.89,0,5.666045992819804,2.1972245773362196,1.6094379124341003,False,False,False,True,True,False,1.0,14.394499999999999
10.0,20.0,3,5,2,0,17.0,130.34,0,4.8777893807628265,2.8903717578961645,1.3862943611198906,False,False,True,False,True,False,1.0,11.84909090909091
12.0,16.0,3,3,8,0,2.0,234.64,0,5.462305216653487,1.0986122886681096,1.3862943611198906,False,False,False,False,False,True,0.3333333333333333,18.049230769230768
5.0,27.0,4,4,3,1,3.0,156.4,1,5.058790335983303,1.3862943611198906,1.6094379124341003,False,False,True,False,False,True,1.0,26.066666666666666
16.0,31.0,4,1,6,0,0.0,207.98,0,5.342238553605965,0.0,1.6094379124341003,False,False,False,False,True,False,0.5714285714285714,12.234117647058824
6.0,9.0,4,4,2,0,7.0,179.7,0,5.196838197598183,2.0794415416798357,1.6094379124341003,False,True,False,False,True,False,1.3333333333333333,25.67142857142857
9.0,16.0,4,3,2,1,7.0,156.73,0,5.060884710499383,2.0794415416798357,1.6094379124341003,False,True,False,False,True,False,1.3333333333333333,15.672999999999998
12.0,13.0,4,1,2,0,3.0,292.72,0,5.68262693258341,1.3862943611198906,1.6094379124341003,False,False,False,True,True,False,1.3333333333333333,22.516923076923078
4.0,36.0,4,5,10,0,4.0,166.15,0,5.118891612866108,1.6094379124341003,1.6094379124341003,False,True,False,False,True,False,0.36363636363636365,33.230000000000004
11.0,14.0,4,5,7,1,5.0,167.84,0,5.128951520914298,1.791759469228055,1.6094379124341003,False,True,False,False,True,False,0.5,13.986666666666666
8.0,15.0,4,5,7,0,3.0,190.0,0,5.25227342804663,1.3862943611198906,1.6094379124341003,False,True,False,False,False,False,0.5,21.11111111111111
5.0,14.0,1,3,6,0,3.0,151.75,0,5.028802598051705,1.3862943611198906,0.6931471805599453,False,True,False,False,True,False,0.14285714285714285,25.291666666666668
1.0,17.0,5,3,3,0,1.0,137.0,0,4.927253685157205,0.6931471805599453,1.791759469228055,False,False,True,False,False,True,1.25,68.5
14.0,16.0,5,4,2,0,9.0,161.51,0,5.0907395383379175,2.302585092994046,1.791759469228055,False,True,False,False,False,True,1.6666666666666667,10.767333333333333
19.0,8.0,3,5,9,0,9.0,270.48,0,5.603888471835558,2.302585092994046,1.3862943611198906,True,False,False,False,False,False,0.3,13.524000000000001
11.0,17.0,2,1,3,1,9.0,262.44,0,5.573825638068109,2.302585092994046,1.0986122886681096,False,False,False,False,True,False,0.5,21.87
25.0,33.0,4,3,4,0,18.0,288.07,0,5.6666688733161,2.9444389791664403,1.6094379124341003,True,False,False,False,True,False,0.8,11.079615384615384
14.0,18.0,4,3,3,0,5.0,188.23,0,5.242963206415959,1.791759469228055,1.6094379124341003,False,True,False,False,True,False,1.0,12.548666666666666
24.0,11.0,3,4,2,1,10.0,240.26,0,5.485875190137238,2.3978952727983707,1.3862943611198906,True,False,False,False,True,False,1.0,9.6104
13.0,8.0,3,3,1,0,12.0,280.41,0,5.63981268065158,2.5649493574615367,1.3862943611198906,False,False,False,True,False,False,1.5,20.029285714285717
2.0,16.0,3,4,1,0,1.0,132.91,0,4.897167932507474,0.6931471805599453,1.3862943611198906,False,False,True,False,True,False,1.5,44.303333333333335
2.0,33.0,5,5,3,0,5.0,172.24,0,5.154677916346426,1.791759469228055,1.791759469228055,False,True,False,False,True,False,1.25,57.413333333333334
31.0,9.0,5,1,5,1,4.0,262.26,0,5.573142136997261,1.6094379124341003,1.791759469228055,True,False,False,False,False,True,0.8333333333333334,8.195625
8.0,7.0,4,4,3,1,4.0,148.42,1,5.0067611325476555,1.6094379124341003,1.6094379124341003,False,False,True,False,True,False,1.0,16.49111111111111
19.0,33.0,5,5,3,0,6.0,168.85,0,5.134915694606593,1.9459101490553132,1.791759469228055,False,True,False,False,True,False,1.25,8.442499999999999
13.0,22.0,4,5,2,0,11.0,258.41,0,5.558409821640448,2.4849066497880004,1.6094379124341003,True,False,False,False,False,True,1.3333333333333333,18.457857142857144
0.0,8.0,1,5,8,0,1.0,134.24,0,4.907050977839686,0.6931471805599453,0.6931471805599453,False,False,True,False,False,True,0.1111111111111111,134.24
1.0,8.0,4,1,2,1,2.0,138.67,0,4.93928249731768,1.0986122886681096,1.6094379124341003,False,False,True,False,True,False,1.3333333333333333,69.335
24.0,7.0,4,3,2,0,14.0,188.47,0,5.2442307006442705,2.70805020110221,1.6094379124341003,False,True,False,False,False,False,1.3333333333333333,7.5388
23.0,34.0,1,3,2,1,8.0,132.21,0,4.891926830363372,2.1972245773362196,0.6931471805599453,False,False,True,False,True,False,0.3333333333333333,5.50875
17.0,11.0,4,3,4,0,3.0,131.62,0,4.887487895940722,1.3862943611198906,1.6094379124341003,False,False,True,False,False,True,0.8,7.312222222222222
0.0,8.0,4,4,8,1,2.0,199.07,1,5.298667305312325,1.0986122886681096,1.6094379124341003,False,True,False,False,False,True,0.4444444444444444,199.07
24.0,15.0,4,4,9,0,3.0,163.75,0,5.104429173382616,1.3862943611198906,1.6094379124341003,False,False,True,False,True,False,0.4,6.55
12.0,7.0,2,3,3,0,1.0,153.44,0,5.039805671396036,0.6931471805599453,1.0986122886681096,False,False,True,False,False,False,0.5,11.803076923076922
8.0,14.0,3,3,2,0,9.0,141.48,0,4.959201638981406,2.302585092994046,1.3862943611198906,False,True,False,False,True,False,1.0,15.719999999999999
10.0,28.0,4,4,6,0,47.0,214.26,1,5.371846599836152,3.8712010109078907,1.6094379124341003,False,True,False,False,True,False,0.5714285714285714,19.478181818181817
1.0,17.0,4,1,3,0,3.0,171.84,0,5.152366311063733,1.3862943611198906,1.6094379124341003,False,True,False,False,False,True,1.0,85.92
7.0,8.0,4,3,2,0,9.0,195.47,0,5.280509747898072,2.302585092994046,1.6094379124341003,False,True,False,False,False,False,1.3333333333333333,24.43375
17.0,11.0,5,1,5,0,47.0,227.31,0,5.430704354591362,3.8712010109078907,1.791759469228055,False,False,False,False,False,True,0.8333333333333334,12.628333333333334
6.0,6.0,1,5,3,0,3.0,153.76,0,5.041875529832312,1.3862943611198906,0.6931471805599453,False,True,False,False,True,False,0.25,21.965714285714284
4.0,16.0,4,5,3,0,11.0,155.72,0,5.054460773636285,2.4849066497880004,1.6094379124341003,False,True,False,False,True,False,1.0,31.144
16.0,31.0,4,2,6,0,0.0,234.0,0,5.459585514144159,0.0,1.6094379124341003,False,False,False,False,True,False,0.5714285714285714,13.764705882352942
5.0,19.0,3,1,3,0,3.0,144.03,0,4.976940617572159,1.3862943611198906,1.3862943611198906,False,True,False,False,True,False,0.75,24.005
25.0,8.0,4,3,2,1,12.0,290.68,0,5.675657310930353,2.5649493574615367,1.6094379124341003,False,False,False,True,False,True,1.3333333333333333,11.18
19.0,15.0,4,2,11,0,9.0,161.97,0,5.093566134787897,2.302585092994046,1.6094379124341003,False,True,False,False,False,False,0.3333333333333333,8.0985
1.0,8.0,4,2,2,1,2.0,138.67,0,4.93928249731768,1.0986122886681096,1.6094379124341003,False,False,True,False,False,False,1.3333333333333333,69.335
3.0,14.0,3,3,6,0,7.0,172.64,0,5.156984190431393,2.0794415416798357,1.3862943611198906,False,False,False,False,True,False,0.42857142857142855,43.16
12.0,8.0,3,3,1,0,47.0,209.38,0,5.348915419311128,3.8712010109078907,1.3862943611198906,False,False,False,False,False,True,1.5,16.106153846153845
6.0,12.0,4,4,3,0,4.0,190.24,0,5.253529183757903,1.6094379124341003,1.6094379124341003,False,True,False,False,False,False,1.0,27.177142857142858
22.0,23.0,4,3,10,0,8.0,189.39,0,5.249074599969585,2.1972245773362196,1.6094379124341003,False,True,False,False,True,False,0.36363636363636365,8.234347826086957
1.0,9.0,4,1,4,0,3.0,150.8,0,5.02256386496153,1.3862943611198906,1.6094379124341003,False,False,True,False,False,True,0.8,75.4
6.0,29.0,3,1,2,1,12.0,234.58,0,5.462050558530638,2.5649493574615367,1.3862943611198906,False,False,False,False,False,True,1.0,33.511428571428574
29.0,29.0,3,4,5,1,9.0,234.02,0,5.459670616905795,2.302585092994046,1.3862943611198906,True,False,False,False,False,False,0.5,7.800666666666667
12.0,9.0,5,4,3,0,4.0,149.4,0,5.0132984115157395,1.6094379124341003,1.791759469228055,False,False,True,False,False,True,1.25,11.492307692307692
24.0,17.0,5,2,8,0,47.0,229.96,0,5.442244535354679,3.8712010109078907,1.791759469228055,False,False,False,False,False,True,0.5555555555555556,9.1984
15.0,16.0,3,3,4,0,3.0,129.36,0,4.870299853969361,1.3862943611198906,1.3862943611198906,False,False,True,False,True,False,0.6,8.085
1.0,9.0,4,3,8,1,3.0,164.77,0,5.110601285436775,1.3862943611198906,1.6094379124341003,False,False,True,False,True,False,0.4444444444444444,82.385
7.0,12.0,5,1,6,0,3.0,196.19,0,5.284167730943595,1.3862943611198906,1.791759469228055,False,False,False,False,True,False,0.7142857142857143,24.52375
10.0,31.0,4,4,9,0,9.0,181.74,0,5.208064377570475,2.302585092994046,1.6094379124341003,False,True,False,False,False,False,0.4,16.521818181818183
0.0,21.0,4,5,1,0,3.0,147.74,0,5.002199815275154,1.3862943611198906,1.6094379124341003,False,False,True,False,True,False,2.0,147.74
27.0,31.0,2,1,5,0,3.0,195.05,0,5.27836972873834,1.3862943611198906,1.0986122886681096,False,False,False,False,True,False,0.3333333333333333,6.966071428571429
12.0,30.0,4,2,11,0,3.0,182.45,0,5.211942150801291,1.3862943611198906,1.6094379124341003,False,True,False,False,True,False,0.3333333333333333,14.034615384615384
0.0,8.0,3,3,2,0,2.0,127.83,0,4.858493705803434,1.0986122886681096,1.3862943611198906,False,False,True,False,False,True,1.0,127.83
3.0,17.0,5,4,3,1,8.0,207.68,0,5.340801978154192,2.1972245773362196,1.791759469228055,False,True,False,False,True,False,1.25,51.92
1.0,16.0,4,5,3,0,1.0,142.9,1,4.969118613893322,0.6931471805599453,1.6094379124341003,False,False,True,False,True,False,1.0,71.45
0.0,15.0,3,5,3,1,0.0,131.72,1,4.888241645882189,0.0,1.3862943611198906,False,False,True,False,False,True,0.75,131.72
1.0,9.0,4,1,4,0,3.0,150.8,0,5.02256386496153,1.3862943611198906,1.6094379124341003,False,False,True,False,False,True,0.8,75.4
0.0,6.0,3,4,2,0,4.0,163.97,0,5.105763639187833,1.6094379124341003,1.3862943611198906,False,True,False,False,True,False,1.0,163.97
17.0,26.0,3,4,2,0,3.0,134.2,0,4.906755163608864,1.3862943611198906,1.3862943611198906,False,False,True,False,False,True,1.0,7.455555555555555
27.0,7.0,3,1,7,0,7.0,273.28,0,5.614149482416163,2.0794415416798357,1.3862943611198906,True,False,False,False,False,True,0.375,9.76
3.0,30.0,4,5,2,0,4.0,164.04,1,5.106187868762996,1.6094379124341003,1.6094379124341003,False,False,True,False,False,True,1.3333333333333333,41.01
9.0,8.0,3,4,5,1,0.0,169.62,0,5.139438861480548,0.0,1.3862943611198906,False,True,False,False,True,False,0.5,16.962
13.0,10.0,5,3,2,0,8.0,155.69,0,5.054269331116317,2.1972245773362196,1.791759469228055,False,True,False,False,True,False,1.6666666666666667,11.120714285714286
0.0,9.0,3,5,6,0,2.0,140.31,1,4.950956058594655,1.0986122886681096,1.3862943611198906,False,False,True,False,False,False,0.42857142857142855,140.31
8.0,10.0,6,1,7,0,3.0,185.29,0,5.227304599301617,1.3862943611198906,1.9459101490553132,False,True,False,False,False,True,0.75,20.587777777777777
8.0,17.0,5,3,3,0,8.0,175.63,0,5.174057149167352,2.1972245773362196,1.791759469228055,False,True,False,False,True,False,1.25,19.514444444444443
9.0,23.0,4,3,6,1,1.0,201.32,0,5.30985060236171,0.6931471805599453,1.6094379124341003,False,False,False,False,False,False,0.5714285714285714,20.131999999999998
1.0,15.0,6,5,3,1,8.0,146.19,1,4.991724269204496,2.1972245773362196,1.9459101490553132,False,False,True,False,True,False,1.5,73.095
0.0,31.0,3,3,2,0,7.0,129.42,0,4.870760011965056,2.0794415416798357,1.3862943611198906,False,False,True,False,True,False,1.0,129.42
10.0,7.0,4,3,8,0,1.0,193.15,0,5.268631056177677,0.6931471805599453,1.6094379124341003,False,True,False,False,False,True,0.4444444444444444,17.55909090909091
1.0,14.0,4,2,2,0,4.0,149.36,0,5.013032418695977,1.6094379124341003,1.6094379124341003,False,False,True,False,True,False,1.3333333333333333,74.68
9.0,11.0,1,3,3,1,3.0,121.27,0,4.806231714156099,1.3862943611198906,0.6931471805599453,False,False,True,False,False,False,0.25,12.126999999999999
0.0,6.0,4,3,6,0,46.0,206.09,1,5.333153481383494,3.8501476017100584,1.6094379124341003,False,False,False,False,True,False,0.5714285714285714,206.09
2.0,9.0,3,3,5,1,0.0,152.38,1,5.032918502336713,0.0,1.3862943611198906,False,True,False,False,True,False,0.5,50.79333333333333
1.0,20.0,4,4,3,0,1.0,145.33,0,4.985864345104336,0.6931471805599453,1.6094379124341003,False,False,True,False,False,False,1.0,72.665
4.0,14.0,4,3,4,0,2.0,123.29,0,4.82261754475742,1.0986122886681096,1.6094379124341003,False,False,True,False,False,False,0.8,24.658
0.0,14.0,1,4,1,0,2.0,148.51,0,5.007363280225836,1.0986122886681096,0.6931471805599453,False,True,False,False,True,False,0.5,148.51
0.0,35.0,3,3,6,0,0.0,143.06,0,4.9702298794612165,0.0,1.3862943611198906,False,True,False,False,True,False,0.42857142857142855,143.06
1.0,20.0,4,3,5,1,47.0,223.54,1,5.414053865030634,3.8712010109078907,1.6094379124341003,False,True,False,False,False,True,0.6666666666666666,111.77
7.0,11.0,5,4,10,0,3.0,163.38,0,5.102180820720354,1.3862943611198906,1.791759469228055,False,False,True,False,True,False,0.45454545454545453,20.4225
1.0,13.0,3,5,1,0,3.0,148.98,0,5.010501951873243,1.3862943611198906,1.3862943611198906,False,True,False,False,False,True,1.5,74.49
1.0,7.0,4,4,3,1,3.0,148.02,1,5.004080525125581,1.3862943611198906,1.6094379124341003,False,False,True,False,False,True,1.0,74.01
18.0,30.0,4,4,6,0,3.0,145.42,0,4.986479204218496,1.3862943611198906,1.6094379124341003,False,True,False,False,True,False,0.5714285714285714,7.653684210526315
0.0,32.0,3,1,2,0,2.0,129.04,0,4.867842095435704,1.0986122886681096,1.3862943611198906,False,False,True,False,True,False,1.0,129.04
9.0,8.0,3,5,7,1,2.0,120.42,1,4.799255609702288,1.0986122886681096,1.3862943611198906,False,False,True,False,True,False,0.375,12.042
12.0,16.0,4,1,4,0,4.0,172.71,0,5.157387242113832,1.6094379124341003,1.6094379124341003,False,False,True,False,True,False,0.8,13.285384615384617
1.0,22.0,4,3,9,1,8.0,261.1,1,5.568726110329361,2.1972245773362196,1.6094379124341003,False,False,False,False,False,False,0.4,130.55
10.0,15.0,4,2,6,0,8.0,175.79,0,5.174962587517932,2.1972245773362196,1.6094379124341003,False,True,False,False,True,False,0.5714285714285714,15.98090909090909
7.0,6.0,1,2,3,0,3.0,132.8,0,4.896346147694128,1.3862943611198906,0.6931471805599453,False,False,True,False,False,True,0.25,16.6
25.0,15.0,5,4,7,0,8.0,249.9,0,5.525054453372377,2.1972245773362196,1.791759469228055,False,False,False,False,False,False,0.625,9.611538461538462
6.0,10.0,4,4,9,0,2.0,138.38,0,4.937204016010373,1.0986122886681096,1.6094379124341003,False,False,True,False,False,False,0.4,19.768571428571427
9.0,18.0,3,3,10,1,1.0,146.63,0,4.994709143545997,0.6931471805599453,1.3862943611198906,False,True,False,False,True,False,0.2727272727272727,14.663
28.0,20.0,1,4,9,0,15.0,287.22,0,5.663724077410215,2.772588722239781,0.6931471805599453,False,False,False,True,False,True,0.1,9.904137931034484
26.0,6.0,3,5,8,0,10.0,183.81,0,5.219328270297665,2.3978952727983707,1.3862943611198906,False,True,False,False,False,True,0.3333333333333333,6.807777777777778
21.0,16.0,4,3,6,0,1.0,146.05,0,4.990772665000004,0.6931471805599453,1.6094379124341003,False,False,True,False,False,True,0.5714285714285714,6.638636363636365
8.0,12.0,5,1,3,0,14.0,164.86,0,5.111144059023058,2.70805020110221,1.791759469228055,False,True,False,False,True,False,1.25,18.317777777777778
0.0,6.0,3,2,2,1,8.0,126.86,1,4.850935915338581,2.1972245773362196,1.3862943611198906,False,False,True,False,False,True,1.0,126.86
19.0,18.0,4,2,5,0,2.0,301.5,0,5.7120812774708964,1.0986122886681096,1.6094379124341003,True,False,False,False,False,False,0.6666666666666666,15.075
12.0,17.0,4,3,2,0,3.0,151.84,0,5.029391622578699,1.3862943611198906,1.6094379124341003,False,False,True,False,True,False,1.3333333333333333,11.68
2.0,10.0,4,4,2,0,8.0,201.55,0,5.310986769648699,2.1972245773362196,1.6094379124341003,False,False,False,False,True,False,1.3333333333333333,67.18333333333334
9.0,11.0,4,5,7,0,0.0,121.07,1,4.804594650681708,0.0,1.6094379124341003,False,False,True,False,True,False,0.5,12.107
1.0,9.0,5,2,3,0,1.0,136.02,1,4.920126900574753,0.6931471805599453,1.791759469228055,False,False,True,False,False,True,1.25,68.01
14.0,23.0,5,3,8,0,1.0,175.94,0,5.17581069205524,0.6931471805599453,1.791759469228055,False,True,False,False,False,True,0.5555555555555556,11.729333333333333
10.0,17.0,4,3,5,0,8.0,195.94,0,5.282899113819656,2.1972245773362196,1.6094379124341003,False,False,False,False,True,False,0.6666666666666666,17.812727272727273
0.0,14.0,4,5,7,1,0.0,124.04,1,4.828633686113221,0.0,1.6094379124341003,False,False,True,False,False,True,0.5,124.04
25.0,9.0,6,4,7,0,3.0,179.82,0,5.19750206130922,1.3862943611198906,1.9459101490553132,False,True,False,False,True,False,0.75,6.916153846153846
1.0,18.0,4,5,3,1,4.0,172.41,0,5.1556587328104575,1.6094379124341003,1.6094379124341003,False,True,False,False,True,False,1.0,86.205
9.0,9.0,3,1,2,1,0.0,115.69,1,4.759520845818016,0.0,1.3862943611198906,False,False,True,False,False,True,1.0,11.568999999999999
19.0,8.0,4,4,3,0,8.0,199.41,0,5.300365268165337,2.1972245773362196,1.6094379124341003,False,False,False,False,True,False,1.0,9.9705
1.0,7.0,5,5,3,1,1.0,148.19,1,5.005220661394757,0.6931471805599453,1.791759469228055,False,False,True,False,False,False,1.25,74.095
12.0,14.0,5,2,2,0,6.0,165.28,0,5.1136731143844365,1.9459101490553132,1.791759469228055,False,True,False,False,False,True,1.6666666666666667,12.713846153846154
9.0,25.0,4,5,2,0,5.0,180.61,0,5.201861530730407,1.791759469228055,1.6094379124341003,False,True,False,False,True,False,1.3333333333333333,18.061
8.0,24.0,3,3,2,0,0.0,146.01,0,4.990500611675875,0.0,1.3862943611198906,False,True,False,False,False,False,1.0,16.223333333333333
1.0,9.0,2,3,2,0,8.0,190.0,0,5.25227342804663,2.1972245773362196,1.0986122886681096,False,True,False,False,False,True,0.6666666666666666,95.0
29.0,15.0,3,3,3,0,3.0,129.42,0,4.870760011965056,1.3862943611198906,1.3862943611198906,False,False,True,False,False,False,0.75,4.313999999999999
9.0,28.0,3,3,5,1,1.0,121.32,1,4.8066405616208066,0.6931471805599453,1.3862943611198906,False,False,True,False,False,False,0.5,12.132
4.0,31.0,2,4,6,1,1.0,256.94,1,5.552726999736245,0.6931471805599453,1.0986122886681096,True,False,False,False,False,True,0.2857142857142857,51.388
0.0,14.0,3,3,1,1,4.0,149.07,0,5.011101851907898,1.6094379124341003,1.3862943611198906,False,True,False,False,True,False,1.5,149.07
26.0,10.0,5,3,4,1,5.0,204.69,0,5.326370180990072,1.791759469228055,1.791759469228055,False,False,False,False,True,False,1.0,7.581111111111111
17.0,13.0,5,3,9,0,15.0,318.92,0,5.768070964538563,2.772588722239781,1.791759469228055,False,False,False,True,True,False,0.5,17.71777777777778
22.0,11.0,5,3,9,0,9.0,234.99,0,5.463789431246498,2.302585092994046,1.791759469228055,False,False,False,False,False,True,0.5,10.216956521739132
25.0,9.0,4,3,3,1,4.0,179.69,0,5.19678285572374,1.6094379124341003,1.6094379124341003,False,False,False,False,False,False,1.0,6.911153846153846
2.0,26.0,5,5,3,0,4.0,156.96,0,5.062341836418449,1.6094379124341003,1.791759469228055,False,False,True,False,True,False,1.25,52.32
7.0,16.0,3,3,2,1,2.0,129.36,1,4.870299853969361,1.0986122886681096,1.3862943611198906,False,False,True,False,False,True,1.0,16.17
11.0,12.0,4,3,3,0,7.0,153.21,0,5.038315309869565,2.0794415416798357,1.6094379124341003,False,True,False,False,True,False,1.0,12.7675
5.0,12.0,4,2,2,1,4.0,173.21,0,5.160261468052068,1.6094379124341003,1.6094379124341003,False,False,True,False,False,False,1.3333333333333333,28.868333333333336
0.0,32.0,3,1,2,0,4.0,161.8,0,5.09252245356844,1.6094379124341003,1.3862943611198906,False,True,False,False,False,True,1.0,161.8
20.0,10.0,4,4,10,0,2.0,291.06,0,5.676959260612326,1.0986122886681096,1.6094379124341003,True,False,False,False,True,False,0.36363636363636365,13.86
17.0,28.0,4,2,9,0,3.0,147.58,0,5.001123533723661,1.3862943611198906,1.6094379124341003,False,False,True,False,False,False,0.4,8.19888888888889
0.0,19.0,4,5,6,1,2.0,161.34,1,5.08969290133303,1.0986122886681096,1.6094379124341003,False,True,False,False,True,False,0.5714285714285714,161.34
22.0,9.0,2,4,5,0,3.0,206.2,0,5.333684510385328,1.3862943611198906,1.0986122886681096,False,True,False,False,True,False,0.3333333333333333,8.965217391304348
5.0,8.0,3,5,2,0,0.0,128.27,0,4.861903240295856,0.0,1.3862943611198906,False,False,True,False,True,False,1.0,21.378333333333334
9.0,6.0,3,2,2,0,7.0,121.15,0,4.805249797703749,2.0794415416798357,1.3862943611198906,False,False,True,False,False,True,1.0,12.115
7.0,14.0,4,5,2,0,4.0,168.73,0,5.13420893917344,1.6094379124341003,1.6094379124341003,False,True,False,False,True,False,1.3333333333333333,21.09125
9.0,17.0,4,1,5,0,0.0,166.52,0,5.121102747122227,0.0,1.6094379124341003,False,True,False,False,True,False,0.6666666666666666,16.652
1.0,35.0,4,4,3,0,5.0,187.72,0,5.240264435099419,1.791759469228055,1.6094379124341003,False,True,False,False,False,False,1.0,93.86
11.0,17.0,5,1,4,1,1.0,191.94,0,5.262379259742407,0.6931471805599453,1.791759469228055,False,True,False,False,True,False,1.0,15.995
0.0,14.0,4,5,7,0,7.0,123.62,1,4.825269107116076,2.0794415416798357,1.6094379124341003,False,False,True,False,False,True,0.5,123.62
5.0,7.0,4,4,3,0,1.0,150.01,0,5.017346059787697,0.6931471805599453,1.6094379124341003,False,False,True,False,False,True,1.0,25.001666666666665
8.0,24.0,3,3,2,1,2.0,156.89,0,5.061898588033797,1.0986122886681096,1.3862943611198906,False,True,False,False,True,False,1.0,17.432222222222222
10.0,13.0,3,5,6,1,4.0,142.84,0,4.96870157072331,1.6094379124341003,1.3862943611198906,False,True,False,False,True,False,0.42857142857142855,12.985454545454546
2.0,34.0,6,5,2,0,1.0,173.77,0,5.16347082377827,0.6931471805599453,1.9459101490553132,False,True,False,False,True,False,2.0,57.92333333333334
0.0,14.0,4,5,2,1,0.0,126.0,1,4.844187086458591,0.0,1.6094379124341003,False,False,True,False,False,True,1.3333333333333333,126.0
1.0,14.0,3,2,2,0,2.0,133.1,0,4.898585790287632,1.0986122886681096,1.3862943611198906,False,False,True,False,False,True,1.0,66.55
17.0,6.0,3,1,5,1,2.0,157.43,0,5.065312855386951,1.0986122886681096,1.3862943611198906,False,True,False,False,True,False,0.5,8.746111111111112
10.0,17.0,4,5,9,1,8.0,208.21,0,5.343338532195557,2.1972245773362196,1.6094379124341003,False,False,False,False,True,False,0.4,18.92818181818182
18.0,14.0,3,2,10,0,8.0,136.97,0,4.927036270219942,2.1972245773362196,1.3862943611198906,False,True,False,False,False,False,0.2727272727272727,7.208947368421053
18.0,11.0,2,5,3,0,14.0,316.9,0,5.761736867916757,2.70805020110221,1.0986122886681096,False,False,False,True,True,False,0.5,16.678947368421053
2.0,25.0,3,2,5,0,2.0,142.62,0,4.967170922682172,1.0986122886681096,1.3862943611198906,False,True,False,False,True,False,0.5,47.54
0.0,14.0,4,3,2,1,2.0,139.89,1,4.947979444065186,1.0986122886681096,1.6094379124341003,False,False,True,False,False,True,1.3333333333333333,139.89
5.0,31.0,4,1,4,0,5.0,177.38,0,5.183916106238061,1.791759469228055,1.6094379124341003,False,True,False,False,False,True,0.8,29.563333333333333
13.0,11.0,5,3,6,0,10.0,184.02,0,5.2204639273431725,2.3978952727983707,1.791759469228055,False,True,False,False,True,False,0.7142857142857143,13.144285714285715
7.0,6.0,3,4,2,0,3.0,143.25,0,4.971547905388209,1.3862943611198906,1.3862943611198906,False,True,False,False,True,False,1.0,17.90625
1.0,8.0,5,3,3,1,1.0,154.33,0,5.045551885999816,0.6931471805599453,1.791759469228055,False,False,True,False,True,False,1.25,77.165
29.0,25.0,4,4,5,1,8.0,188.85,0,5.2462342866778116,2.1972245773362196,1.6094379124341003,False,True,False,False,True,False,0.6666666666666666,6.295
5.0,30.0,3,2,2,0,7.0,153.09,0,5.037536847293762,2.0794415416798357,1.3862943611198906,False,True,False,False,False,False,1.0,25.515
27.0,9.0,2,4,6,0,9.0,290.98,0,5.676685306771834,2.302585092994046,1.0986122886681096,True,False,False,False,False,True,0.2857142857142857,10.392142857142858
0.0,28.0,3,3,2,1,7.0,161.79,1,5.092461026620419,2.0794415416798357,1.3862943611198906,False,True,False,False,False,False,1.0,161.79
1.0,11.0,6,1,3,0,47.0,229.0,1,5.438079308923196,3.8712010109078907,1.9459101490553132,False,False,False,False,True,False,1.5,114.5
9.0,34.0,3,1,5,0,3.0,121.32,0,4.8066405616208066,1.3862943611198906,1.3862943611198906,False,False,True,False,True,False,0.5,12.132
1.0,16.0,4,3,3,0,3.0,152.42,1,5.03317925853115,1.3862943611198906,1.6094379124341003,False,False,True,False,False,False,1.0,76.21
1.0,11.0,4,2,3,1,7.0,161.91,1,5.093197901078078,2.0794415416798357,1.6094379124341003,False,False,True,False,False,False,1.0,80.955
23.0,12.0,4,3,4,0,3.0,191.51,0,5.260148100430533,1.3862943611198906,1.6094379124341003,False,True,False,False,False,False,0.8,7.979583333333333
2.0,7.0,4,5,4,0,3.0,145.8,0,4.9890711161804155,1.3862943611198906,1.6094379124341003,False,False,True,False,False,True,0.8,48.6
10.0,11.0,4,4,9,0,3.0,176.31,0,5.177899613068897,1.3862943611198906,1.6094379124341003,False,True,False,False,True,False,0.4,16.028181818181817
20.0,14.0,4,3,8,0,8.0,233.45,0,5.457242345535596,2.1972245773362196,1.6094379124341003,False,False,False,False,True,False,0.4444444444444444,11.116666666666665
3.0,24.0,5,5,3,0,10.0,204.88,0,5.327293474784554,2.3978952727983707,1.791759469228055,False,False,False,False,False,True,1.25,51.22
22.0,8.0,4,4,3,0,8.0,153.9,0,5.042779747422823,2.1972245773362196,1.6094379124341003,False,True,False,False,True,False,1.0,6.691304347826088
23.0,15.0,5,4,8,0,4.0,256.2,0,5.549853992363464,1.6094379124341003,1.791759469228055,True,False,False,False,True,False,0.5555555555555556,10.674999999999999
22.0,7.0,5,5,9,0,3.0,279.02,0,5.634861029189779,1.3862943611198906,1.791759469228055,True,False,False,False,True,False,0.5,12.131304347826086
0.0,6.0,1,4,2,0,7.0,174.46,1,5.167411096700238,2.0794415416798357,0.6931471805599453,False,False,False,False,False,True,0.3333333333333333,174.46
0.0,15.0,1,3,2,0,4.0,144.01,0,4.976802705559804,1.6094379124341003,0.6931471805599453,False,False,True,False,True,False,0.3333333333333333,144.01
29.0,25.0,4,4,5,0,9.0,293.35,0,5.68476953547427,2.302585092994046,1.6094379124341003,True,False,False,False,False,True,0.6666666666666666,9.778333333333334
31.0,16.0,5,4,6,1,1.0,158.46,0,5.07179310707435,0.6931471805599453,1.791759469228055,False,False,True,False,True,False,0.7142857142857143,4.951875
10.0,35.0,3,4,2,1,47.0,218.49,1,5.391306673390865,3.8712010109078907,1.3862943611198906,False,False,False,False,False,False,1.0,19.862727272727273
8.0,17.0,4,4,3,0,1.0,145.08,0,4.984154416846659,0.6931471805599453,1.6094379124341003,False,False,True,False,True,False,1.0,16.12
7.0,8.0,4,3,4,0,7.0,127.68,0,4.857328702370825,2.0794415416798357,1.6094379124341003,False,False,True,False,True,False,0.8,15.96
11.0,11.0,4,3,9,1,4.0,154.96,0,5.049599564114397,1.6094379124341003,1.6094379124341003,False,False,True,False,True,False,0.4,12.913333333333334
1.0,29.0,4,3,3,0,3.0,159.47,0,5.078107009211268,1.3862943611198906,1.6094379124341003,False,False,True,False,False,True,1.0,79.735
9.0,14.0,4,5,1,0,3.0,123.42,0,4.823662939086874,1.3862943611198906,1.6094379124341003,False,False,True,False,False,False,2.0,12.342
1.0,36.0,5,4,2,0,5.0,159.79,1,5.08009916575632,1.791759469228055,1.791759469228055,False,False,True,False,False,True,1.6666666666666667,79.895
0.0,32.0,4,5,6,0,1.0,166.96,1,5.123725855815993,0.6931471805599453,1.6094379124341003,False,True,False,False,False,True,0.5714285714285714,166.96
28.0,33.0,2,1,4,1,5.0,298.28,0,5.701379590039891,1.791759469228055,1.0986122886681096,True,False,False,False,False,True,0.4,10.28551724137931
2.0,28.0,4,2,3,0,3.0,152.13,0,5.031287233827117,1.3862943611198906,1.6094379124341003,False,False,True,False,False,False,1.0,50.71
0.0,10.0,4,2,2,1,4.0,158.28,1,5.070663659755941,1.6094379124341003,1.6094379124341003,False,True,False,False,False,True,1.3333333333333333,158.28
9.0,32.0,4,3,3,1,47.0,228.88,0,5.437557433639541,3.8712010109078907,1.6094379124341003,False,False,False,False,True,False,1.0,22.887999999999998
10.0,25.0,3,4,5,0,0.0,130.22,0,4.876875303916732,0.0,1.3862943611198906,False,False,True,False,True,False,0.5,11.838181818181818
0.0,10.0,3,1,2,1,2.0,128.75,0,4.865609522045998,1.0986122886681096,1.3862943611198906,False,False,True,False,False,True,1.0,128.75
9.0,16.0,4,4,2,1,0.0,118.59,1,4.7840692259807165,0.0,1.6094379124341003,False,False,True,False,False,True,1.3333333333333333,11.859
11.0,8.0,4,2,4,0,5.0,152.49,0,5.033635418325317,1.791759469228055,1.6094379124341003,False,True,False,False,False,False,0.8,12.707500000000001
18.0,9.0,2,1,3,1,8.0,203.79,0,5.321985063848221,2.1972245773362196,1.0986122886681096,False,False,False,False,True,False,0.5,10.72578947368421
9.0,22.0,4,5,5,0,2.0,156.47,0,5.059234963932318,1.0986122886681096,1.6094379124341003,False,True,False,False,False,False,0.6666666666666666,15.647
5.0,8.0,2,2,8,0,7.0,150.55,0,5.020915603503812,2.0794415416798357,1.0986122886681096,False,True,False,False,False,True,0.2222222222222222,25.09166666666667
0.0,34.0,4,3,3,0,2.0,186.39,0,5.233192006587575,1.0986122886681096,1.6094379124341003,False,True,False,False,True,False,1.0,186.39
8.0,6.0,3,3,10,0,9.0,147.17,0,4.998360263220643,2.302585092994046,1.3862943611198906,False,True,False,False,True,False,0.2727272727272727,16.35222222222222
12.0,17.0,4,1,3,1,4.0,181.66,0,5.207626501263533,1.6094379124341003,1.6094379124341003,False,True,False,False,False,True,1.0,13.973846153846154
8.0,10.0,6,5,5,0,13.0,172.59,0,5.156696196880458,2.639057329615259,1.9459101490553132,False,True,False,False,False,True,1.0,19.176666666666666
23.0,9.0,4,1,5,0,4.0,316.61,0,5.760824215023398,1.6094379124341003,1.6094379124341003,False,False,False,True,True,False,0.6666666666666666,13.192083333333334
1.0,26.0,4,2,3,0,3.0,148.23,0,5.0054887399433765,1.3862943611198906,1.6094379124341003,False,False,True,False,False,False,1.0,74.115
4.0,9.0,4,2,2,0,8.0,150.64,0,5.021509290648134,2.1972245773362196,1.6094379124341003,False,False,True,False,False,True,1.3333333333333333,30.127999999999997
14.0,7.0,4,3,5,1,1.0,172.28,1,5.15490878325268,0.6931471805599453,1.6094379124341003,False,True,False,False,False,True,0.6666666666666666,11.485333333333333
22.0,11.0,3,3,3,0,2.0,166.51,0,5.1210430509755955,1.0986122886681096,1.3862943611198906,False,True,False,False,True,False,0.75,7.239565217391304
1.0,16.0,5,5,5,0,3.0,169.0,1,5.135798437050262,1.3862943611198906,1.791759469228055,False,False,True,False,True,False,0.8333333333333334,84.5
0.0,12.0,4,1,2,1,0.0,129.26,1,4.869532453118255,0.0,1.6094379124341003,False,False,True,False,False,True,1.3333333333333333,129.26
3.0,34.0,3,2,2,0,9.0,157.75,0,5.067330637772801,2.302585092994046,1.3862943611198906,False,True,False,False,False,False,1.0,39.4375
20.0,14.0,4,3,4,0,1.0,177.58,0,5.185036680089071,0.6931471805599453,1.6094379124341003,False,True,False,False,True,False,0.8,8.456190476190477
2.0,7.0,4,3,2,1,3.0,146.54,0,4.9940993254561565,1.3862943611198906,1.6094379124341003,False,False,True,False,False,True,1.3333333333333333,48.846666666666664
1.0,16.0,4,2,3,1,3.0,148.23,1,5.0054887399433765,1.3862943611198906,1.6094379124341003,False,False,True,False,False,True,1.0,74.115
9.0,19.0,3,3,2,0,6.0,120.96,0,4.803693122120054,1.9459101490553132,1.3862943611198906,False,False,True,False,True,False,1.0,12.096
4.0,8.0,3,1,5,1,5.0,165.82,0,5.116915386813465,1.791759469228055,1.3862943611198906,False,True,False,False,False,True,0.5,33.164
10.0,6.0,4,2,2,0,11.0,164.74,0,5.110420295420896,2.4849066497880004,1.6094379124341003,False,True,False,False,False,False,1.3333333333333333,14.976363636363637
15.0,30.0,4,3,5,1,3.0,195.82,0,5.282289605470839,1.3862943611198906,1.6094379124341003,False,False,False,False,False,True,0.6666666666666666,12.23875
24.0,7.0,4,1,5,0,7.0,320.17,0,5.771970577959644,2.0794415416798357,1.6094379124341003,False,False,False,True,True,False,0.6666666666666666,12.8068
0.0,14.0,3,1,2,1,2.0,123.23,1,4.822134686225586,1.0986122886681096,1.3862943611198906,False,False,True,False,False,True,1.0,123.23
17.0,32.0,5,2,7,0,1.0,259.0,0,5.560681631015528,0.6931471805599453,1.791759469228055,False,False,False,False,True,False,0.625,14.38888888888889
0.0,13.0,3,3,4,1,7.0,133.39,1,4.900746020558973,2.0794415416798357,1.3862943611198906,False,False,True,False,True,False,0.6,133.39
2.0,7.0,1,3,9,1,2.0,162.94,0,5.099500507224884,1.0986122886681096,0.6931471805599453,False,True,False,False,False,True,0.1,54.31333333333333
12.0,32.0,5,4,5,0,2.0,245.61,0,5.50780814140846,1.0986122886681096,1.791759469228055,False,False,False,False,False,False,0.8333333333333334,18.893076923076926
9.0,8.0,5,5,3,0,3.0,149.5,0,5.01396308418893,1.3862943611198906,1.791759469228055,False,False,True,False,False,True,1.25,14.95
1.0,6.0,3,1,2,0,2.0,127.06,0,4.852498904090656,1.0986122886681096,1.3862943611198906,False,False,True,False,True,False,1.0,63.53
14.0,31.0,4,1,3,0,8.0,158.19,0,5.0700984573670445,2.1972245773362196,1.6094379124341003,False,True,False,False,True,False,1.0,10.546
3.0,31.0,4,4,3,1,0.0,190.94,1,5.257182823189481,0.0,1.6094379124341003,False,False,False,False,False,True,1.0,47.735
12.0,27.0,5,3,7,0,2.0,157.36,0,5.06487092223793,1.0986122886681096,1.791759469228055,False,True,False,False,True,False,0.625,12.104615384615386
12.0,27.0,5,3,7,0,2.0,157.36,0,5.06487092223793,1.0986122886681096,1.791759469228055,False,True,False,False,True,False,0.625,12.104615384615386
1.0,13.0,2,1,2,0,8.0,150.44,0,5.020189506901067,2.1972245773362196,1.0986122886681096,False,False,True,False,True,False,0.6666666666666666,75.22
8.0,11.0,4,1,4,1,47.0,222.13,0,5.407754561246412,3.8712010109078907,1.6094379124341003,False,False,False,False,True,False,0.8,24.68111111111111
0.0,35.0,5,5,9,0,2.0,149.69,1,5.015224746430063,1.0986122886681096,1.791759469228055,False,True,False,False,False,True,0.5,149.69
8.0,20.0,4,3,3,0,47.0,211.28,0,5.357906157959694,3.8712010109078907,1.6094379124341003,False,False,False,False,True,False,1.0,23.475555555555555
15.0,19.0,1,5,6,0,0.0,155.38,0,5.052288942696368,0.0,0.6931471805599453,False,True,False,False,True,False,0.14285714285714285,9.71125
9.0,10.0,4,5,2,0,0.0,121.09,0,4.804758477680764,0.0,1.6094379124341003,False,False,True,False,True,False,1.3333333333333333,12.109
11.0,16.0,5,3,4,0,11.0,232.06,0,5.4512959311451175,2.4849066497880004,1.791759469228055,False,False,False,False,True,False,1.0,19.338333333333335
7.0,32.0,5,4,3,0,3.0,168.2,0,5.1310814471721224,1.3862943611198906,1.791759469228055,False,True,False,False,False,True,1.25,21.025
8.0,16.0,4,1,2,0,47.0,210.0,0,5.351858133476067,3.8712010109078907,1.6094379124341003,False,False,False,False,True,False,1.3333333333333333,23.333333333333332
3.0,7.0,4,1,3,0,2.0,204.18,0,5.3238876426595665,1.0986122886681096,1.6094379124341003,False,False,False,False,True,False,1.0,51.045
9.0,27.0,3,1,8,0,2.0,122.58,0,4.816888719632834,1.0986122886681096,1.3862943611198906,False,False,True,False,True,False,0.3333333333333333,12.258
12.0,19.0,4,4,7,1,2.0,271.23,0,5.6066472972229695,1.0986122886681096,1.6094379124341003,True,False,False,False,True,False,0.5,20.863846153846154
20.0,8.0,4,5,8,0,8.0,159.23,0,5.076610283019789,2.1972245773362196,1.6094379124341003,False,False,True,False,False,True,0.4444444444444444,7.5823809523809516
1.0,15.0,6,5,3,1,8.0,146.19,1,4.991724269204496,2.1972245773362196,1.9459101490553132,False,False,True,False,False,False,1.5,73.095
7.0,10.0,4,3,3,1,1.0,154.09,0,5.044005593571361,0.6931471805599453,1.6094379124341003,False,False,True,False,True,False,1.0,19.26125
14.0,14.0,5,2,3,0,3.0,206.5,1,5.335131339670753,1.3862943611198906,1.791759469228055,False,False,False,False,False,True,1.25,13.766666666666667
11.0,21.0,4,2,1,1,47.0,215.1,0,5.3757412635128405,3.8712010109078907,1.6094379124341003,False,False,False,False,True,False,2.0,17.925
1.0,24.0,4,4,2,1,2.0,155.58,0,5.053567061479768,1.0986122886681096,1.6094379124341003,False,False,True,False,False,False,1.3333333333333333,77.79
0.0,16.0,1,3,2,0,2.0,135.05,0,4.913022465229256,1.0986122886681096,0.6931471805599453,False,False,True,False,False,True,0.3333333333333333,135.05
11.0,20.0,4,1,3,0,8.0,167.85,0,5.129010746831577,2.1972245773362196,1.6094379124341003,False,True,False,False,True,False,1.0,13.987499999999999
17.0,18.0,4,3,3,0,10.0,200.1,0,5.303802296778606,2.3978952727983707,1.6094379124341003,False,False,False,False,True,False,1.0,11.116666666666667
1.0,18.0,5,5,3,1,1.0,151.0,1,5.0238805208462765,0.6931471805599453,1.791759469228055,False,False,True,False,False,True,1.25,75.5
1.0,13.0,5,1,3,1,1.0,154.26,1,5.045101130977534,0.6931471805599453,1.791759469228055,False,False,True,False,False,True,1.25,77.13
27.0,26.0,3,3,4,0,3.0,148.69,0,5.008566488927144,1.3862943611198906,1.3862943611198906,False,True,False,False,False,True,0.6,5.310357142857143
9.0,18.0,4,2,3,0,3.0,174.68,0,5.168664158321166,1.3862943611198906,1.6094379124341003,False,True,False,False,True,False,1.0,17.468
9.0,32.0,4,3,2,0,0.0,120.29,0,4.798184372320789,0.0,1.6094379124341003,False,False,True,False,True,False,1.3333333333333333,12.029
14.0,15.0,3,3,3,0,11.0,294.19,0,5.687619216813782,2.4849066497880004,1.3862943611198906,False,False,False,True,True,False,0.75,19.612666666666666
2.0,9.0,4,4,6,0,5.0,173.55,1,5.162211233551045,1.791759469228055,1.6094379124341003,False,True,False,False,True,False,0.5714285714285714,57.85
22.0,13.0,4,3,9,0,47.0,209.65,0,5.350197988425026,3.8712010109078907,1.6094379124341003,False,False,False,False,False,True,0.4,9.115217391304348
11.0,13.0,4,1,1,0,5.0,140.28,0,4.9507437368556495,1.791759469228055,1.6094379124341003,False,True,False,False,False,True,2.0,11.69
16.0,6.0,3,2,5,0,2.0,155.62,0,5.053822489322791,1.0986122886681096,1.3862943611198906,False,True,False,False,False,False,0.5,9.154117647058824
6.0,11.0,3,1,7,0,2.0,199.98,0,5.303205400620812,1.0986122886681096,1.3862943611198906,False,True,False,False,True,False,0.375,28.568571428571428
2.0,29.0,1,3,2,0,7.0,127.0,0,4.852030263919617,2.0794415416798357,0.6931471805599453,False,False,True,False,False,False,0.3333333333333333,42.333333333333336
14.0,9.0,4,5,6,0,3.0,158.77,0,5.073735281039481,1.3862943611198906,1.6094379124341003,False,False,True,False,True,False,0.5714285714285714,10.584666666666667
12.0,12.0,4,5,5,0,7.0,199.91,0,5.302857046590068,2.0794415416798357,1.6094379124341003,False,False,False,False,True,False,0.6666666666666666,15.377692307692307
50.0,6.0,1,3,1,0,8.0,149.0,0,5.0106352940962555,2.1972245773362196,0.6931471805599453,False,True,False,False,False,False,0.5,2.9215686274509802
12.0,9.0,1,4,10,0,6.0,163.89,0,5.105278584912877,1.9459101490553132,0.6931471805599453,False,True,False,False,True,False,0.09090909090909091,12.606923076923076
11.0,15.0,3,1,3,0,3.0,147.71,0,5.001998100700592,1.3862943611198906,1.3862943611198906,False,False,True,False,True,False,0.75,12.309166666666668
0.0,12.0,5,3,5,1,7.0,161.72,1,5.09203093230025,2.0794415416798357,1.791759469228055,False,True,False,False,True,False,0.8333333333333334,161.72
1.0,8.0,5,5,8,0,8.0,148.62,1,5.008098746444259,2.1972245773362196,1.791759469228055,False,False,True,False,False,True,0.5555555555555556,74.31
19.0,7.0,3,2,2,0,8.0,317.02,0,5.762114273884251,2.1972245773362196,1.3862943611198906,False,False,False,True,False,False,1.0,15.850999999999999
18.0,8.0,3,5,6,1,4.0,298.59,1,5.7024148732488955,1.6094379124341003,1.3862943611198906,False,False,False,True,True,False,0.42857142857142855,15.715263157894736
8.0,22.0,4,4,2,0,3.0,186.06,0,5.231429421006405,1.3862943611198906,1.6094379124341003,False,False,False,False,False,True,1.3333333333333333,20.673333333333332
3.0,14.0,3,3,2,0,4.0,126.32,0,4.846703602413892,1.6094379124341003,1.3862943611198906,False,False,True,False,False,True,1.0,31.58
0.0,15.0,3,5,8,0,4.0,142.0,1,4.962844630259907,1.6094379124341003,1.3862943611198906,False,False,True,False,False,True,0.3333333333333333,142.0
0.0,22.0,1,3,4,0,7.0,152.94,0,5.036562916106171,2.0794415416798357,0.6931471805599453,False,True,False,False,True,False,0.2,152.94
2.0,12.0,3,1,2,0,8.0,131.31,0,4.88514765405432,2.1972245773362196,1.3862943611198906,False,False,True,False,True,False,1.0,43.77
20.0,9.0,4,5,10,0,10.0,295.48,0,5.691979762537049,2.3978952727983707,1.6094379124341003,True,False,False,False,True,False,0.36363636363636365,14.07047619047619
27.0,14.0,3,3,5,0,4.0,273.14,0,5.613638924803235,1.6094379124341003,1.3862943611198906,True,False,False,False,False,False,0.5,9.754999999999999
9.0,24.0,3,1,2,0,7.0,121.53,0,4.808355897961355,2.0794415416798357,1.3862943611198906,False,False,True,False,False,True,1.0,12.153
15.0,11.0,4,3,11,1,8.0,149.61,1,5.014693714223758,2.1972245773362196,1.6094379124341003,False,False,True,False,True,False,0.3333333333333333,9.350625
14.0,8.0,3,4,2,0,4.0,260.15,0,5.565094954882308,1.6094379124341003,1.3862943611198906,True,False,False,False,False,True,1.0,17.34333333333333
8.0,9.0,5,5,8,0,10.0,184.57,0,5.223432169356247,2.3978952727983707,1.791759469228055,False,True,False,False,False,False,0.5555555555555556,20.507777777777775
1.0,10.0,2,2,3,0,8.0,169.2,0,5.136974216139274,2.1972245773362196,1.0986122886681096,False,False,True,False,False,False,0.5,84.6
30.0,8.0,3,4,5,0,14.0,262.91,0,5.5756081359326926,2.70805020110221,1.3862943611198906,True,False,False,False,True,False,0.5,8.480967741935485
30.0,15.0,4,4,8,0,8.0,322.17,0,5.778178500556554,2.1972245773362196,1.6094379124341003,False,False,False,True,False,True,0.4444444444444444,10.39258064516129
0.0,14.0,3,1,2,1,0.0,125.15,1,4.837471675087067,0.0,1.3862943611198906,False,False,True,False,True,False,1.0,125.15
1.0,7.0,5,5,3,0,8.0,167.94,0,5.129543622299351,2.1972245773362196,1.791759469228055,False,True,False,False,False,True,1.25,83.97
14.0,23.0,4,1,8,1,4.0,204.45,0,5.325202695329419,1.6094379124341003,1.6094379124341003,False,False,False,False,False,True,0.4444444444444444,13.629999999999999
5.0,13.0,3,1,5,0,3.0,192.04,0,5.262897421316776,1.3862943611198906,1.3862943611198906,False,True,False,False,True,False,0.5,32.00666666666667
9.0,30.0,3,4,8,0,8.0,156.74,0,5.060948107969845,2.1972245773362196,1.3862943611198906,False,True,False,False,False,False,0.3333333333333333,15.674000000000001
8.0,12.0,5,1,3,0,14.0,164.86,0,5.111144059023058,2.70805020110221,1.791759469228055,False,True,False,False,True,False,1.25,18.317777777777778
9.0,15.0,4,1,2,0,7.0,196.19,1,5.284167730943595,2.0794415416798357,1.6094379124341003,False,False,False,False,False,True,1.3333333333333333,19.619
1.0,29.0,6,3,3,0,1.0,140.55,1,4.952653011557909,0.6931471805599453,1.9459101490553132,False,False,True,False,True,False,1.5,70.275
18.0,31.0,6,3,4,0,5.0,162.08,0,5.094240877951052,1.791759469228055,1.9459101490553132,False,False,True,False,False,True,1.2,8.530526315789475
30.0,13.0,3,5,11,0,8.0,257.12,0,5.553424593067639,2.1972245773362196,1.3862943611198906,True,False,False,False,False,False,0.25,8.294193548387097
9.0,9.0,4,1,4,0,8.0,182.62,0,5.212868404715554,2.1972245773362196,1.6094379124341003,False,True,False,False,True,False,0.8,18.262
15.0,16.0,3,5,1,0,9.0,267.99,0,5.594674204189652,2.302585092994046,1.3862943611198906,True,False,False,False,True,False,1.5,16.749375
19.0,9.0,4,2,6,0,4.0,176.6,1,5.17953383055807,1.6094379124341003,1.6094379124341003,False,True,False,False,False,True,0.5714285714285714,8.83
27.0,9.0,3,5,3,0,5.0,159.4,0,5.077670695432414,1.791759469228055,1.3862943611198906,False,True,False,False,False,False,0.75,5.692857142857143
4.0,17.0,3,5,2,1,1.0,168.33,0,5.131849473677249,0.6931471805599453,1.3862943611198906,False,True,False,False,False,False,1.0,33.666000000000004
9.0,8.0,3,5,7,1,2.0,120.42,1,4.799255609702288,1.0986122886681096,1.3862943611198906,False,False,True,False,False,False,0.375,12.042
13.0,8.0,4,1,3,1,9.0,189.72,0,5.250806383876985,2.302585092994046,1.6094379124341003,False,True,False,False,True,False,1.0,13.551428571428572
4.0,11.0,3,1,2,0,2.0,154.76,0,5.048316361063944,1.0986122886681096,1.3862943611198906,False,True,False,False,True,False,1.0,30.951999999999998
22.0,31.0,3,5,2,0,4.0,132.11,0,4.891175854058928,1.6094379124341003,1.3862943611198906,False,False,True,False,True,False,1.0,5.743913043478261
9.0,16.0,3,4,6,0,7.0,173.14,1,5.159859573400469,2.0794415416798357,1.3862943611198906,False,False,False,False,True,False,0.42857142857142855,17.314
22.0,17.0,5,4,6,0,10.0,321.65,0,5.776568144381849,2.3978952727983707,1.791759469228055,False,False,False,True,True,False,0.7142857142857143,13.984782608695651
9.0,14.0,5,1,3,0,2.0,151.9,0,5.029784112935016,1.0986122886681096,1.791759469228055,False,False,True,False,True,False,1.25,15.190000000000001
12.0,6.0,3,3,2,1,6.0,291.97,0,5.68007021469645,1.9459101490553132,1.3862943611198906,False,False,False,True,True,False,1.0,22.45923076923077
19.0,8.0,3,1,8,1,2.0,293.28,0,5.684531695064064,1.0986122886681096,1.3862943611198906,False,False,False,True,True,False,0.3333333333333333,14.663999999999998
19.0,12.0,6,5,3,1,5.0,182.69,0,5.213249554157973,1.791759469228055,1.9459101490553132,False,True,False,False,False,True,1.5,9.1345
14.0,15.0,5,4,4,0,9.0,262.57,0,5.574318987350425,2.302585092994046,1.791759469228055,False,False,False,False,True,False,1.0,17.504666666666665
7.0,8.0,4,3,4,0,7.0,127.68,0,4.857328702370825,2.0794415416798357,1.6094379124341003,False,False,True,False,True,False,0.8,15.96
23.0,6.0,3,1,10,0,3.0,273.99,0,5.616734733369035,1.3862943611198906,1.3862943611198906,True,False,False,False,True,False,0.2727272727272727,11.41625
3.0,35.0,4,1,6,0,8.0,150.14,0,5.018206559592573,2.1972245773362196,1.6094379124341003,False,False,True,False,True,False,0.5714285714285714,37.535
8.0,14.0,4,4,2,0,12.0,244.94,0,5.505087603744301,2.5649493574615367,1.6094379124341003,False,False,False,False,False,True,1.3333333333333333,27.215555555555554
6.0,10.0,3,4,6,0,7.0,130.55,0,4.879387007486302,2.0794415416798357,1.3862943611198906,False,True,False,False,True,False,0.42857142857142855,18.650000000000002
4.0,12.0,4,5,7,0,31.0,157.04,0,5.06284816554319,3.4657359027997265,1.6094379124341003,False,False,True,False,True,False,0.5,31.407999999999998
0.0,7.0,3,1,10,1,2.0,147.87,1,5.003073441888966,1.0986122886681096,1.3862943611198906,False,False,True,False,True,False,0.2727272727272727,147.87
11.0,15.0,4,4,1,0,2.0,128.99,0,4.867457524419928,1.0986122886681096,1.6094379124341003,False,False,True,False,True,False,2.0,10.749166666666667
0.0,6.0,3,3,4,0,2.0,129.09,1,4.868226518613468,1.0986122886681096,1.3862943611198906,False,False,True,False,False,False,0.6,129.09
10.0,18.0,5,4,3,0,4.0,189.99,0,5.252221070655064,1.6094379124341003,1.791759469228055,False,True,False,False,False,True,1.25,17.271818181818183
12.0,10.0,4,3,5,0,3.0,153.21,0,5.038315309869565,1.3862943611198906,1.6094379124341003,False,False,True,False,False,False,0.6666666666666666,11.785384615384617
28.0,8.0,4,3,9,0,47.0,230.02,0,5.442504286860534,3.8712010109078907,1.6094379124341003,False,False,False,False,True,False,0.4,7.931724137931035
17.0,16.0,4,3,5,1,8.0,181.79,0,5.208337952928512,2.1972245773362196,1.6094379124341003,False,True,False,False,True,False,0.6666666666666666,10.099444444444444
1.0,35.0,5,4,2,0,7.0,165.49,0,5.114935247556761,2.0794415416798357,1.791759469228055,False,True,False,False,True,False,1.6666666666666667,82.745
23.0,28.0,5,1,2,1,9.0,244.11,0,5.501707089375386,2.302585092994046,1.791759469228055,True,False,False,False,False,True,1.6666666666666667,10.17125
12.0,5.0,4,2,2,0,3.0,292.72,0,5.68262693258341,1.3862943611198906,1.6094379124341003,False,False,False,True,False,False,1.3333333333333333,22.516923076923078
11.0,7.0,4,2,4,1,3.0,261.03,0,5.568459001022829,1.3862943611198906,1.6094379124341003,False,False,False,False,True,False,0.8,21.752499999999998
9.0,26.0,3,3,5,0,0.0,122.59,0,4.8169696356016445,0.0,1.3862943611198906,False,False,True,False,True,False,0.5,12.259
13.0,7.0,2,1,2,0,47.0,221.13,0,5.403262796069531,3.8712010109078907,1.0986122886681096,False,False,False,False,True,False,0.6666666666666666,15.795
13.0,14.0,3,1,4,1,2.0,140.69,0,4.953641572576135,1.0986122886681096,1.3862943611198906,False,True,False,False,True,False,0.6,10.049285714285714
1.0,14.0,3,1,2,0,2.0,133.1,0,4.898585790287632,1.0986122886681096,1.3862943611198906,False,False,True,False,False,True,1.0,66.55
2.0,14.0,5,5,4,0,7.0,197.15,0,5.289024319636444,2.0794415416798357,1.791759469228055,False,True,False,False,True,False,1.0,65.71666666666667
3.0,12.0,4,2,1,0,7.0,146.27,0,4.992267636738071,2.0794415416798357,1.6094379124341003,False,True,False,False,False,False,2.0,36.5675
16.0,20.0,3,5,7,0,0.0,271.59,0,5.607968834803799,0.0,1.3862943611198906,True,False,False,False,True,False,0.375,15.975882352941175
8.0,9.0,2,1,2,1,3.0,154.32,0,5.045487504863466,1.3862943611198906,1.0986122886681096,False,False,True,False,True,False,0.6666666666666666,17.146666666666665
3.0,9.0,4,4,2,0,3.0,156.8,0,5.061328408411774,1.3862943611198906,1.6094379124341003,False,False,True,False,False,False,1.3333333333333333,39.2
3.0,14.0,3,4,2,0,0.0,124.76,0,4.834375328680896,0.0,1.3862943611198906,False,False,True,False,False,False,1.0,31.19
15.0,29.0,4,2,5,1,4.0,179.67,0,5.196672162785836,1.6094379124341003,1.6094379124341003,False,True,False,False,True,False,0.6666666666666666,11.229375
9.0,28.0,3,3,2,1,0.0,116.75,1,4.768563732896527,0.0,1.3862943611198906,False,False,True,False,False,True,1.0,11.675
5.0,13.0,1,4,2,0,3.0,127.94,0,4.859347179882474,1.3862943611198906,0.6931471805599453,False,False,True,False,True,False,0.3333333333333333,21.323333333333334
7.0,11.0,4,4,7,0,8.0,155.55,0,5.053375447772415,2.1972245773362196,1.6094379124341003,False,True,False,False,True,False,0.5,19.44375
0.0,6.0,4,5,2,0,7.0,142.94,0,4.9693965460796585,2.0794415416798357,1.6094379124341003,False,True,False,False,False,True,1.3333333333333333,142.94
5.0,12.0,4,1,2,1,4.0,173.21,0,5.160261468052068,1.6094379124341003,1.6094379124341003,False,False,True,False,True,False,1.3333333333333333,28.868333333333336
1.0,12.0,3,5,3,0,6.0,165.0,0,5.111987788356544,1.9459101490553132,1.3862943611198906,False,True,False,False,True,False,0.75,82.5
8.0,17.0,3,3,8,1,2.0,126.6,0,4.848900370910689,1.0986122886681096,1.3862943611198906,False,False,True,False,True,False,0.3333333333333333,14.066666666666666
17.0,21.0,4,5,8,0,1.0,296.59,0,5.6957167002438345,0.6931471805599453,1.6094379124341003,True,False,False,False,False,False,0.4444444444444444,16.47722222222222
0.0,14.0,3,4,2,0,7.0,162.14,0,5.094608727872434,2.0794415416798357,1.3862943611198906,False,True,False,False,True,False,1.0,162.14
12.0,26.0,3,1,3,0,2.0,141.27,0,4.957726660663075,1.0986122886681096,1.3862943611198906,False,True,False,False,True,False,0.75,10.866923076923078
15.0,11.0,6,4,8,0,3.0,189.3,0,5.248601774302104,1.3862943611198906,1.9459101490553132,False,True,False,False,True,False,0.6666666666666666,11.83125
2.0,12.0,4,4,2,0,0.0,128.04,0,4.8601224338169535,0.0,1.6094379124341003,False,False,True,False,True,False,1.3333333333333333,42.68
7.0,17.0,2,3,2,1,9.0,208.8,0,5.346154695962197,2.302585092994046,1.0986122886681096,False,False,False,False,True,False,0.6666666666666666,26.1
7.0,32.0,5,4,3,0,3.0,168.2,0,5.1310814471721224,1.3862943611198906,1.791759469228055,False,True,False,False,False,True,1.25,21.025
13.0,16.0,4,1,4,0,4.0,319.31,0,5.769289276858321,1.6094379124341003,1.6094379124341003,False,False,False,True,False,True,0.8,22.80785714285714
14.0,29.0,3,3,4,1,2.0,170.82,0,5.14644741720991,1.0986122886681096,1.3862943611198906,False,False,False,False,False,True,0.6,11.388
7.0,24.0,4,3,3,0,1.0,299.44,0,5.705248066817811,0.6931471805599453,1.6094379124341003,True,False,False,False,False,True,1.0,37.43
6.0,14.0,2,4,3,0,4.0,152.94,0,5.036562916106171,1.6094379124341003,1.0986122886681096,False,False,True,False,True,False,0.5,21.84857142857143
7.0,14.0,1,3,1,0,0.0,125.85,0,4.843005286045291,0.0,0.6931471805599453,False,False,True,False,True,False,0.5,15.73125
1.0,18.0,2,3,2,0,4.0,165.11,0,5.112650219502986,1.6094379124341003,1.0986122886681096,False,True,False,False,True,False,0.6666666666666666,82.555
28.0,8.0,4,1,9,0,4.0,126.62,0,4.849057098440201,1.6094379124341003,1.6094379124341003,False,False,True,False,True,False,0.4,4.3662068965517244
5.0,30.0,5,2,2,0,9.0,180.82,0,5.203017186693712,2.302585092994046,1.791759469228055,False,True,False,False,False,False,1.6666666666666667,30.136666666666667
18.0,6.0,1,1,1,0,7.0,292.02,0,5.6802408660731665,2.0794415416798357,0.6931471805599453,False,False,False,True,True,False,0.5,15.369473684210526
18.0,8.0,3,3,5,0,7.0,151.54,0,5.027426856736092,2.0794415416798357,1.3862943611198906,False,True,False,False,True,False,0.5,7.97578947368421
5.0,11.0,4,4,4,0,5.0,158.78,0,5.073797869053896,1.791759469228055,1.6094379124341003,False,True,False,False,True,False,0.8,26.463333333333335
16.0,15.0,4,4,2,0,3.0,193.25,0,5.269145989247757,1.3862943611198906,1.6094379124341003,False,True,False,False,True,False,1.3333333333333333,11.367647058823529
9.0,16.0,3,4,2,0,2.0,122.97,0,4.8200396008500555,1.0986122886681096,1.3862943611198906,False,False,True,False,True,False,1.0,12.297
4.0,10.0,4,3,3,0,1.0,145.83,0,4.989275454974846,0.6931471805599453,1.6094379124341003,False,False,True,False,True,False,1.0,29.166000000000004
8.0,9.0,2,1,2,1,3.0,154.32,0,5.045487504863466,1.3862943611198906,1.0986122886681096,False,False,True,False,True,False,0.6666666666666666,17.146666666666665
26.0,8.0,4,4,3,0,12.0,175.25,0,5.171903441692378,2.5649493574615367,1.6094379124341003,False,False,False,False,True,False,1.0,6.4907407407407405
6.0,17.0,4,1,10,0,1.0,171.48,0,5.150281287720632,0.6931471805599453,1.6094379124341003,False,True,False,False,False,True,0.36363636363636365,24.497142857142855
2.0,23.0,4,3,3,0,5.0,146.44,0,4.9934213133615675,1.791759469228055,1.6094379124341003,False,False,True,False,False,True,1.0,48.81333333333333
1.0,34.0,4,1,3,1,8.0,183.13,1,5.215642029879128,2.1972245773362196,1.6094379124341003,False,True,False,False,False,True,1.0,91.565
17.0,14.0,2,1,6,0,3.0,145.89,0,4.989684007343324,1.3862943611198906,1.0986122886681096,False,False,True,False,True,False,0.2857142857142857,8.104999999999999
16.0,36.0,6,1,6,0,1.0,167.72,0,5.1282405361705194,0.6931471805599453,1.9459101490553132,False,True,False,False,False,True,0.8571428571428571,9.865882352941176
5.0,9.0,6,1,3,1,1.0,136.29,0,4.922095476909513,0.6931471805599453,1.9459101490553132,False,False,True,False,True,False,1.5,22.715
31.0,36.0,5,2,5,0,1.0,266.18,0,5.587922588561666,0.6931471805599453,1.791759469228055,True,False,False,False,True,False,0.8333333333333334,8.318125
9.0,9.0,3,3,2,0,0.0,114.2,1,4.746669748261791,0.0,1.3862943611198906,False,False,True,False,False,True,1.0,11.42
4.0,35.0,4,1,3,0,10.0,182.75,0,5.213576138092946,2.3978952727983707,1.6094379124341003,False,True,False,False,True,False,1.0,36.55
20.0,7.0,4,5,9,0,47.0,218.96,0,5.393445711639614,3.8712010109078907,1.6094379124341003,False,False,False,False,True,False,0.4,10.426666666666668
5.0,8.0,3,3,5,1,7.0,149.98,0,5.017147377711479,2.0794415416798357,1.3862943611198906,False,True,False,False,False,True,0.5,24.996666666666666
9.0,24.0,4,5,5,1,47.0,214.66,0,5.373703093453926,3.8712010109078907,1.6094379124341003,False,True,False,False,False,False,0.6666666666666666,21.466
1.0,14.0,4,3,5,1,8.0,158.39,1,5.071354029130961,2.1972245773362196,1.6094379124341003,False,False,True,False,True,False,0.6666666666666666,79.195
8.0,13.0,3,3,4,0,6.0,202.21,0,5.314239927091852,1.9459101490553132,1.3862943611198906,False,False,False,False,False,True,0.6,22.46777777777778
14.0,8.0,4,1,10,0,1.0,149.06,0,5.011035214117583,0.6931471805599453,1.6094379124341003,False,False,True,False,True,False,0.36363636363636365,9.937333333333333
0.0,14.0,3,3,2,0,2.0,126.1,1,4.844974178195408,1.0986122886681096,1.3862943611198906,False,False,True,False,True,False,1.0,126.1
9.0,8.0,3,4,10,1,12.0,154.1,0,5.044070070182493,2.5649493574615367,1.3862943611198906,False,True,False,False,False,True,0.2727272727272727,15.41
0.0,14.0,4,1,2,1,0.0,124.39,1,4.831428880202447,0.0,1.6094379124341003,False,False,True,False,False,True,1.3333333333333333,124.39
13.0,7.0,4,3,9,0,3.0,147.32,0,4.999372101817545,1.3862943611198906,1.6094379124341003,False,False,True,False,True,False,0.4,10.522857142857143
1.0,31.0,4,4,10,0,3.0,160.97,0,5.087411132898305,1.3862943611198906,1.6094379124341003,False,False,True,False,False,True,0.36363636363636365,80.485
15.0,18.0,3,1,4,1,0.0,150.87,0,5.023024891742178,0.0,1.3862943611198906,False,True,False,False,True,False,0.6,9.429375
2.0,28.0,2,4,8,0,47.0,219.96,0,5.397981689660982,3.8712010109078907,1.0986122886681096,False,False,False,False,True,False,0.2222222222222222,73.32000000000001
15.0,11.0,3,4,10,1,7.0,184.46,1,5.22283922537208,2.0794415416798357,1.3862943611198906,False,False,False,False,False,True,0.2727272727272727,11.52875
15.0,10.0,3,5,8,0,5.0,151.55,0,5.027492411162679,1.791759469228055,1.3862943611198906,False,True,False,False,False,True,0.3333333333333333,9.471875
2.0,14.0,3,5,8,1,2.0,124.04,1,4.828633686113221,1.0986122886681096,1.3862943611198906,False,False,True,False,False,False,0.3333333333333333,41.34666666666667
28.0,26.0,4,5,11,1,5.0,179.85,0,5.197667958398107,1.791759469228055,1.6094379124341003,False,True,False,False,True,False,0.3333333333333333,6.201724137931034
11.0,7.0,3,4,1,1,2.0,129.91,0,4.874510064192008,1.0986122886681096,1.3862943611198906,False,False,True,False,True,False,1.5,10.825833333333334
9.0,32.0,5,4,5,0,9.0,234.03,0,5.459713165570837,2.302585092994046,1.791759469228055,False,False,False,False,False,False,0.8333333333333334,23.403
16.0,21.0,4,2,4,0,2.0,168.04,0,5.130135373307802,1.0986122886681096,1.6094379124341003,False,True,False,False,False,False,0.8,9.884705882352941
12.0,7.0,3,2,2,0,9.0,201.25,0,5.309504555938601,2.302585092994046,1.3862943611198906,False,True,False,False,False,True,1.0,15.48076923076923
11.0,23.0,4,3,1,0,9.0,188.23,0,5.242963206415959,2.302585092994046,1.6094379124341003,False,False,False,False,False,False,2.0,15.685833333333333
17.0,10.0,1,5,2,0,13.0,291.9,0,5.6798312538336875,2.639057329615259,0.6931471805599453,False,False,False,True,True,False,0.3333333333333333,16.216666666666665
5.0,19.0,4,4,2,0,2.0,127.43,0,4.855384008824965,1.0986122886681096,1.6094379124341003,False,False,True,False,False,False,1.3333333333333333,21.238333333333333
0.0,24.0,3,1,2,0,0.0,126.93,1,4.851483239328943,0.0,1.3862943611198906,False,False,True,False,False,True,1.0,126.93
4.0,6.0,5,3,1,0,4.0,143.45,0,4.9729334269122445,1.6094379124341003,1.791759469228055,False,True,False,False,False,False,2.5,28.689999999999998
1.0,33.0,5,5,1,0,0.0,148.77,0,5.009100784004304,0.0,1.791759469228055,False,True,False,False,True,False,2.5,74.385
12.0,8.0,4,3,2,0,10.0,145.53,0,4.987230185649934,2.3978952727983707,1.6094379124341003,False,True,False,False,False,True,1.3333333333333333,11.194615384615386
26.0,8.0,3,3,7,0,2.0,248.52,0,5.519539072299548,1.0986122886681096,1.3862943611198906,True,False,False,False,True,False,0.375,9.204444444444444
14.0,16.0,4,4,10,1,1.0,161.17,0,5.088645167731283,0.6931471805599453,1.6094379124341003,False,False,True,False,True,False,0.36363636363636365,10.744666666666665
1.0,11.0,4,1,3,1,3.0,153.75,0,5.041810911564705,1.3862943611198906,1.6094379124341003,False,False,True,False,False,True,1.0,76.875
4.0,26.0,1,1,1,0,2.0,127.91,0,4.859114486455013,1.0986122886681096,0.6931471805599453,False,False,True,False,True,False,0.5,25.582
14.0,26.0,4,2,10,1,8.0,152.41,0,5.033114075856682,2.1972245773362196,1.6094379124341003,False,True,False,False,False,False,0.36363636363636365,10.160666666666666
9.0,8.0,4,3,2,0,2.0,120.44,1,4.79942031364732,1.0986122886681096,1.6094379124341003,False,False,True,False,False,True,1.3333333333333333,12.044
15.0,8.0,4,1,4,0,0.0,167.81,0,5.128773822113297,0.0,1.6094379124341003,False,True,False,False,False,True,0.8,10.488125
10.0,25.0,4,2,3,0,8.0,146.53,0,4.994031544929475,2.1972245773362196,1.6094379124341003,False,False,True,False,False,True,1.0,13.32090909090909
19.0,8.0,3,1,3,0,4.0,173.79,0,5.163585253346995,1.6094379124341003,1.3862943611198906,False,True,False,False,True,False,0.75,8.689499999999999
6.0,11.0,4,1,5,0,2.0,171.19,0,5.148598518298094,1.0986122886681096,1.6094379124341003,False,False,False,False,True,False,0.6666666666666666,24.455714285714286
22.0,17.0,3,1,4,0,4.0,145.07,0,4.984085958862719,1.6094379124341003,1.3862943611198906,False,True,False,False,False,True,0.6,6.307391304347826
14.0,18.0,3,2,4,1,0.0,147.66,0,5.001661819297148,0.0,1.3862943611198906,False,False,True,False,False,False,0.6,9.844
20.0,15.0,5,5,10,1,8.0,171.15,0,5.148366189784533,2.1972245773362196,1.791759469228055,False,True,False,False,True,False,0.45454545454545453,8.15
25.0,15.0,5,4,7,0,8.0,249.9,0,5.525054453372377,2.1972245773362196,1.791759469228055,False,False,False,False,True,False,0.625,9.611538461538462
10.0,25.0,3,3,4,0,2.0,157.68,0,5.0668895956461295,1.0986122886681096,1.3862943611198906,False,True,False,False,True,False,0.6,14.334545454545456
26.0,7.0,4,1,4,0,9.0,295.99,0,5.693698468202181,2.302585092994046,1.6094379124341003,True,False,False,False,True,False,0.8,10.962592592592593
28.0,9.0,5,3,8,0,1.0,231.86,0,5.45043741460887,0.6931471805599453,1.791759469228055,False,False,False,False,True,False,0.5555555555555556,7.995172413793104
8.0,7.0,2,2,4,0,4.0,157.8,0,5.067645548813036,1.6094379124341003,1.0986122886681096,False,False,True,False,False,True,0.4,17.533333333333335
30.0,6.0,5,3,3,1,2.0,156.6,0,5.060060177423779,1.0986122886681096,1.791759469228055,False,True,False,False,True,False,1.25,5.051612903225807
6.0,14.0,4,3,10,1,0.0,124.37,1,4.831269365127934,0.0,1.6094379124341003,False,False,True,False,True,False,0.36363636363636365,17.767142857142858
2.0,7.0,3,5,1,0,2.0,153.73,0,5.041681662501581,1.0986122886681096,1.3862943611198906,False,True,False,False,True,False,1.5,51.24333333333333
